72,1:12 I really want to know what is this song,0
40,"0:40 the melody he played here, I think he played it too in IN THE SOOP? Am I wrong? It's too beautiful",0
44,0:44 I really want to know this song but I can't,1
69,"1:09 the melody listen like winter bear, omg spoiler desde entonces ya",0
27,0:27 what song ?,0
145,"2:25 twinkle twinkle little star
Perfect 💜💜💜💜💜💜💜💜💜😍",1
141,"2:21 wonder....

if u know u know",0
89,1:29 sweet night tono arriba? :0,4
64,1:04 Is this song look like winter bear? Slow version,0
67,"1:07 to 1:45 ... Really hits different..
Multi-talented king taehyung 💜",0
30,"0:30 he's always playing that tune!!! Lol, I would do the same cause it's probably the only tune I would know!!",0
27,0:27 isn’t that the donau wales??,0
120,2:00 Twinkle Twinkle Little Star by KTH,1
126,2:06 sound like oceans song,0
43,0:43,0
26,0:26 JAJAJAJAJAJAJAJA EL DE LOS HELADOS,0
44,0:44 he needs to have a ballad song to this melody 💜,1
44,00:44 I'd die just to listen to this whole song 😔😔,0
95,1:35 what song please,0
67,1:07 what song???? I want to play it really badly,0
43,"0:43 0:43 0:43 0:43 
0:43 0:43 0:43 0:43
태형이가 작곡한 노래💜
너무 좋아 잠와.....❤️",0
68,1:08 sounds A LOT like the main tune for Winter Bear 😯 💜,0
120,2:00 twinkle twinkle little star...,2
27,0:27 la musiquita del carrito  de las nieves en Mexico 😂😂😂 te amo  V,0
27,"0:27 
I know this song....
PD: if you know the name of the song say me",5
10,0:10 He’s look was like “ahem...you can’t tell me that I’m not a good pianist...”,18
42,0:42の曲名何ですか？,0
153,2:33 Tae does that when he messes up... I literally just band my head against the piano,0
35,0:35 I’ve replayed that like 10 times now,1
65,"1:05 song name plssss
I could listen to it all day 
Taehyung your my bias forever I purple you so much💜💜",24
27,00:27 Senbonzakura? (?,1
68,1:08 unity in darkness?,0
90,1:30 so calming...,0
46,0:46 pls give me the song name,1
69,1:09 pls can someone tell me what song is it??,0
69,1:09 ???,0
67,1:07 What song?,1
107,1:47 Tae's mixtape,0
28,0:28 who know what is the name of that piano song??,0
26,0:26 saquen las nieveeees!!!,0
45,"0:45-1:47 i really like it,Taehyung a",9
156,2:36 me playing a piano,3
126,2:06 started playing Yeontan's song 😂😂,5
151,2:31 어떻게 그래도 엄펑 잘 치는 것 같지;;,0
31,0:31 why did he talk like he’s still in hwarang idk i got that vibe from the sentence XD,4
22,"0:22 sounds similar to singam title track ..😯😯
Do I am the only one who thought that...😭😖
INDIAN ARMY😇💜💜",3
72,"1:12 what is this song that he is playing?? Did he made it up on his own? It sounds so melancholy yet soothing, I love the melody 💖🎶",16
66,1:06 태형이가 치는 이 곡 뭔가요 ??? 너무 좋은데 ㅠㅠㅠㅠㅠㅠ,0
68,"1:08
Take a screenshot,I know you need it",0
35,00:35¿¿¿¿?,0
66,1:06❤🐯❤,0
150,2:30 me whenever I see a piano,0
68,1:08 what piano instrumen?,0
44,0:44 please i really need a full version of this taehyung it's sooooooo beautiful do a vlive and play it for us i miss you please 💔,1287
67,1:07 - 1:45 What song can you tell me? 😢,2
120,2:00 Que coisa mais fofa😍,1
91,1:31 omg I make that face while I play LOL,0
95,1:35 que canción es?😻😻😻,0
68,1:08 자막 무슨 일이에요 ㅋㅋㅋㅋㅋㅋ 미연시 겜같아...,0
27,0:27 고양이춤 아닙니까아...??,0
28,0:28 젓가락 행진곡이 아니라 고양이 뭐시기 아닝가ㅋㅋㅋ,1
42,0:42 does anybody know the song,0
65,1:05 he is playing scenery?,0
33,0:33 q pedo ese sonó como el de las nieves q pasa por mi casa XD jsksks,1
39,"0:39
e-excuse me sorry, but that isn't allowed here",2
44,0:44 what song is this?,1
31,0:31 that tune i was first taught by my mum and finally after the longest time I’ve now begun indulging in improving my piano skills,2
118,"1:58 şey değil mi ya , Daha dün annemizin kollarında yaşarken falan 😅🤣💜",1
39,0:39 - 1:45 what's that beautiful song called??😭😭,1
40,00:40 alguien sabe el nombre de la canción?,0
151,2:31- 2:38 *I busted a lung laughing at that ahhahaha i love Tae’s extraness* 😭😂💜💁🏾‍♀️,0
116,1:56 كأني عم اسمع جوني جوني يس بابا🌚,1
142,"2:22
""Estrellita donde estas quiero verte titilar""",1
66,1:06 우리 학교와줘 오빠ㅠㅠㅠㅠ맨날 보러갈께요ㅠㅠㅠㅠㅠㅠ😻,2
150,2:30 Why was me in every important music lessons,0
161,2:41 aigoo tae~~,0
28,"00:28 젓가락행진곡 아닌데..
고양이춤인가?? 그걸텐데",0
68,1:08 주접킹 ㅋㅋㅋㅋㅋㅋㅋㅋㅋㅋㅋㅋ 기억난다 .... 방과 후 음악실에서 피아노를 치던 잘생긴 선배 몰래 훔쳐보기만 하고 말도 걸어보지 못했지 ㅋㅋㅋㅋㅋㅋㅋㅋㅋㅋㅋㅋㅋㅋㅋㅋㅋㅋㅋㅋㅋㅋ 웃겨 ㅠㅠ,2
152,"2:32 ya te habías tardado bb 💖💝💞😂😂😂 
yo haría lo mismo",0
117,1:57 that's the only piece i can play with a piano and an acoustic guitar😂,1
28,0:28 엥 젓가락 행진곡? 아닌데 고양이춤..인데,0
43,0:43-1:46 wow that was ethereal ✨🥺,0
27,0:27 el de las Nieves..,0
27,0:27 jaja piano tiles xd,0
27,0:27 what is the song title i’ve heard it from somewhere before,1
33,0:33 Fake Love,0
93,1:33 ㅆㅇㅈ,0
27,0:27 EL CARRITO DE LAS NIEVES!!!,0
27,0:27 la canción de los helados 😅🍦 lo siento lo tenia que decir,0
116,"1:56
Estrellita dónde estás? xD✨✨",1
118,1:58 'twinkle twinkle little star how i wonder what you are 'uwu baby💜,0
27,"0:27 두번째 곡은 ""젓가락 행진곡""이 아니라
""고양이 춤"" 입니다!

(저도 그것만 칠 수 있어서 알아요..)",1
27,0:27 젓가락 행진곡 아닌뎁쇼,0
27,0:27 젓가락.. 행진곡이요..? 고양이 춤인데..,0
65,1:05 to 1:06 is soo beautiful❤its sooo sad😢his an angel😇,3
93,1:33 anybody know what song this is? :),0
69,1:09 Edvard Greig - Peer Gynt?,0
151,2:31 e 2:37 eu tenho muiaaaaa  vontade de fazer issi,0
28,"0:28 nieves!!! :V 
❤❤❤❤❤",0
133,"2:13 : level me
2:22 : *level V*",0
42,0:42  *thought he was gonna start playing Don't Stop Believing* 😂😂😂,0
41,0:41 song?,1
42,0:42 what melody is he playing. I’ve heard it somewhere before. Can someone please help?,0
26,"0:26 AAAAAAAAAAAAAAAAAAAAAAAAA, COSITA.",2
27,"0:27 
Tae es el nuevo señor del helado siksi",0
30,0:30 el de las nieves ajjajaja,0
46,0:46 1:45 como se llama esa cancion que esta tocando Tae?,0
117,"1:57 estrellita donde estas....quiero verte tintilar :v🎶
2:36 wow woow tranquilo mi tae tae xD",0
28,"0:28 como se llama la canción?

What song it is ?",0
28,0:28 La canción de las nieves xddd (creo que si no son de México no van a entender),54
66,1:06 this part and he is so beautiful and peaceful💜,2
27,0:27 Casual tocando la de los conos JAJAJAJA,0
106,1:46-2:20 sounds like me trying to figure out a song. Hahaha!,0
27,0:27  wee la canción de los helados xd,0
67,1:07 that sound so beautifully :'). Damn,0
68,1:08 What is he playing anyone knows ? It's lovely,0
150,2:30 yo en la vida :'v,0
110,"1:50
Estrellita donde estas",0
151,"2:31 Beethoven watch out, someone’s coming for your tittle 😂😂😂😂😂",0
100,1:40 J- HOOOOOOOPE❣❣❣❣❣,0
27,0:27 la canción de los helados 😂,0
43,0:43-1:45 need a full version of this taeeeee!! 😭😭💜💜💜💜,0
66,1:06 자막 무엇ㅋㅋㅋㅋㅋㅋㅋ개웃곀ㅋㅋㅋㅋㅋㅋㅋㅋㅋ인소갬성인갘ㅋㅋㅋㅋ,0
27,0:27 Jajaja tocó la canción de las nieves jajaja XD,1
133,2:13 у Тэхена такие длинные ногти...,0
95,1:35 أموووت يعني أنا خفف حلاوة و جمال يا ابن كيم,0
27,"0:27 
¡LA CANCIÓN DE LOS HELADOS!

Ah sorry no me resistí 

¡ES TAN HERMOSO! LO AMO",0
136,2:16 Jonny Jonny yes papa😂,0
157,"2:37
Mckxmxdsobcnc",0
27,0:27 자막..젓가락행진곡 아니고 고양이춤..😂,0
29,0:29 me recordó al señor que vendía helados en su combi  alv XD,17
11,"0:11 "" Si marie ay may kuting, may kuting may kuting"" that sounds tho filipino ppl will understand aff hahahahhaahaha",0
35,0:35 ilysfm :(,0
130,"2:10 ESTRELLITA DONDE ESTAS QUIERO VERTE TITULAR EN EL CIELO BRILLAS TU UNDIAMENTE ENCUENTRAS TU ESTRELLITA DONDE ESTAS 
#TAMAZO jdkqbfianr eso me cantaba mi mamá para que me duerma AHHHHHHH",0
65,"1:05 Que música será essa que ele tanto toca, a melodia é tão linda e suave 🤧💜 meu bebê toca tão bem.",6
68,"1:08 eyes, red hair, eyeglasses... so cute😍 Im death 🔥🔫",3
119,"1:59 Our TaeTae is learning nursery rhymes :')
He's finally growing up :')",0
142,2:22 WAS THAT TWINKLE TWINKLE LITTLE STAR??😂😂😂,0
88,1:28 Ese anillo!!😑AHHH es el que cargaba Jennie de BlackPink!😨😱(Taennie is real?)😄,1
107,"1:47 я тоже играла такое когда-то) думаю, все это играли)",3
68,1:08 자막 뭔뎈ㅋㅋㅋㅋㅋ 주접킹이야?ㅋㅋㅋㅋ,1
67,1:07 아닠ㅋㅋㅋㅋㅋㅋㅋㅋ 1분 7초부터 자막 너무 시선강탈 ..,0
80,1:20 What song is he playing??,0
141,"2:21 Okay Twinkle Twinkle-
2:25 WUT OKAY LOL BYE





Ugh I love him so much. Red hair Tae please come backkkk",1
27,0:27 я тоже умер ета играть,0
117,1:57 the only song i can play on a piano,0
116,"1:56 How I play twinkle twinkle little star on piano
2:23 how Kim Taehyung plays it",2
146,"2:26 🌌💛💜_Brilha Brilha Estrelinha,Quero Ver Você Brilhar_💜❤.#Taehyung",90
126,"2:06 2:27 star where you asked me that you will be, in the sky and in the sea a diamond really. 🎵",0
161,"2:41 de pura beleza
2:31
Se eu tocasse piano kkkkk (cada k é uma lagrima) TwT",1
67,1:07 What is the song? 😭😭,0
67,1:07 what is the song? :(,0
28,"0:28 me recordó a un carro de nieves que pasa por mi casa JAJA
Lo amo uwu",0
68,1:08 진짜 영상편집 누가하는거야? 뜬금대사에 엄청 웃었다ㅋㅋㅋ,0
42,"0:42-1:45 when he was playing this part, I just felt something strange, until I found myself closing my eyes then suddenly brought me into a beautiful quiet place, it was surreal. It was very peaceful. All in all, it sounds like an OST of a TV series ( where me & Taehyung-ah were the lead characters! hahahaha xD ) ! ^^",0
156,2:36 idk why but i died,1
118,1:58 daha dün annelerimizi mi cald-,0
43,0:43 what’s song,0
156,"2:36여기 진짜 힘든건데..ㄷㄷ
피아노 치시는분들은 아시겠지만
저거 진짜 손톱 나갈것같아요...",0
118,"1:58 
estrellita, donde estas? 
Quiero verte titilar
En el cielo sobre el mar,
un diamante de verdad
estrellita, donde estas?
Me pregunto que seras.",0
45,0:45 what song does he played????,0
22,0:22 Is he a human or angel... ❤,1
156,2:36 hahahahaha,0
67,1:07 ❤❤,0
67,1:07 its verry .. beautiful ❤ i like it,0
107,1:47 😤😤🔥🔥🔥,0
68,1:08 Tae looks like a cute little old man ☺,1
28,0:28 la canción de los helados xd,0
27,0:27 jaja tocando la canción de los conos 😂💖 los que viven o vivieron en México entenderán 😂😂💖,0
33,0:33 tae toca toca musica infantil!,0
27,0:27 은 고양이 춤 아닌가..,0
28,0:28 I also now this song 😆😆😆😆😆😆😆,0
143,"2:23 Little star, right?",0
153,2:33 is me whenever I get to play with piano😂,0
93,1:33  army.... can you tell me that song pleasee 😄,0
28,0:28 젓가락 행진곡이 아니라 고양이 춤 아닌가요...ㅠ,0
150,2:30 literally me after I messed up a note or finished a song,0
95,1:35 alguien sabe que melodia toca?,0
149,2:29 hihi so cute,0
118,1:58 awwww me encanto que la tocara :3 esa es la unica que se tocar :v,0
26,0:26 저거 젓가락 행진곡이 아니라 그 고양이 뭐시기 저 그거 아니에요..? 젓가락 행진곡은 손가락 두개로 뚱땅땅 하는거잖아요 그 달방에서 핸드벨 흔들때 나온거요....,2
27,0:27 젓가락 행진곡 아니에요! 오타 수정 부탁드립니다 ㅠㅠ,1
40,0:40-1:45 😢,0
136,2:16 cái điệu nhạc quen quá mà không nhớ tên gì,0
68,1:08 Dead,0
28,0:28에서 젓가락 행진곡이 아니라 고양이춤 이라는 노래 아닌가요ㅜㅠ,0
130,2:10  sevinçliyiz hepimiz yaşasin okuluuumuuzzzz. Bilen bilir bunu.,1
27,0:27 젓가락 행진곡...?,0
131,2:11 what was that in the background??😂💗 A baby?,0
150,2:30 that's true talent okay 😔👏💜,0
117,"1:57 только умею ,а нет.. НИЧЕГО не умею играть 😀",0
35,0:35 cutest baby boy uwu,0
42,"0:42
으어어 너무 좋다💜",1
159,2:39...هي الضحكة ❤,0
60,1:00 this part he played in RM's vlive too... It's sounds so good I hope he is making a song with that melody😭😭💜💜,0
32,0:32 Tae Hyung: i m so sad that i can play just only this after a few years. 발번역이지만 대충 알아만 들으시라고...,0
106,1:46 *twinkol twinkol litol stur*,0
27,0:27 that piano song is on piano tiles game right? hEhE,0
70,1:10 1:15 자막 진짜ㅋㅋㅋㅋㅋㅋㅋㅋㅋㅋㅋㅋㅋㅋㅋㅋㅋㅋㅋㅋ생각만 해도 오글거리던 그때... 그래도 잘생겼으니 됐어...!ㅎㅎ,2
27,0:27 젓가락 행진곡 아닌데욥....,1
144,2:24 estrellita donde estas quiero verte titilar! En el cielo tu estas y n m acuerdo más jajajja😂😂😂,0
135,"2:15 он играет эту мелодию!!!
Я когда а музыкальной школе училась тоже её играла и пела.
Тупая песенка конечно: как под горкой под горой торговал мужик золой, картошка моя вся поджаренная!",0
26,0:26 젓가락행진곡이 아니라 고양이 춤 아닌가...??,0
84,1:24 what's song?,0
29,"0:29 자막 젓가락 행진곡이 아니고꙼̈ 고양이 춤 인디 ,,",0
45,00:45 name of the melody?,0
134,2:14 he has such pretty hands 🥰,1
27,"00:27 두번째 곡은 젓가락 행진곡이 아니라 ""고양이 행진곡""인데...ㅋㅋㅋ태형이가 젓가락 행진곡에 하도 시달려서 편집자님 눈에 안타까워 보였나보네요ㅋㅋㅋㅋ",0
28,0:28에 젓가락 행진곡이 아니라 고양이춤인데..,0
27,0:27 which song is this?,0
144,2:24 q mãos perfeitas,0
28,00:28 젓가락 행진곡 아니에요 ㅠㅠㅠㅠㅠ,0
35,0:35 Tae why so cute?😝💜,2
68,1:08 자막무엇ㅋㅋㅋㅋㅋㅋㅋㅋㅋ 실제로 존재 안하잖아요 저런 선배 ㅜㅜㅜ,1
153,2:33 this is what you call: *S K I L L*,0
28,"0:28 '젓가락행진곡' 아니고 '고양이 춤'이라는 곡입니다.

 0:28 It's not 'Chopsticks' but 'Cats Dance.'",1
30,0:30 초 피아노곡 젓가락 행진곡 아니지 않나여...? 아 그리고 태형오빠 피아노 치는 거 왜 이리 멋있나여ㅠㅠㅠㅠ 흐허,1
158,2:38 so cute,0
65,"1:05 WHAT'S THAT SONG!?? 💜
AND TAE IS SO TALENTED 💞",0
26,0:26 ESA CANCIÓN ME LA SÉ AHAHHAHSHAHHA UNA CANCIÓN PORFÍN EN COMÚN HAHAHAHHA,0
150,2:30 is me trying to play the piano,0
132,2:12 손가락 겁나 예뻐!!,1
28,0:28 이거 젓가락행진곡 아니고 고양이춤 이에요!!!!!!,0
62,"1:02 
Боже это потрясающе😍😍😍 как мне это скачать",0
26,0:26 젓가락 행진곡말구...고양이 춤...인데오....,0
27,"0:27 OMG I learnt that song when I was 5 😂 
At least V and I can play the same piece 🙃 (song name is 'Not So Hard')",0
29,0:29 can anybody tell me what's the piece he's playing?? im pretty sure i played it on piano tiles before 😅 and its frustrating that i can't remember the title,0
27,"0:27
O.O 
ITS THE SONG THAT I JUST PLAY AN HOUR AGO!!! O.O *le jungshook*

1:47
AND THATS THE SONG I ALSO PLAYED 2 HOURS AGO!!!",0
28,0:28 젓가락 행진곡이 아니라  고양이 춤인가?그럴텐데,0
115,1:55 den sornası şey değil daha dün annemizin wşx9xöor,0
27,0:27 i really like that nursery rhyme or smth ksksksksksks im happy he played it,0
130,2:10.... That's me playing keyboard 😂😂,0
69,1:09 1:33 ㅊㅁ))이제는 소속사도 주접떠는 방탄소년단ㅋㅋㅋ,0
105,1:45 daha dün annemizin değilmi o yaa jxnxhxnxb,0
44,"0:44 
RM: why you sad ?
Me : because *sob I *sob Can *sob never *sob Be *sob KIM TAE *sob HYUNG'S  *sob Wife *cries *screams",55
155,"2:35 
When you get tired of practicing piano and don't know what else to play.",1
142,2:22 **nursery kid inside me awakens**,0
29,"0:29 젓가락 행진곡이 아니라 고양이 춤으로 알고 있는데용..ㅎㅎ
암튼 오늘도 태태미 뿜뿜하네용💜💜",0
67,1:07 IO MORTA...,0
148,2:28,0
47,0:47 i suddenly felt sleepy,0
20,0:20 Is he playing Marry had a little lamb or what 😅,0
8,"0:08 Tae is just so beautiful, amazing and talented and did I mention funny such an amazing person we love you Taehyung and Bts 😘😊💜💜💜💜",4
68,1:08ㅋㅋㅋㅋㅋㅋㅋㅋㅋㅋㅋ 중간에 자막 주접 무슨일이얔ㅋㅋㅋㅋㅋ❤️❤️❤️,0
130,2:10 *i uwu’d way too hard*,0
131,2:11 those hands 😰😩,0
152,"2:32 I am shocked 
V  HOW CAN HE BE THAT CUTE ??",165
68,1:08 ㅋㅋㅋㅋㅋㅋ 자막  상태봐 ㅋㅋㅋㅋ,0
8,0:08 see the shining glasses,0
40,0:40 Do I hear a Comeback Song 👀 This is the exact piece Taehyung oppa played in RM's Rkive Vlive,0
150,"2:30 :коротко о том, как я играю на пианино 
РУ-АРМИ, почему нас так много? 🙃🇷🇺",60
154,2:34 tae's savage start...,0
89,"1:29 что за композиция? Помогите
1:29 What's song, help",0
27,0:27 젓가락 행진곡 아니고 고양이 춤이에요!😊,1
28,0:28 엥 두번째 곡이 젓가락 행진곡이여...?저거 고양이 춤인가 그노래 아닌가요..??,0
131,2:11 anaaaa şimdi okullu olduk sınıfları doldurduk. Okul bizim yuvamız yaşasın okulumuz'u çalıyo hahahahahhaha,0
31,0:31은  젓가락행진곡이아닌데.........,0
134,"2:14

ISTG, EVEN HIS NAILS ARE SO MUCHHH PRETTIER AND PERFECT THAN ME",0
142,"2:22 twinkle twinkle little star 
How i wonder what you are
Sjshshsjsjscabajsvayshavabsjskask",3
143,"2:23 jony jony yes papa 
Eating sugar no papa 😂😂😂😂
Woo.. Beautiful talent 
LOVE LOVE From INDIA",3
116,"1:56 twinkle twinkle little star 
How i wonder what you are",0
117,"1:57-2:20
Do do so so la la so 
fa fa mi mi re re do 
so so fa fa mi mi re (2×)
do do so so la la so 
fa fa mi mi re re do...😊",0
32,"0:32 V says ""Ah.. That this is the only song I can play after all those years.. is Soooo sad""",0
156,"2:36
😂😂😂😂😂💕 how many army laughed at this moment?


@ArabArmy",6
135,2:15 *his hand!* ☹️💜,1
28,0:28 이게 왜 젖가락행진곡이죠?,0
87,1:27 sounds like clannad bgm,0
67,1:07  아 자막 미쳐쎀ㅋㅋㅋㅋㅋㅋ,0
71,1:11 its sounds familiar and soothing..,1
0,0:00 - 2:41 ear orgasm,0
107,1:47 he has playing twinkle little star???★,0
40,0:40 wHAT IS THE TITLE OF THAT SONG TAEHYUNG OPPA? I WANNA KNOW AACCKKK,0
156,2:36 *me when I don't get the notes right and feel triggered*,2
27,0:27 sounds like one of the music in piano tiles,0
28,00:28 젓가락 행진곡이 아니라 고양이 왈츠 인데요,0
155,2:35 коротко о моих навыках игры на пианино,0
67,"1:07 I love this melody ...can anyone name it??😭
I remember V  was playing it in RM's vlive 😿",0
195,3:15 AM crying over tae,1
145,"2:25 he made it finally
Twinkle Twinkle",0
142,"2:22 twinkle twinkle little ⭐
Borahe taehyungie oppa 💜💜💜💜💜",2
71,1:11  حبيييتت,0
67,1:07 wow that is so calm and relaxing,5
110,"1:50 Twinkle Twinkle little Star
😍❤️❤️💜",2
28,"0:28 젓가락 행진곡 → 고양이 춤

아구 태형옵 예쁘장한 손가락으로 피아노도 잘 치고 ~~ 💜❣ 얼굴도 예쁘장하고 ><",1
150,2:30 thts me trying to be a professional 😂,0
27,"0:27 AMAAAAA HAY VIENE EL DE LOS HELADOS!!!!!
Y ES UN PAPU BIEN BELLO",0
134,2:14 estrellita donde estas? Uwu♡,0
142,2:22 he is like a proffesional :v,0
137,2:17 bu bizim daha dün annemizin şarkısı değil mi bsjsjd,0
66,1:06 - 1:45....close your eyes and give your soul a rest 💗💜,0
45,"0:45 This is the same one he played during RM's Vlive. I hope he release the full version of his composition.



For those who didn't know he can play piano, Suga said he's been playing piano for 8 years. We already know he played saxophone before so it's no surprise he can play other instruments because he's a musician before he became an idol.",1
27,0:27 이게 언제부터 젓가락 행진곡이었지....,1
152,2:32-2:41 yaaaa! Kim Taehyung😂,0
132,2:12 Those r some REALLLLY nice hand which I can't get for the rest of my life...,1
28,0:28 이 곡 젓가락행진곡이 아니라 고양이의 춤인가?그거 아니에여??? 편집자님 태형오빠가 젓가락행진곡을 너무 많이쳐서 헷갈리신것같아요!!,0
140,"2:20 ""did y'all just see that""




lol",1
158,2:38 that smile in the end though😍😍. It knocked the air out of my lungs. How can he be so beautiful. 💜💜💜,0
27,0:27 la canción de los heladosss 😁😋🍦,0
114,"1:54 esa soy yo cuando encuentro un piano xdxd 
Y luego me enfado por que me equivocó :'b",0
142,2:22 - 2:29... I'll make it my lullaby...,1
132,2:12 soi io cuando intento tocar estrellita en los juguetes para niños xdxd,0
138,2:18 why would he do that with his pinky.......,0
27,0:27 고양이 춤 아닌가요...?,0
88,1:28 what is that piano song?,0
41,0:41 - 1:45 loved the melody,0
141,"2:21 

ESTRELLITA DÓNDE ESTÁS, ME PREGUNTO QUIÉN SERÁS, EN EL CIELO Y EN EL MAR UN DIAMANTE DE VERDAD IAJDIAJFKAK",21
86,1:26 those who watches miraculous ladybug would recognise this song... actually those who watches romance.,0
28,0:28 젓가락 행진곡 아니여요!!!,1
50,"0:50 his solo may come soon

P.S:I saw him playing the same piece in RM's recent vlive.",0
90,1:30 I'm obsessed !!!,0
88,1:28 what song is this? It's so beautiful,0
29,00:29 what is name of music please? I really love it,0
68,1:08 what song?,0
161,2:41 MINUTES OF PERFECTION ❤,1
155,2:35 nice,0
145,2:25 thats a very nice pair of hands,0
29,0:29 이게 젓가락 행진곡..?,0
68,1:08 방밤 편집자 주접 무엇ㅋㅋㅋㅋㅋㅋㅋㅋㅋㅋㅋ,0
35,0:35 차암~!,0
42,0:42 that piece melted my heart 😍😍,0
106,1:46 A vous-direz je maman 😂❤️,1
108,1:48 Sarangi moga sarang -jungkook,0
27,0:27 la nieveeeeeee,0
116,01:56 Like if you were singing twinkle twinkle lil star while he was playing Piano.!! 🎹🎤,0
121,2:01 my CHILDHOODNSJSKSKSJ,0
142,2:22 bien relax con la melodía luego enloquese jajaja mis oídos xb,0
80,1:20 THAT TUNE !! PLEASEEEEEEE!! 😍😍😍😍😍,0
109,1:49 twinkle twinkle little star~,0
29,"0:29 GOSH, I LOVE THAT SONG!
AND I LOVE YOU TOO TAEHYUNGIE!♡
1:29 im in love with that melody, idk.
2:30 me playing with the piano.",0
28,0:28 im dying👁👄👁😂😂😂,0
115,"1:55 Daha dün anneğmiziiiğn kollarında yaşarkeeğn çiçekli bahçelerin yollarında koşarkeeğn şimdi okullu olduk sınıfları doldurduk... 
Cjslxkslxlal. 🇹🇷🇹🇷🇹🇷🇹🇷🇹🇷🇹🇷🇹🇷🇹🇷🇹🇷🇹🇷🇹🇷🇹🇷",2
33,"0:33 after so many years I can only play like this... this is so sad.


I've taken years of piano lessons and can only play fur elise.",14
70,"01:10 who knows this melody??😲
Tell me this melody's name pls🤗💛💛",0
161,2:41 I know how to play that hahaha I'm still  learning  hoe to play piano.,0
68,"1:08  학교에 피아노가 업서여,,",1
27,0:27 that's all i hear when I'm at mexico because the ice cream man is blasting it all over town in his car,2
28,0:28 I play that in piano tiles,0
68,1:08 아닠ㅋㅋㅋㅋ  자막 뭐나곸ㅋㅋㅋ,1
141,2:21 the song idk but the line is ....... Next time won't you sing with me ..........oh I remembered it's the English alphabet song haahahahahh wow 💖💖💖💓❤️❤️💞❤️💘💘💗🇧🇩,0
10,0:10 - 0:27 marry had a little lamb,0
130,2:10 baby tae is playing twinkle twinkle 😍,1
151,2:31 me after practicing piano for an hour and finally giving up.,0
44,0:44 Couldn’t stop laughing when I heard “WhY yOu SaD iDk NaN mOllA”,0
28,0:28 - 0:31 wow maaaaaan so similar to ....mmmmm mmmm.....mmmmm I think I heard it in piano tiles game,0
28,"0:28 *AMAAAAAAA AHI VIENE EL DE LAS NIEVES*
ahre no:v si eres mexican@ sabes de qué habló:v",22
152,2:32 the moment when you gave up cuz you forgot the keys,0
116,1:56 estrellita donde estas!!!! :v,0
28,0:28 my childhood anthem lmao,0
158,2:38 his baby smile actually kills me😭💜,0
127,"2:07 lagu ""Si kancil anak nakal"" in INDONESIA hehehehe",3
30,0:30 이게 젓가락행진곡이 맞나.....???,0
118,1:58 Cuteee 😍😍😍,1
72,1:12 what song? I miss cherry Tae 💜💜💜,0
119,"1:59 - 2:20

 A b c d e f g, h i j k l m n o p, q r s t u v, w x y and z. Know my now my ABC next time want you sing with me! Yeay",0
152,2:32 Me when that one time that I have a piano but doesn’t know how to use it,0
141,2:21 How the heck does he find chords for his left hand like it’s nothing when he had just learned the tune with his right hand 😳 I am amazed,0
88,01:28 den sonrası çok duygusal çok güzel 💜💜💜💜💜💜💜💜💜😘😭😭😭😭😭😭😭😭,0
27,0:27 esa canción la usan en mi país para el camioncito de las nives😅💜💜💜,0
90,1:30 Can I ask for the name of the song TaeTae played?,0
28,0:28 es la canción de los helados de dónde vivo 😂🤣 eres demasiado bello para mis ojos 😍,0
150,2:30 THE WAY I SCREAMED WOW,0
43,0:43 sounds good 1:07 too ❤️,0
30,0:30 el sonido de las nieves(del helado) :0 jajajajaja♡,0
145,2:25arañita donde está solo pocos entenderan,1
152,2:32-2:41 me every time I see a piano,0
27,0:27 it's like the one in the piano tiles😍 u know that?,0
42,"0:42 is the same melody he was playing during the Vlive with Namjoon and Jimin, I wonder if it's a song in the new album? Or just something he's playing around with?",0
30,0:30 Weee la canción de los helados 😂😂,0
118,"1:58 twinkle twinkle little star, how I wonder what you are🎶🎵

Taehyung playing twinkle twinkle little star is UWUWUWU",0
27,"0:27 Jimin also playing same song💜






And also this song my first piano show song :"")",1
157,2:37  THE END OF V's PIANO SOLO SHOWCASE 😆😆😆💜💜💜💜💜💜💜💜😂😂😂😂😂,0
15,"0:15 mary had a little lamb.
So nice !! 
Keep going taehyung!",0
150,2:30 he is still a kid LMAO 😂😂,1
151,"2:31 damn, so fast",1
73,1:13 what song is this it’s beautiful 💜💜💜,1
116,1:56 estrellita donde estas quiero verte titilar🎵🎵,0
30,0:30 suena como el señor de las nieves AY ASJSKSJ,1
153,2:33 It's me,0
146,2:26 omg he’s so good :'^ and his fingers OMGOSH i fall in love with them😭😭💜💜💜💜💜💜,0
137,"2:17 Isn't he playing TWINKLE TWINKLE LITTLE STAR HOW I WONDER WHAT YOU ARE 😍
Wow my childhood rhyme",0
29,"0:29 N I E V E S, N I E V E S",0
27,0:27 젓가락 행진곡 아니고 고양이춤이요~,0
107,1:47 twinkle twinkle little star~,0
151,2:31 me playing the piano,0
28,0:28 젓가락행진곡이 아니라 고양이춤 아니였음? ㅋㅋㅋ,0
60,1:00 WHAT IS THE NAME OF THE PIECE? I LEGIT GET EMOTIONAL WHEN I HEARD THAT,0
28,00:28 helados? Jajajaja ay tar tan tierno y sencillo,0
28,0:28 고양이춤이에여 ㅎㅎㅎㅎ,1
241,"04:01am en Argentina, TE PARECE BIG HIT?!",0
27,0:27 LA CANCIÓN DEL CARRITO DEL SEÑOR DEL PAN,0
161,2:41 minutes of taehyung playing piano 🥺💜,0
27,0:27 젓가락 행진곡 아닌데요 쥐잡이송인디요인디고,0
60,1:00am pero vale la pena 💜💜,0
28,0:28 젓가락 행진곡이여...? ㅋㅋㅋㅋㅋㅋㅋㅋ,1
