40,0:40 Shows that he is a real bunnyğŸ˜‚ğŸ˜‚,0
40,"0:40 see his phone, it is an I-phone and see his phone cover, there are carrots, it proves that he is our cute little bunny ğŸ˜€ğŸ˜€",1
26,0:26 ã…‹ã…‹ì•„í‹°ìŠ¤íŠ¸ ë³´í˜¸...,0
27,0:27 jajajj que expertos al tapar,0
32,"0:32, creo que los editores no editaron bien el video :/",1
26,0:26 bighit?ğŸ˜‚ğŸ˜‚ğŸ˜‚,0
26,"0:26 
Ø¨ÙŠØº Ù‡ÙŠØª Ø¹Ø§Ù…Ù„Ù‡ Ø³Ù…Ø§ÙŠÙ„ Ù…Ø§ ØªØ¯Ø±ÙŠ Ø§Ù†Ùˆ Ø¨Ø§ÙŠÙ† ÙÙ„ Ù…ÙˆØ¨Ø§ÙŠÙ„ 
ÙØ§Ø¹Ù„Ù‡ Ø®ÙŠØ± ğŸ˜‚ğŸ’œ",0
40,0:40 bunny confirmed ğŸ°ğŸ°ğŸ°,0
25,0:25 ã…‹ã…‹ã…‹ã…‹ã…‹ã…‹ ì•„ì´ëŒ ì–¼êµ´ ë³´í˜¸ í•˜ë ¤ê³  ì„í‹° ë¶™ì¸ê±°ë©´ ì¹´ë©”ë¼ì—ì„œ ë‚˜ì˜¤ëŠ” í™”ë©´ì€ ã…‹ã…‹ã…‹ã…‹ã…‹ã…‹ ì™œ ì•ˆê°€ë ¤ë†“ì€ê±´ëˆã…‹ã…‹ã…‹ã…‹ ì¥”ì«˜ ë„ˆë¬´í•˜ëˆ¼ì— ã…‹ã…‹ííã… ã… íã… ã… ã… ã… ,0
26,"0:26 jk taking pic of rm
Editor:put emoji on rm face
But.....























He/She did not censored jk's phoneğŸ¤£ğŸ¤£ğŸ¤£",0
0,00:00 song name pls,1
25,0:25 Ù„Ø§ Ù„Ø§ Ø§Ù„Ø§ÙŠÙ…ÙˆØ¬ÙŠ ÙØ§Ø¯ÙƒÙ… Ø¬Ø¯Ø§ğŸ™ƒ,1
28,0:28 ìŠ¤í‹°ì»¤ì²˜ë¦¬í•˜ë©´ëª¨í–Œã…‹ã…‹ã…‹ã…‹ã…‹ã…‹ã…‹ã…‹ã…‹ã…‹ã…‹ã…‹ã…‹ã…‹ã…‹ã…‹ã…‹ì •êµ¬ê¸° í°ìœ¼ë¡œ ì–¼êµ´ ë‹¤ë³´ì˜„ã…‹ã…‹ã…‹ã…‹ã…‹ã…‹ã…‹ã…‹ã…‹ã…‹ã…Œã…‹ã…Œã…‹ã…‹ã…‹ã…‹ã…‹ã…‹ã…‹ã…‹ã…‹ã…‹ã…‹ã…‹ã…‹ã…‹ã…‹ã…‹ã…‹ã…‹ã…‹,0
26,"0:26 Ù†Ùˆ ÙƒÙ…Ù†Øª Ø¨Ø§Ù„Ù„Ù‡ Ø´Ùˆ ÙˆØ¶Ø¹Ù‡Ù… Ù…ØºØ·ÙŠÙ† ÙˆØ¬Ù‡ Ù†Ø§Ù…Ø¬ÙˆÙ† Ùˆ Ø¨ØªØ·Ù„Ø¹ÙˆØ§ Ø¹Ù„Ù‰ Ø§Ù„ØªÙ„ÙÙˆÙ† Ø¨ØªØ´ÙˆÙÙˆÙ‡. ğŸ™‚ğŸ™‚ğŸ¤ğŸ˜­ğŸ˜­ğŸ˜­ğŸ˜­ğŸ˜‚ğŸ˜‚
0:40  ØªÙ„ÙÙˆÙ†Ù‡ ÙŠØ¯Ù„ Ø¹Ù„Ù‰ Ø§Ù†Ù‡ Ø§Ø±Ù†Ø¨ ğŸ°ğŸ¥•ğŸ’œğŸ’œğŸ’œğŸ¤",2
30,"0:30
ØªØ±Ø§ Ø´ÙÙ†Ø§Ù‡ ÙˆØ¬Ù‡ Ù†Ø§Ù…Ø¬ÙˆÙ† Ø¨Ø¬ÙˆØ§Ù„ ÙƒÙˆÙƒ ğŸ˜‚ğŸ’œ 
Ù‡ÙŠÙ‡ÙŠÙ‡ÙŠ Ù„Ø·ÙŠÙ",0
32,0:32 Rm 's Mouth Was Opened .,1
26,0:26 ì•„ë‹ˆ ì–¼êµ´ë§Œ ê°€ë¦¬ê³  í° í™”ë©´ì€ ê·¸ëŒ€ë¡œ ë†”ë‘ë©´ ì–´ë–¡í•˜ëƒ ã…‹ã…‹ã…ã…ã…ã…ã…‹ã…‹ã…ã…ã…‹ã…ìºìºã…‹,0
43,0:43 I wonder who are those girls at back.,0
38,0:38 Ù„ÙŠÙ‡ ØºØ·Ùˆ ÙˆØ¬Ù‡Ù‡ Ø¨Ø³Ù…Ø§ÙŠÙ„ Ø´ÙØª ÙˆØ¬Ù‡Ù‡ Ø¨Ø§Ù„ÙƒØ§Ù…ÙŠØ±Ø§ğŸ˜‚ğŸ˜‚ğŸ¤,0
40,0:40 Lol his phonecase tells everyone he is a bunny,156
34,"0:34 after watching those girls .....
Me : hey Google tell me how to join bts staff ......",0
25,0:25 we see anything ğŸ˜‚ğŸ‘Œ,0
30,0:30 ÙŠØºØ·ÙˆÙ† ÙˆØ§Ù„ÙˆØ¬Ù‡ Ø¨Ø§ÙŠÙ† Ø¨Ø§Ù„Ø¬ÙˆØ§Ù„ğŸ˜­ØŸ,0
27,0:27 ok but actually i saw it on the phone... ( Í¡Â° ÍœÊ– Í¡Â°),1
24,0:24 also bighit tapandole la cara a nam y se puede ver por el celu s de jeikei xdxdxd apreten donde les deje la parte we les aparesera altiro (justo) 0:40  jeikei tiene la carcasa  de zanahoria ;^; kawaiiiiiiii,7
25,0:25 ì¹´ë©”ë¼ì— ë‹¤ ë¹„ì¹˜ëŠ”ë°...  ê·¸ë˜ë‘ ê·€ìš¥ë‹¤ ì„ì§„ì˜¤ë¹ ,0
25,"0:25
ğŸ˜‚ğŸ˜‚ğŸ˜‚ğŸ˜‚ğŸ˜‚ğŸ˜‚ğŸ˜‚ğŸ˜‚ğŸ˜‚ğŸ˜‚ğŸ˜‚ğŸ˜‚ğŸ˜‚ğŸ˜‚ğŸ˜‚ğŸ˜‚ğŸ˜‚ğŸ˜‚ğŸ˜‚ğŸ˜‚ğŸ˜‚ğŸ˜‚ğŸ˜‚ğŸ˜‚ğŸ˜‚ğŸ˜‚ğŸ˜‚ğŸ˜‚ğŸ˜‚ğŸ˜‚ğŸ˜‚ğŸ˜‚ğŸ˜‚ğŸ˜‚ğŸ˜‚ğŸ˜‚ğŸ˜‚ğŸ˜‚ğŸ˜‚ 
I see  that in phoneğŸ˜‚ğŸ˜‚ğŸ˜‚ğŸ˜‚",1
29,"0:29 BigHit tapando la carita de Nam porque estÃ¡ durmiendo.
Yo viÃ©ndola en el celular de Jungkook ğŸ‘ï¸ğŸ‘ï¸",1
28,0:28 the phone jsjsjsjs,1
27,"0:27

They removed Namjoon's face but not Jungkook's phone while he was taking the picture ğŸ˜‚ğŸ˜‚",0
26,"0:26 oxe skskskskkssk
Falhou nÃ£o missÃ£o big hit",0
28,0:28 khÃ´ng hiá»ƒu Bighit Ä‘ang cá»‘ che cháº¯n lÃ m gÃ¬ ná»¯a ã…‹ã…‹ã…‹,0
24,0:24 Look at Jungkook phone ğŸ˜‚ğŸ˜‚ğŸ˜‚ğŸ˜­,2
40,0:40 kookie have a carrots phonecase ğŸ¥ºâ¤,0
25,0:25 ì“°ì•µë‹˜.. í°ê±´ ê°€ë¦¬ì‹œê³  ì‘ì€ê±¸ ì•ˆê°€ë¦¬ì‹œë©´..,0
27,"0:27 
Yea try covering that i can still see it through Jungkook's phoneğŸ˜‚",1
29,0:29 ğŸ˜‚ğŸ˜†ğŸ’œ,1
28,0:28 Bighit put an emoji on RM's face but they forgot Jk's phoneğŸ˜‚ğŸ˜‚,0
31,0:31 bighit we can see namjoon! lmao!,0
26,0:26 Jungkook: Lets capture upside down.,0
24,0:24 ì•„ë‹ˆ ê°€ë ¤ë†“ì€ ì´ìœ ê°€ ë­ì–”ã…‹ã…‹ã…‹ã…‹ã…‹íœ´ëŒ€í°ìœ¼ë¡œ ë‹¤ ë³´ì´ì–ì•œã…‹ã…‹ã…‹ã…‹ã…‹ã…‹ã…‹,1
40,0:40 is that carrot ğŸ¥• surely he is a bunny ğŸ˜‚,26
54,0:54 kookie's reactionğŸ˜‚... Waahhh!,0
39,0:39 hobi looks so cuteğŸ¥°,0
28,0:28 OMG Namjon ğŸ˜‚ğŸ˜‚ğŸ˜¹ğŸ˜¹ğŸ˜¹ğŸ’”ğŸ’”ğŸ¸ğŸ­ğŸ‘ğŸ’ğŸŒ·ğŸŒšğŸ“â¤ğŸŒŒğŸƒğŸŒ¸ğŸ¯ğŸ’•ğŸ­,1
26,0:26 what's the point of covering him when it shows in the phone ğŸ˜‚ğŸ˜ƒ,1
27,"0:27 

ì•„ë‹ˆ ì–¼êµ´ ê°€ë ¤ë„ íœ´ëŒ€í°ìœ¼ë¡œ ë‹¤ë¹„ì¹˜ëŠ”ë°...ã…‹?",2
32,0:32 Omg ğŸ˜‚ğŸ˜‚ look at Jk's phone,1
9,0:09 maybe its just 3am and my brain is clowning me but I thought Hobi was Kook for a moment like I was confused afğŸ¤¡,1
24,"0:24 bighit covers namjoon's face with an emoji. But army can still see him through kookie's phone

LolğŸ˜…ğŸ˜…ğŸ˜…ğŸ˜…",7
32,0:32 íœ´ëŒ€í°ë„ ê°€ë ¤ì£¼ì…”ì•¼ì£ ..ğŸ¤­,1
29,0:29 ì–¼êµ´ê°€ë¦¬ë©´ ë­í•˜ëƒê³ ã…‹ã…‹ã…‹ã…‹ì¹´ë©”ë¼ì— ë‹¤ë³´ì´ëŠ”ëˆã…‹ã…‹ã…‹ã…‹ë³´í˜¸ í•´ì¤„ê±°ë©´ ì¢€ ì œëŒ€ë¡œ í•´ì£¼ë˜ê°˜ã…‹ã…‹ã…‹ã…‹ã…‹ã…‹ã…‹ã…‹,1
27,0:27 ì•„ë‹ˆ ì™œ í°ì€ ì•ˆê°€ë ¤ ì£¼ëŠ”ë°ìš” ã…‹ã…‹ã…‹ã…‹ã…‹ã…‹ã…‹ã„¹ã…‹ã…ã…‹ã…ã…‹ã…ã…‹,0
1,0:01 find someone who can took a cure photo of you when you are asleep like JK . But you can't cause you me we're not KTH,0
24,0:24 They really thought they were slick by covering namjoons face we got the power of Jks phone,2
28,0:28 xq le tapan la cara a rm si sale en el telefono,1
32,0:32 Look to JK phone (sorry bad english ),0
27,0:27 i think bighit staff (editor) was forget to censored RM face on the phone,1
26,00:26 look at the phone hdjxhdhd,0
9,"0:09 look V photo
Jungkook hand on V face
How cute is This
ğŸ˜­ğŸ˜­ğŸ’œsoft",273
28,0:28 Ø¨ÙŠÙ‚ Ù‡ÙŠØª Ø§Ù„Ø«ÙˆÙ„Ø©  Ù‡ÙŠØ© Ø­Ø·Øª Ø§ÙŠÙ…ÙˆØ¬ÙŠ Ø¹Ù„Ù‰ ÙˆØ¬Ù‡ Ø§Ù„Ø´Ø®Øµ ÙˆÙ…Ø§ ØªØ¯Ø±ÙŠ Ø§Ù†Ùˆ Ø§Ø­Ù†Ø§ Ù†ÙƒØ¯Ø± Ù†Ø´ÙˆÙØ© Ø¨Ù„ØªÙ„ÙÙˆÙ†  Ù‡Ù‚Ù‡Ù‚Ù‡Ù‚Ù‡Ù‚Ù‡Ù‚Ù‡Ù‚Ù‡ ğŸ˜‚ğŸ˜‚ğŸ˜ˆğŸ˜ˆğŸ˜ˆ,22
26,0:26 how come BIGHIT didn't realize we can see rm through jk's phone?,0
31,0:31 ì¹´ë©”ë¼ë¡œ ë‹¤ ë³´ì˜„ã…‹ã…‹ã…‹,0
32,0:32 biz RMnin yÃ¼zÃ¼nÃ¼ TLFda gÃ¶rÃ¼yoz niye kapattÄ±nÄ±z ki,1
25,0:25 ì•„ë‹ ã…‹ã…‹ ì €ê¸° ê°€ë ¤ë´¤ì ì¹´ë©”ë¼ì— ë‹¤ ë‚˜ì˜¤ìë‚˜ì˜„ã…‹íã… ,0
25,0:25 í°ì¹´ì— ë‹¤ ëœ¨ëŠ”ë° ì™œê°€ë¦¬ì‹ ê²ë‹ˆê¹¤ã„±ã…‹ã„±ã…‹ã„±ã…‹,0
31,0:31 just zoom in jungkook's mobile,0
32,0:32 when bighit hide RM face but not phone ğŸ¤¦ğŸ˜‚,1
29,"0:29 
I say RM in the telephone 
Nehahahahhahah",0
33,0:33 namjoon face ğŸ˜‚ğŸ˜‚ğŸ˜‚ğŸ˜‚ğŸ’”,1
32,0:32 Ğ½Ğ° Ñ‚ĞµĞ»ĞµÑ„Ğ¾Ğ½Ğµ Ğ²ÑÑ‘ Ğ²Ğ¸Ğ´Ğ½Ğ¾ğŸ¤£ğŸ˜ƒğŸ¤£ğŸ¤£ğŸ¤£ğŸ¤£ğŸ¤£ğŸ¤£ğŸ¤£ğŸ¤£ğŸ¤£ğŸ¤£ğŸ˜ƒğŸ˜ƒğŸ˜‚ğŸ¤£ğŸ˜ƒğŸ˜ƒğŸ˜ƒğŸ˜ƒğŸ˜ƒğŸ˜ƒ,0
16,0:16 tae be like u fricking kid Iâ€™m gonna get u back for this but I got keep smiling for the camera ğŸ˜‚,0
27,0:27  haha r.mğŸ˜‚ğŸ’œ,0
26,0:26 ì•„ë‹ˆ í°ì— ë‹¤ ë‚˜ì˜¤ì–ì•„ ã…‹ã…‹ã…‹ã…‹,0
4,0:04 the way taehyung is looking at phone omfg ğŸ˜«ğŸ˜«ğŸ’œ,12
25,0:25 me encanta censuran la cara de nam pero se ve atravez de la cÃ¡marağŸ¤£ğŸ¤£ğŸ‘Œ,0
26,0:26 look at the handphone Jungkook,0
40,0:40 there is carrots on his phone case. He knows that we call him a bunny,0
1,0:01 oh look at that innocenceğŸ’œ,0
45,0:45 J-Hope is smiling but inside he is freaking out cause he will be next ğŸ˜‚ğŸ˜‚,1310
30,"0:30 colocaram emoji no NAMJOON mais se esqueceram do celular do jungkook que tava mostrando tudo 
Kkkk vai entender",9
30,0:30 you can see it on his phone KSMSIMDDMXK,0
26,"0:26
Ø¨Ù…ÙˆÙˆÙˆÙˆØª ØªØ±Ø§Ù‡ Ø¨Ø§ÙŠÙ† Ø¹Ù„Ù‰ Ø§Ù„Ø¬ÙˆØ§Ù„ ğŸ˜‚ğŸ˜‚ğŸ˜‚",0
25,"0:25
Wow,lo censuraron! Joo! Yo querÃ­a ver la cara de RM,pero bueno que va a ser,todo por su discreciÃ³n,no :v?",0
26,"0:26 We really didn't understand that Namjun's face was covered, but in the Jungkook device it is clear that it's a strange big  hit law",2
32,0:32 e eu tava no cabeleireiro eu quase cai no sono,0
40,"0:40 um coelhinho, nÃ£o Ã© possivel kkk",0
30,0:30 Olha pro celular do Jungkook kkkkkkkkkkkkk,0
30,0:30 look to jk phone kkkkkkkkk,0
30,0:30 por que tapan si igual se ve a Nam xdd los amooo,0
17,0:17 Â¿Porque tae tiene como un rasguÃ±o en su pecho?,0
30,0:30 se ve por el telÃ©fono,0
40,00:40 his phone case is carrots cuz hes a bunny thats so cute!!! <3<3<3,0
25,0:25 Me encanta como cubren la cara de Namjoon con un emoji pero no cubren el celular de Jungkook ğŸ¤£,0
33,00:33 ì•„ë‹ˆ ã…‹ã…‹ã…‹ã…‹ã…‹ë¹…íˆíŠ¸ ëƒ„ì¤€ì´ ì´ëª¨í‹°ì½˜ìœ¼ë¡œ ê°€ë ¤ë„ ì¹´ë©”ë¼ë¡œ ë‹¤ ë‚˜ì˜¨ë‹¤ê³ ìš” ã…‹ã…‹ã…‹ã…‹ã…‹ã…‹ã…‹ ì•„ ê³¨ë•Œë ¤ ã…‹ã…‹ã…‹ã…‹ã…‹ê°œê·€ì•¼ì›Œ ã…‹ã…‹ã…‹ã…‹ì•„,2
25,0:25 ì•Šì´ ì¹´ë©”ë¼ì— ë‹¤ ëœ¨ëŠ”ë° ìŠ¤ë§ˆì¼ë¡œ ê°€ë¦¬ë©´ ë¨¸í•˜ëƒêµ¬ì—¬ ã…‹ã…‹ã…‹ã…‹ã…‹ã…‹ã…‹ ã… ã… ,1
30,"0:30......*Y ahÃ­ es donde entrÃ³ yo* 
Bighit : lo sensuramos porque se le ve fea la carita 
Army: *Toma captura y le ase zoom* 
Xd ğŸ¤£ğŸ¤£ğŸ¤£ğŸ¤£ğŸ¤£",3
31,0:31 Best che :)),0
27,0:27 JungKook's phone...ğŸ˜‚,0
30,0:30 i can see rm's sleeping XD,1
31,0:31 ì •êµ­ì˜µ ì¹´ë©”ë¼ì— ë‹¤ë³´ì´ëŠ”ë° ì™œ ê°€ë¦°ê±°ì—ì—¼..,0
26,0:26  ellos tapando la cara y yo viÃ©ndola por el cel,0
0,0:00 Asi duermo yo jajjajjaj pero ami me gusta Jungkook y Suga y V,0
27,0:27 the face Yoongi in  phone jungkook,0
1,0:01 ã…ã…ã…,0
32,00:32 osea le censuran la cara a RM pero no censuran el celular de JKğŸ¤¦â€â™€ï¸,1
15,0:15 Vssi's chest have some of his allergiesâ˜¹,69
25,"0:25 ì •êµ­ì˜µ í° ë­ì•¼ã…‹ã…‹ã„±ã„±
ë¹…íˆíŠ¸ í¸ì§‘ê¸°ìˆ ì— ì›ƒìŠµë‹ˆë‹¼ã…‹ã„²",1
25,"0:25
Kkk big hit moa precisa colocar esse emoji feio;-; estragando a beleza do namjoon nÃ£o precisa pq todo mundo viu ta? Kk
Pelo celular do lindo perfeito do jungkook uwu
Kkk mds nÃ£o paro de rir da cara do nam",2
0,"0:00
Mds jungkook vc eh ;-;
Muito errr...
;-; lindo?...
Kkk",2
40,0:40 ë©ˆì¶°ì„œ ë³´ë©´ ì¼€ì´ìŠ¤ ë‹¹ê·¼..ì˜¤ë¹  í† ë¼ë§ì£ ..,0
27,0:27 you didn't cover all,0
24,0:24 y para que le tapan la cara si se ve por el cel :v,0
28,0:28 I died! Bighit censored Namjoon's face but it still shows on Jungkook's phone,0
2,0:02 DAMN JUNGKOOK JUST UPLAID THE PIC ALREADY,0
30,0:30 the face he makes when he nuts,0
24,0:24 Ø§Ù„Ù†Ø°Ø§Ø§Ø§Ø§Ø§Ø§Ù„Ù‡ ØªÙ…Ø´ÙŠ Ø¨Ø¹Ø±ÙˆÙˆÙˆÙ‚Ù‡ Ø§ØªÙˆÙ‚Ø¹ Ù„Ùˆ Ù†Ø§Ø®Ø° Ø¬ÙˆØ§Ù„ ÙƒÙˆÙƒ ÙˆÙ†Ø´ÙˆÙ Ø§Ù„ØµÙˆØ± Ø§Ù„ÙŠ ÙÙŠÙ‡ Ø¨ØªÙ„Ù‚ÙˆÙˆÙ†Ù‡Ø§ ÙØ¶Ø§ÙŠØ­ Ù„Ù„Ø£Ø¹Ø¶Ø§Ø¡,0
28,0:28 NamjoonğŸ˜‚,0
28,0:28   pude verlo por el cel de cookie 7u7 ^_^,0
30,0:30 ì™œ ì „í™”ë¡œ RMì˜ ì–¼êµ´ì„ ë³¼ ë•Œ ...! ê·¸ëŸ¬ë‚˜ ê·¸ëŠ” ë„ˆë¬´ ê·€ì—¬ì›Œ ..!,0
30,00:30 ğŸ˜‚ğŸ˜‚ğŸ˜‚ğŸ˜‚ğŸ˜‚ğŸ˜‚ğŸ˜‚ğŸ˜‚ğŸ˜‚ğŸ˜‚ğŸ˜‚ğŸ˜‚ğŸ˜‚ğŸ˜‚ğŸ˜ğŸ˜‚ğŸ˜‚ğŸ˜‚ğŸ˜‚ğŸ˜‚ğŸ˜‚ğŸ˜‚ğŸ˜‚ğŸ˜‚ğŸ˜‚ğŸ˜‚ğŸ˜‚ğŸ˜‚ğŸ˜‚ğŸ˜‚ğŸ˜‚ğŸ˜‚ğŸ˜‚ğŸ˜‚ğŸ˜‚ğŸ˜‚ğŸ˜‚ğŸ˜‚ğŸ˜‚ğŸ˜‚ğŸ˜‚ğŸ˜‚ğŸ˜‚ğŸ˜‚ğŸ˜‚ğŸ˜‚ğŸ˜‚ğŸ˜‚ğŸ˜‚ğŸ˜‚ğŸ˜‚ğŸ˜‚ğŸ˜‚ğŸ˜‚ğŸ˜‚ğŸ˜‚ğŸ˜‚ğŸ˜‚ğŸ˜‚ğŸ˜‚ğŸ˜‚ğŸ˜‚ğŸ˜‚ğŸ˜‚ğŸ˜‚ğŸ˜‚ğŸ˜‚ğŸ˜‚ğŸ˜‚ğŸ˜‚ğŸ˜‚ğŸ˜‚ğŸ˜‚ğŸ˜‚ğŸ˜‚ğŸ˜‚ğŸ˜‚ğŸ˜‚ğŸ˜‚ğŸ˜‚ğŸ˜‚ğŸ˜‚ğŸ˜‚ğŸ˜‚ğŸ˜‚ğŸ˜‚ğŸ˜‚ğŸ˜‚ğŸ˜‚ğŸ˜‚ğŸ˜‚ğŸ˜‚ğŸ˜‚ğŸ˜‚ğŸ˜‚ğŸ˜‚ğŸ˜‚ğŸ˜‚ğŸ˜‚ğŸ˜‚ğŸ˜‚ğŸ˜‚ğŸ˜‚ğŸ˜‚pobre min yongi,0
25,0:25 cencored but i still look rm face in camerağŸ˜‚ğŸ˜‚ğŸ˜‚ğŸ˜‚ğŸ˜‚,1
40,0:40 i love how jkâ€™s phone case has a bunch of carrots ğŸ¥•ğŸ˜‚ğŸ§¡ğŸ’š,73
24,"0:24 

O JK nÃ£o iria deixar passar essa de jeito nenhum...kkk",0
12,0:12 is it just me or does Hobi looks like JK here?,0
30,0:30 big hit u failed XD we can still se najmoon face,0
25,"0:25 Ğ´Ğ° Ğ‘Ğ¸Ğ³Ğ¥Ğ¸Ñ‚, Ğ²Ñ‹ ÑĞ¾Ğ²ÑĞµĞ¼ Ğ½Ğµ Ğ¿Ğ°Ğ»Ğ¸Ñ‚ĞµÑÑŒ...",1
33,"0:33
 Le censuran la cara y en el telefono se mirağŸ˜‚ğŸ˜‚",0
28,0:28 they censored namjoon face but not censored thw phonw,0
24,0:24 :))))))),1
33,0:33 That's my big brother and me ... he always takes a picture of me ... and I always have a silly head ... it's boring ğŸ˜­,0
10,0:10 tae: jungkook ya nos exibiste ;v,1
30,0:30 NAMJOON'S FACE KKKKKKKKKKKKKKKKK,0
27,0:27 jungkookun telefonundan rm nin saÃ§ma pozu gozukuyo zaten bi de EMOJI koyup zahmet etmiÅŸler ğŸ˜…ğŸ˜‚ğŸ˜‚,0
24,0:24 pusierÃ³n un emoji en el rostro de RM y no taparÃ³n el iPhone de JK.ğŸ˜…,0
28,"0:28 le tapan con una carita sonriente la cara de RM pero en el celular o mÃ³vil de JUNGKOOK igual se le puede ver la cara ğŸ˜†ğŸ˜†ğŸ˜†ğŸ˜†
SALUDOS DESDE ARGENTINA",0
24,"0:24 XD
Tapan la cara de Jin y por el celular de Jungkook se ve Jajajaâ™¥",0
33,0:33 ë‚¨ì¥¬ë‹ˆì˜¤ë¹¸ã…‹ã…‹ ì–¼êµ´ê°€ë ¤ì¤˜ë„ í°ìº ì— ë‚˜ì™€ìš¬ã…‹ã…‹,0
31,"0:31 BigHit don't bother, we already saw it on the phone ğŸ˜‚

And may I say he still looks better than when I wake upğŸ˜‚ğŸ˜‚ğŸ˜‚",0
24,"0:24...Okey BigHit...U covered RM's face with that sticker, but...Forgot an important thing u clever guys....
That JK is taking a pic...(from his phone) and we can clearly see RM's face with his mouth open and sleeping...LOL
I mean...NO POINT IN PUTTING THAT BLOODY EMOJI THERE IF U R NOT GONNA USE SOME COMMON SENCE
(I am not trying to insult, I just said that because  it is funny the way they forgot to put/cover JK's PHONE)",0
9,"0:09 * camera pans from 'jungkook' to jungkook * 
me: o:",0
27,0:27 nem deu pra ver o rosto dele KSJDJDJDJDJ,0
24,"0:24 When I went to visit my friend, I ended up sleeping a little, and she did the same thing .......... almost she loses her phone",0
0,0:00 I show my friends the pictures I took of the boy I like at school while he was distracted,2
40,0:40 There are carrots on Jungkook's phone case. It's normal we know he is a bunny <3,1848
25,0:25 Who saw RM's face in the phone ? :D,150
30,0:30 at first i though he was showing the staff a picture of tae but then i looked at the phone and saw Joon ğŸ˜‚ğŸ¥ºğŸ’œ they are all so adorable itâ€™s unreal,0
28,0:28 yeah.... as if we can't see it on the screen of jk's phoneğŸ˜‚ğŸ˜‚,0
24,"0:24  osea tapan la cara de Jin pero aun asÃ­ se ve en el  cel  :v


Edit: xd",0
25,0:25 ì•„ë‹ˆ ã…‹ã„±ã…‹ã„±ã„±ã…‹ã„±ã…‹ã…‹ã…‹ã…‹ ì¤€ì´ì˜¤ë¹  ì–¼êµ´ë§Œ ê°€ë¦¬ê³  íœ´ëŒ€í°ì— ìˆëŠ” ì–¼êµ´ì€ ì•ˆ ê°€ë¦¬ë©´ ã…‹ã„±ã…‹ã„±ã„±ã…‹ã„±ã…‹ã„±ã…‹ã…‹ã…‹ã…‹ã…‹ ë­ì•¼ ã…‹ã„±ã…‹ã„±ã„±ã…‹ã„±ã…‹ã„±ã…‹ã…‹ã…‹,2
27,"0:27
BangtanTV... You tried",0
27,"0:27 *Tapan la cara de Nam con un emoji, pero se puede ver su cara en el telÃ©fono de jk* 
ğŸ˜‚ğŸ˜‚ğŸ˜‚ğŸ˜‚ğŸ’œğŸ˜ğŸ¤™ğŸ¤Ÿ",1
25,0:25 no vimos nada xd esa serÃ­a yo si trabajara en big hit :b,0
26,0:26 we can see on phone's screen,0
27,"0:27 when jk took a foto of rm,rm got a smile on his face but we still see his face on the phone haha #fail",0
26,0:26 *When BigHit hides RM's face but doesn't blurr the phone's screen* ğŸ˜‚ğŸ˜‚gg,0
29,0:29 BIGHIT COVER NAMJOON FACE BUT THE SCREEN (ON JK PHONE) OH MY GOSHH...WELL THATS WHY I LOVE BIGHIT ENTERTAINMENT STAFF.... I LOVE YOU BIGHITğŸ˜‚â¤ NO HATE JUST LOVE,0
27,0:27 LMFAO THEY BLOCKED NAMJOONS SLEEPING FACE BUT THEY FORGOT TO COVER HIS FACE ON JUNGKOOKS PHONE AS WELL ğŸ˜‚ğŸ˜‚ğŸ˜‚ğŸ˜‚ğŸ’€ğŸ’€ğŸ’€ğŸ’€ğŸ’€ğŸ’€ğŸ’€ğŸ’€ğŸ’€ğŸ’€ğŸ’€ğŸ’€ğŸ’€ğŸ’€,50
33,"0:33 namjoon said -(    )- 

our boi lookin like a whole fuckin vaccuum cleaner",0
2,0:02 vkook ğŸ˜ğŸ˜ğŸ˜˜ğŸ‘¬,0
31,0:31 see phone,2
30,"0:30 Um, Bighit? You know we can still see Namjoonie's face in JK's phone right....
Edit: Thanks for the likes, fam!!! <3",3577
29,0:29 look at jungkooks phone ğŸ˜‚ğŸ˜‚,2
32,"0:32
BIGHIT: hay que poner un emoji para  que no le demos verguensa a namjoon
AMRY BTS  EL MUNDO TU VECINA EL PERRO:NO AMMEMS    SE VE LA CARATA HERMOSA DE MAJOON EN EL CEL",0
27,0:27 you can literally see rm or suga sleeping at the phone,0
30,0:30 big hit ahora sÃ­ te mamaste jajajajajajajja,0
30,"0:30 bighit *censors face but forgets the phone*

Me: *i donâ€™t mind I love it*",0
25,00:25 con Jungkook no puedes Bighit ğŸ˜‚,0
2,"0:02
He is talking for he's boyfriend
:v my bad english active",7
1,0:01 íƒœí˜•ì´ ë„ˆë¬´ ê·€ì—¬ì›Œìš”,1
31,0:31 that had to be RMğŸ˜‚ğŸ˜‚,0
24,0:24 Ğ±ĞµÑĞ¿Ğ°Ğ»ĞµĞ²Ğ½Ğ¾ÑÑ‚ÑŒ 100 lvl,0
28,0:28 ENCIMA SE VE EL ESCRACHO DESDE EL CELULAR JAJAJAJAJA LPM MEMUERO,0
26,0:26~0:34 ì–¼êµ´ì„ ê°€ë¦¬ê¸´ê°€ë ¸ëŠ”ë° ì¹´ë©”ë¼ì—ìˆëŠ” ì–¼êµ´ì€ ëª»ê°€ë ¸ì˜¼ã…‹ã…‹ã…‹ã…‹,0
1,0:01íì•„ì–´ì•„ì•™ ê·€ì—¬ì›Œ..   ì €ì‚¬ì§„ê°–ê³  ì‹¶ë‹¤......,0
1214,20:14,0
32,0:32ğŸ˜¹ğŸ˜¹ğŸ˜¹ğŸ˜‚ğŸ˜‚ğŸ˜‚,0
25,0:25 ì¹´ë©”ë¼ í™”ë©´ì€ ì™œ ì•ˆ ê°€ë ¤ ì¤¬ì—Œã…‹ã…‹ã…‹ã…‹ã…‹ã…‹ã…‹ã…‹ã…‹ã…‹,0
50,"0:50 Ñ Ğ½Ğ°Ğ´ĞµÑÑÑŒ Ñƒ Ğ¥Ğ¾Ğ±Ğ¸ Ñ‚Ğ°Ğ¼ ĞºĞ»Ğ¸Ğ¿ÑÑ‹,Ğ´Ğ°Ğ¶Ğµ?",0
28,0:28 look at his phone while Namjoon is sleeping ğŸ˜‚,1
32,0:32 ì•„ë‹ ã…‹ã…‹ã…‹ì–¼êµ´ì„ ê°€ë ¤ë„ í•¸ë“œí° í™”ë©´ì— ë‹¤ë³´ì´ëŠ”ëˆã…‹ã…‹ã…‹ ì™œê°€ë¦°ê±°ì–”ã…‹ã…‹,0
24,0:24 ã…‹ã…‹ã…‹ã…‹ã…‹ã…‹ã…‹ã…‹ã…‹ã…‹ã…‹ã…‹ã…‹ã…‹ã…‹ã…‹ã…‹ã…‹ ì‚¬ì§„ í•œë‘ ë²ˆë„ ì•„ë‹ˆê³  ì—¬ëŸ¬ ë²ˆ ì°ìœ¼ì‹œë„¤ ã…‹ã…‹ã…‹ã…‹ã…‹ã…‹ã…‹ã…‹ã…‹ã…‹ã…‹ã…‹,0
26,"0:26, se ve en el celular de JK!ğŸ˜‚",0
25,0:25 wey aunque tapes la cara de namjoon igual en el cel de jungkook se mira XD ;-; (quiero esas fotos jsjs),0
25,0:25 ê·¸ë˜ì„œ ì •êµ¬ê¸° í•¸ë“œí° í™”ë©´ìœ¼ë¡œ ë‹¤ ë³´ì´ëŠ”ê±´ ë¹„ë°€ì¸ê±°ì£ ??,0
27,"0:27
JK phone....
Big Hit IQ: 3",0
45,0:45 moment in which J-Hope realizes he must be careful where he falls asleep,0
25,0:25 ì—¬ê¸°ëŠ” ë…¸ë¦°ê±°ì£ ?ã…‹ã…‹ã…‹ã…‹ã…‹,0
49,"0:49
 *Hoseok: ""you're getting in trouble""
 *Jk keeps imitating Namjoon* ""Cool""",197
25,0:25 *Jk doesn't feels guilty*,1
14,"0:14 look how happy he is 
im soft :(",0
24,0:24 For whoever edited this.. are you serious?,0
27,0:27 le  censuran la carita a nam ....but se le puede ver la cara en el celular de kook :v,0
25,"0:25 *bighit tries to protect joon's privacy**
Phone: Am i a joke to you?",0
25,0:25 to 0:32 you guys do realize we can clearly see his face on jungkook's phone ?,0
29,0:29 yo tapando mis errores jajajaja,1
46,"00:46 ????
Ù†Ø§Ù‚ØµØ© Ù„Ù‚Ø·Ø© 
ÙŠØ§ Ø¨ÙŠÙŠÙŠÙŠÙŠØº Ù‡ÙŠÙŠÙŠÙŠÙŠØª Ù„ÙŠØ´ ØªÙ‚ØµÙŠÙ† Ù„Ù‚Ø·Ø§Øª ÙˆØ´ ØµØ§Ø± Ø¨Ø§Ù„Ù„Ù‚Ø·Ø© Ø°ÙŠ Ù†Ø¨ØºÙ‰ Ù†Ø¹Ø±Ù ğŸ˜’ğŸ˜’ğŸ˜’",0
53,0:53 his face imitating joon's look when sleeping ISTGjjkkkkkskskSKKSSJkkJ Jin come and collect your child pls,7
25,0:25 ë‚¨ì¤€ì´ã…‹ã…‹ã…‹ã…‹ã…‹ã…‹íœ´ëŒ€í°ìœ¼ë¡œ ë³´ì—¬ìš¬ã…‹ã…‹ã…‹ã…‹ã„±ã…‹,0
25,"0:25 
Editors: ok censored 10/10",0
33,"0:33 Namjoon face. Take a picture 


Where is my like?",1
33,0:33 aun asi vi la cara de Namjoon,1
17,0:17 It was at that moment that Jungkook had found his next victim.,1
27,0:27 omg ğŸ˜‚ğŸ˜‚ğŸ’”,2
31,0:31 no si buena censura :v,0
4,"0:04
Taehyung looks like:
AM I A JOKE TO YOU?!",46
25,"0:25 they covered namjoonâ€™s head, but you can see him on the phone DIDISIJSDKVKKFKFK",0
27,"0:27 ""nadie vio la cara de RM"" ğŸ‘€ğŸ‘€",0
32,"0:32 Jajajaja 
Hay los amo BTS :D
0:05 Tae parecÃ­a un bebe durmiendo Jajaj.
JungKook escrachando a sus huyungs Jaja  
â™¡â™¡â™¡â™¡â™¡â™¡â™¡â™¡â™¡â™¡",3
29,0:29 Ğ—ĞĞ§Ğ•Ğœ Ğ¢ĞĞœ Ğ¡ĞœĞĞ™Ğ›Ğ˜ĞšĞĞœ Ğ—ĞĞšĞ Ğ«Ğ’ĞĞ¢Ğ¬ Ğ•Ğ¡Ğ›Ğ˜ Ğ’Ğ˜Ğ”ĞĞ Ğ§Ğ•Ğ Ğ•Ğ— Ğ¢Ğ•Ğ›Ğ•Ğ¤ĞĞ???ğŸ˜‚ğŸ˜‚,0
27,0:27 they cover his face and if he sees on the cell phoneğŸ˜‚ğŸ˜‚ (I'm from Mexico),186
28,0:28 da para ver que ele estava dormindo de boca aberta pelo celular do Jungkook ğŸ˜‚ğŸ˜‚ğŸ˜‚ğŸ˜‚ğŸ˜‚ğŸ˜‚,1
30,0:30  ì¹´ë©”ë¼ëŠ” ì¼ë¶€ëŸ¬ ì•ˆê°€ë¦°ê±´ê°€?,0
32,0:32 just pretend you didn't see anything,0
31,0:31 they put an emoticon on Joon's face but you can see his face from JK's phone XD,2
33,0:33 Why did you cover namjoons face if we can see it on the phoneğŸ˜‚ğŸ˜‚ğŸ˜‚,0
28,"0:28 *If you really wanna see Namjoons face look on JKâ€™s phone...*
>w< looks like you forgot an emoji!",0
25,"0:25 BH: Let me put a emo---
Jk: What you are saying?",12
34,0:34 they're hiding RM's face while we could see it on the phone,0
27,"0:27 le tapan la cara pero en el cel no :v

""Embezes las cozas no zalen komo keremoz"". xd",1
26,0:26... What's the point...You can see through the camera in the phone...,0
26,0:26 LMAO WE CAN STILL SEE HIS FACE THROUGH THE CAMERA,0
27,0:27 jk phoneğŸ˜‚ğŸ˜‚ğŸ˜‚,2
33,"0:33

ğŸ˜‚ we could see the pic from the phone cuz they covered it on Namjoonâ€™s face ğŸ˜‚",0
24,0:24 Why hide Namjoon's face if you can see it in his phone anyway XD,2
30,0:30 estÃ¡n tapando la cara de namjoon y jungkook la tiene en su celular,2
28,0:28 como cuando tapan la cara pero ves la foto en el celular  :v xd,0
27,"0:27ãã‚‰ã„ã‹ã‚‰ã€ãƒŠãƒ ã•ã‚“é¡”ã‚¹ã‚¿ãƒ³ãƒ—ã¯ã£ã¦ã‚ã‚‹ã‘ã©ã€ã‚°ã‚¯ã®ã‚¹ãƒãƒ›ã§ä¸¸è¦‹ãˆğŸ˜‚ğŸ˜‚ğŸ˜‚
ã‹ã‚ã„ã„ã­",1
28,0:28 aunque tapen su cara por el celular veo su cara,0
25,"0:25 meus quiridus, n adianta tampa o rosto do Nam okay? Eu jÃ¡ vi tudo pelo cll do Jungkook kkkk bjs",0
29,"0:29 ì¹´ë©”ë¼ì— ì–¼êµ´ ë‹¤ë‚˜ì˜¤ëŠ”ë°..
ì™œ ê°€ë¦¼ã…‹ã…‹ã…‹ã…‹",0
30,0:30 :)) RM picture =)),0
8,"0:08 He was patting his head while he sleeping 
*softness INTENSIFIES*",1
35,0:35 bighit put sticker on rm's face but still visible on yumms (jk)  phone ğŸ˜,0
26,0:26 ã…‹ã…‹ã…‹ã…‹ã…‹ã…‹ã…‹ã…‹ã…‹ã…‹ã…‹ã…‹ã…‹ğŸ˜‚,0
26,0:26 it looks on the cell phone jsjs.,0
30,"0:30 ahre que la censura esa no sirve, porque claramente se ve en el telÃ©fono de JungKook ;V jsjsjs salu3",0
28,"0:28 osea tapan su carta para que no le vean, pero no tapan el celular de JK y se ve perfectamente la cara de Nam",1
17,0:17 Is it just me or does it look like tae has scratches on his chest ? ğŸ˜‚,10
25,0:25 I can still see his face on the phone screen lmao,0
31,0:31 í¸ì§‘ìë‹˜.....ì •êµ­ì˜¤ë¹  íœ´ëŒ€í°ì€ ëª¨ìì´í¬ ì•ˆí•´ì£¼ì…¨.....ã…‹ã…‹ã…‹ã…‹ã…‹ã…‹ã…‹,0
25,"0:25
Evil maknaeğŸ˜‚",0
32,00:32 í¸ì§‘ìë‹˜ ìëŠ” ì–¼êµ´ì„ ê°€ë¦¬ë©´ ë­í•´ìš”.. í•¸ë“œí°ì— ì–¼êµ´ì´ ë‚˜ì˜¤ëŠ”ë°,0
28,0:28 porque tiene que estar esa caritağŸ™‚,0
15,0:15!!!  TAEKOOKSEOK!!!,0
1,0:01 nesesito esa foto de Taehyung ğŸ˜ğŸ˜ğŸ˜ğŸ˜ğŸ˜ğŸ˜ğŸ˜ğŸ˜ğŸ˜,0
26,0:26 uÃ©,0
31,0:31 JAJAJAJAJA su censura bien chida Â¿siono raza? Aaaaaah pero no fueran ellos haciendo ejercicio sin camisa porque ahÃ­ si te pones bien al tiro a censurar todo ğŸ™„ğŸ˜‚ğŸ˜‚,0
26,0:26 ğŸ˜‚ğŸ˜‚ a cara do RM  no celular,1
40,"0:40
Did you guys see jungkookâ€™s iPhone case??ã€€
Such a cute bunny!! <3


ã‚¸ãƒ§ãƒ³ã‚°ã‚¯ã®iphoneã‚±ãƒ¼ã‚¹ãŒã«ã‚“ã˜ã‚“ãªã®æœ¬å½“ã«ã‹ã‚ã„ã™ãã¾ã›ã‚“â‰
ã“ã‚Œã ã‹ã‚‰armyã¯ã‚„ã‚ã‚‰ã‚Œãªã„(Â´ãƒ»Ï‰ãƒ»ï½€)",0
24,0:24 I could still see his face on the phone.,0
28,00:28 ì˜¤ë¹  ì§€ëª»ë¯¸.. â¤ğŸ’œ,1
26,0:26 BIGHIT buts an emoji but you still can see his face on Jungkookâ€™s phone,0
20,0:20 íƒœí˜•ì´ ê¸ì–´ì„œ ë¹¨ê°œì¡Œë‚˜ ë³´ë„¤ ã… ã…  ì•„êµ¬ ã…œã…œ,0
26,0:26 Staff che máº·t Jin cÃ³ tÃ¢m ghÃª -..-,0
26,0:26 bighit are we serious,0
33,"0:33 máº¥y anh chá»‹ staff che láº¡i cho Chunie cÅ©ng nhÆ° khÃ´ng Ã  ,':))))",0
23,0:23 I've never seen a blur like that before ğŸ˜‚,0
31,"0:31 ã…‹ã…‹ã…‹ã…‹ã…‹ã…‹ë‚¨ì¤€ì´ë¥¼ ìœ„í•´ ìŠ¤ë§ˆì¼ ë¶™ì—¬  ë†¯ëŠ”ë°, í° ì¹´ë©”ë¼ì— ë‹¤ ë³´ì„ ã…‹ã…‹ã…‹ã…‹ã…‹ã…‹ã…‹",0
36,"0:36
I wish I could be those three girls sitting... Talking and just watching BTS members do fun backstage....
Ah... I am even ready to become their mirrorğŸ˜µğŸ˜‚
BTS ARMY ğŸ’œ",0
41,0:41jhope * you're absolutely getting your ass beaten hahah*,0
25,"0:25

What is the use of emoji,if we saw it in JK's cellphone?",0
30,0:30 Le pusieron un emoji a RM pero en el celular se le ve el rostro v: JAJAJAJAJAJ,0
1800,30:00 Thanks to the phone screen I able to see everything lolğŸ“±âœ¨ğŸ‘ŒğŸ»,0
26,0:26 They covered Rm's face with a sticker but you just have to look on his phone to see his face he is makingğŸ˜‚,0
26,0:26 I can see RM's cute face through the phone thoughğŸ™‚ğŸ˜ƒ,4
33,"0:33 this photo has big â€œegg energyğŸ¤¡
https://youtu.be/sQOZU6XRra8",0
29,0:29 let's pretend that we didn't see Namjoonie's face,0
27,"0:27 OML am I the only one who thinks joon looks literally soo damn cute Rn???? No???? yes?????
Ok....",0
30,0:30 you could fit an entire apple inside that mouth ğŸ˜‚ğŸ˜‚,0
10,0:10 XD,0
15,"0:15  JK :"" emoya nomo wouk'yo..."" 
I'm shook ; i'm very happy ; i feel very proud that i understand this without eng sub !
Well Bangtantv ! From now on i don't need ur sub, thank u.

*Sub :"" his mouth is very funny""*",10
25,0:25 even they sensor it we all still can see on kookie phoneğŸ¤£ğŸ¤£ğŸ¤£,1
28,"0:28
Jajajajjaj igualmente seve en el celular de kook, JAJAJAJ que lindo RM!!!!",0
39,"0:39 like si alguien mÃ¡s noto que la carcasa del celular de jungkook son de zanahorias xd??
Nuestro conejito bbğŸ°ğŸ¥•",0
32,0:32 ya can see Joonie on is phone sleeping xd,1
2,0:02  Yo JK I want that picture (me acting like I'm jungkook's casual friend Lol),0
28,0:28  pause tge vid then click the blue and look at the phone,0
39,0:39 JUNGKOOKS PHONECASE IS CARROTS! JUNGKOOK IS A BUNNY AND NO ONE CAN CONVINCE ME OTHERWISE! ğŸ˜‚,0
29,0:29 hahahahahahahhahahahahahahhaha thanks bighit thanks hahahhahahahagagaghagagagaggaga good meme uwu,0
26,00:26 we can see it through JK's phone,0
33,0:33 Escondeu o rosto do cara mas da pra ver o rosto dele pelo cell kkk,0
29,0:29 che nhÆ° khÃ´ng che ğŸ˜‚,0
27,"0:27
 *i see him,i see Rm*
FuNNy",1
31,0:31 kesinlikle telefondan gÃ¶rmÃ¼yoruz  sen yÃ¼zÃ¼nÃ¼ sansÃ¼rlemeye devam et bighit,0
26,"0:26 
Bighit censors Namjoon's face
JK's Phone: am I joke to you?



aM I wRitE TrUe nOw?

Yorum tutmuÅŸ lan",774
28,0:28Ä‘Ã£ nÃ³i táº¥t cáº£ ğŸ˜…,0
27,"0:27 
they hide namjon face and we can see it in jk phone....ğŸ˜‚ğŸ˜‚ğŸ˜‚",0
26,0:26 when they covered namjoon's face but we still can  see him through the phone ğŸ˜‚,20
25,"0:25 they didn't notice we can see rm face in phone

Leader taking a nap",41
26,0:26 *i mean we gucci-*,1
24,0:24 *they covered namjoon face with a emoji but we still see it through the phone* _logics bighit logics_,6
40,"0:40 u can see JK's phone cover has carrots on it. 
U already know why. ğŸ˜ğŸ˜",0
40,"0:40

*pRoOf*



*_jungook is a BUNNY_*",0
26,0:26 gotta screenshot that before the editors frickin censor the mf phone ğŸ˜‚,0
1,"0:01 Jungkook: ...
Me:HANDSOOMEEEğŸ’˜ğŸ’ğŸ’œ",0
26,0:26 we can literally see Joon's face on Kook's phone,0
27,0:27 sometimes I wonder if the staff just wants additional work ahshahah,0
25,"0:25 
RM: Censor my face

Staff: Yes",3
19,0:19 Taehyungâ€™s like â€œdamn it-â€œ ğŸ˜‚,632
12,"0:12 OMG! Is that u Kookie?
 I see Yunki , Gukie  and Seokie??ğŸ§ğŸ¤”ğŸ¤”",0
24,0:24 en la pantalla de Kook se ve el rostro se Nam xd ğŸ’œğŸ€,0
31,0:31 look at the phone,0
31,0:31 Ø§Ù„Ø³ØªØ§Ù Ù…ØºØ·ÙŠ ÙˆØ¬Ù‡ Ù†Ø§Ù…Ø¬ÙˆÙ† Ø¨Ø³ Ø§Ù†ÙŠ Ø´ÙØªÙ‡ Ù…Ù† ØªÙ„ÙÙˆÙ† Ø¬ÙˆÙ†Ù‚ÙƒÙˆÙƒ Ø´ÙƒÙ„Ù‡ ÙŠØ¶Ø­Ùƒ ğŸ˜† ğŸ˜‚,1
26,"0:26 **looks at JK's phone**
Welp BigHit we can still see it XD",0
29,0:29 YOU GUYS LITERALLY JUST EXPOSED NAMJOON KSHSKAJSKA,0
31,0:31 didnâ€™t block the screen though ğŸ˜‚,1
25,0:25 that smiley sticker tho!! as if we wouldn't see RM's face on JK's phone ğŸ˜‚ğŸ˜‚,19
31,0:31 da pra ver o rosto do namjoon no celular do jungkook kk,0
30,"00:30
Bighit: so you won't be able to see anything ehehe
 Phone screen: hold my MY BRIGHT SCREEN.",361
23,0:23 they wanted to respect Namjoon's rights as a human but failed because we can see his face on the phone's screen,0
33,0:33 no si les falto censurar el celular HAJAJAH,1
19,0:19 estoy segura de que alguien dice le saco una foto durmiendoğŸ¤£,0
16,0:16 (tae hyungs ) chest?!!?!!,0
28,0:28 can still see hus face on the phone ğŸ˜‚ğŸ˜‚,0
4,"0:04 Tae's face is like why i trusted you ğŸ˜‚ğŸ˜‚ğŸ˜‚ 
Namjoon ğŸ˜‚ğŸ˜‚",46
11,0:11 So cute~,0
31,0:31 yall forgot to blur jk's phone ğŸ—¿ğŸ—¿ğŸ—¿,0
30,00:30 ì–¼êµ´ì„ ê°€ë¦¬ë©´ ë­í•´ìš”ã…‹ã…‹ í•¸ë“œí°ì— ë‹¤ ë³´ì´ì–ì•„ìš”ã…‹ã…‹ã…‹ ë¯¸ì•ˆí•´ìš” ëª¬ì˜¤ë¹ ã…‹ã…‹ ìº¡ì³ ì¢€ í• ê»˜ìš”ã…‹ã…‹ã„±ã…‹ã„±ã„²,1
28,0:28 sÃ³ eu que vi o rosto do homem?tirando print ? KSKSK?,0
30,00:30 Bighit trying to protect namjoon's idol image but jungkook ruining it as expected ğŸ˜‚,0
25,"0:25
Covered RM's face but not JK's cam...
*you had one job*",182
24,0:24 they put a smiley on Namjoons face so we cannot see it but we can see his face on JKs camerağŸ’œğŸ’œğŸ˜‚ğŸ˜‚,0
32,0:32 *that emoji canâ€™t stop me from seeing Namjoonâ€™s cute face*,0
26,0:26 in the phone hahağŸ˜‚,0
27,0:27 We can see his face trough jk's phone xd,2
28,0:28 I know sleeping position from anywhere our loveable expensive gorl,0
30,0:30 haha they put the smile face but we can see in Jungkookâ€™s phone,0
30,0:30 bighit forgetting to put a censor face on the phone as well.. xD,0
39,0:39 Did you see JK's phone case? It's bunny carrots for our little bunny ğŸ°,0
2,0:02 TAEKOOKğŸ’™,0
27,0:27,1
30,"0:30 seriously, I'm out of wordsğŸ˜‚",0
29,"0:29 
Staff cÃ³ tÃ¢m trá»i Æ¡i che má»—i cÃ¡i máº·t
CÃ²n cÃ¡i Ä‘iá»‡n thoáº¡i ko che
Che nhÆ° ko che tháº¿ ğŸ˜‚",0
26,00:26 why did they put an emoji over his face?  *WE CAN SEE HIS FACE IN KOOKIES PHONE* ğŸ¤£ğŸ¤£,0
32,"0:32
We see the camera you know XD",0
54,0:54 funny moment kookie..iğŸ’œu,0
29,0:29 the way he takes the photo....,0
27,0:27 I love how they blur Namjoonâ€™s face but we can literally see it through Kookâ€™s phone,68
30,0:30 we can see him in Jk's phone bro ğŸ˜‚ğŸ˜‚ğŸ˜‚,0
25,0:25 í° ì¹´ë©”ë¼ í™”ë©´ìœ¼ë¡œ ë‹¤ ë³´ì´ì–ì•„ìš¬ã…‹ã…‹ã…‹ã…‹ã…‹ã…‹ã…‹ã…‹ã…‹ã…‹ã…‹ã…‹,0
26,0:26 look at phon ğŸ˜‚ğŸ˜‚âœŒğŸ’™,1
30,"0:30 ğŸ˜™ 
In a phone kooki ğŸ°namjoon ğŸ˜ªcute a lot and tae ğŸ˜›ğŸ˜›ğŸ˜›ğŸ˜›ğŸ˜âœŒâ¤â¤â¤â¤ğŸ˜‚
I'm Arab ARMY girlğŸŒ¹ğŸŒ¹ğŸŒ¹ğŸŒ¹âœŒğŸ˜ğŸ˜",1
26,0:26 ë¶€í„° ì € ìŠ¤í‹°ì»¤ ì™œí•œê±°ì–”ã…‹ã…‹ã…‹ã…‹ í°ì— ë‹¤ ë³´ì´ëŠ”ëˆã…‹ã…‹ã…‹ã…‹ã…‹ã…‹,0
25,0:25 What's the point of putting an emoji of his face when we can already see the pic through the phone ğŸ˜‚ bruuuuuuh I just LOVE themğŸ’œğŸ’œğŸ’œ,0
26,0:26 covering his face but we can still see it through jk's phone?ğŸ¤·â€â™€ï¸,0
28,"0:28 
BigHit : Sensor for protect Namjoon face
Amrys : *looking at Jungkook phone screen* 

You sensor for what? LoLL ğŸ˜‚",6
26,0:26 when they covered namjoon's face but we still can  see him through the phone ğŸ˜‚,710
1,"0:01
U sleep like a winter bear my baby bear ğŸ˜…ğŸ’œ",0
32,0:32 i can still see him face through guk's phony,0
31,"0:31


ğŸ˜‚ğŸ˜‚ğŸ˜‚",0
28,0:28 bighit puts an emoji on RM's head but de can clearly see him in jungkook's phone  ğŸ˜‚ğŸ˜‚,0
32,0:32 che ráº¥t cÃ³ tÃ¢m nha,0
25,0:25 yah bightit i can see joon's face in jk's phone LOL,0
24,"0:24
Ø¨ÙŠÙ‚Ù‡ÙŠØª ØºØ¨ÙŠØ© ÙˆÙ„Ø§ ØºØ¨ÙŠØ©ØŸ",0
25,"0:25 XD
Tapaban la cara de RM 
Y se veÃ­a en el celular de jungkookğŸ˜‚ğŸ˜‚ğŸ˜‚",0
34,0:34 I still can see his face,0
28,0:28 ë‚¨ì­ˆë‹ˆ ì¹´ë©”ë¼ì—¨ã…‹ã…‹ã…‹ã…‹,0
26,0:26 ì¹´ë©”ë¼ëŠ” ì•ˆê°€ë ¤ìš”??ì¡¸ê·€ë‹¤ã… ã…œ,1
31,"0:31 Bighit protecting Namjoon's human rights.
Meanwhile JK's phone:  - 0 -",0
25,"0:25ë‚¨ì¤€ì˜¤ë¹ ??
í•œêµ­ë¶„ ì—†ë‚˜ìš”?ìˆìœ¼ë©´ ëŒ“ê¸€ ã…",0
25,"0:25 
I didn't want to show the 
Face but little did they know it appears on jungkook's phone",0
31,"0:31
We didn't see Namjon's face, but we saw him in Jungkook Mobile",360
31,"0:31 joonie's face in the camera      

 
I can't ğŸ˜‚",1
31,00:31 look at phone diufhfufkg,0
30,0:30 Bighit thought we can't figure out the reality loooolğŸ˜‚,0
29,00:29 we can watch from jk phone â˜»â˜»ğŸ‘,0
27,0:27 bruhh whats the point,0
19,"0:19
Tae having a serious mental breakdown... ğŸ˜‚ğŸ˜‚
I think he will take the revenge soonğŸ˜‰",0
26,"0:26 

I can literally see namjoon's face in jk's IPhoneğŸ˜‚",1
40,0:40 Jk's phone case with carrot pattern ğŸ¥• He is a real rabbit! ğŸ°â¤,0
4,0:04 Tae looks so betrayed lolğŸ˜‚ğŸ˜‚,1
26,0:26  le echaron una foto y le pusieron un emoticÃ³n para que no se le vea la cara y luego en la foto se ve :v,1
29,0:29 RM ğŸ¤£ğŸ¤£ğŸ¤£,0
28,0:28 I can see NamJoon on JungKook's iphoneğŸ˜‚ğŸ¤£ğŸ¤£,2
30,"0:30
BH: blocks joon's face
JK's phone: you forgot me 
JSHDJSJSSHHS",393
2,"0:02 wait...
Earth Chan? OwO",0
33,00:33 should we tell them that we can see his face tho...,0
26,"0:26 ĞĞ³Ğ°, Ğ½Ğµ Ğ¿Ğ°Ğ»Ğ¸Ğ¼ÑÑğŸ˜‚ğŸ˜‚ğŸ˜‚ Ğ•Ğ³Ğ¾ Ñ€Ğ¾Ğ¶Ğ°Ğ°Ğ°Ğ°Ğ°Ğ°Ğ°Ğ°ğŸ’œğŸ’œğŸ’œğŸ’œğŸ’œğŸ’œ 
ĞĞ°Ñˆ Ğ»ÑĞ±Ğ¸Ğ¼Ñ‹Ğ¹ ĞºĞ¾Ñ‚Ñ‘Ğ½Ğ¾Ñ‡ĞµĞºğŸ˜‚ğŸ’œğŸ’œğŸ’œğŸ’œ",0
28,0:28 what is the point of covering with emoji if we can see it through jkâ€™s phone?ğŸ˜‚ğŸ˜‚ğŸ˜‚,405
31,0:31 Me taking photos of my friends..,0
32,"0:32
Bighit: You shouldn't see his face..
Jungkook's Phone: No, You can!",0
26,"0:26
Ù†Ø§Ù…Ø¬ÙˆÙ† Ø¸Ø§Ù‡Ø±Ø© ØµÙˆØ±ØªÙ‡ Ø¨Ø§Ù„ÙÙˆÙ† Ø­Ù‚ ÙƒÙˆÙƒğŸŒğŸ”ªØŒØ¨ÙŠÙ‚Ù‡Øª Ø§ØºØ¨ÙŠØ§Ø¡ Ù…Ø§ Ù„Ø§Ø­Ø¸ÙˆØ§ Ø¨Ø³ Ù†ÙˆÙ…ØªÙ‡ ÙƒÙŠÙˆÙˆÙˆØª ØªØ±Ù‰:(â™¡",1
29,0:29 wow Good job bighitğŸ˜‚,0
26,0:26 so they hid Joon's face with a smiley but they forgot we can still see it through Jungkook's screen lmaaaoo,0
26,"0:26 le censuran la cara a namjoon pero no en el movil, grande bighit",0
27,0:27 stupid bighit ğŸ˜­ğŸ˜‚ğŸ˜‚ look at the phone,0
3,0:03 Ğ—ĞµĞ¼Ğ»Ñ ĞºÑƒĞ½,0
25,0:25 intellectuals will look at the phone screen,0
25,0:25....bighit yall had one job,0
26,0:26 Bighit you had one job and it is covering Kookie phone,13
26,"0:26 
Bighit & BTS : *adds a smile emoji over Namjoon's sleeping face*



Every single ARMY : *looks at his face in JK's phone*",22
40,"0:40 Hobi probably thought like: 
A note for myself, never sleep near Jungkook...This lil brat...",0
29,0:29 Ğ·Ğ°Ñ‡ĞµĞ¼ Ğ·Ğ°ĞºÑ€Ñ‹Ğ²Ğ°Ñ‚ÑŒ Ğ»Ğ¸Ñ†Ğ¾ ÑĞ¼Ğ°Ğ¹Ğ»Ğ¸ĞºĞ¾Ğ¼ ĞµÑĞ»Ğ¸ Ğ½Ğ° Ñ‚ĞµĞ»ĞµÑ„Ğ¾Ğ½Ğµ Ğ¾Ğ½Ğ¾ Ğ²Ğ¸Ğ´Ğ½Ğ¾ğŸ˜‚ğŸ˜ğŸ˜ŠğŸ’,54
24,0:24ã„ã‚„ã€åå°„ã—ã¦è¦‹ãˆã¨ã‚‹ww,0
27,0:27 u can see him on the pjone screem,0
40,0:40 ARE YOU TELLING ME OUR LIK BUN BUN HAS A CARROT PHONE CASE,0
27,0:27 Well you fucked up to censor the phone ğŸ˜‚ğŸ˜‚ğŸ‘ğŸ‘,0
26,0:26 okay but we can see on JKâ€™s phone x),0
20,0:20 V plans how to kill themğŸ˜‚ğŸ’œ,0
27,0:27 BIG HIT JOON'S FACE IS STILL SEEN ON JK'S PHONE !!,0
30,00:30 ì•„ë‹ ã…‹ã…‹ã…‹ ì¹´ë©”ë¼ë¡œ ë‹¤ ë³´ì´ì–ì•„ã…‹ã…‹ã„²,0
40,"0:40 
 LOVE YOU ğŸ˜ J_HOPE ğŸ’œğŸ’œğŸ’œğŸ’œğŸ’œğŸ’œğŸ’œğŸ’œğŸ’œğŸ’œğŸ’œğŸ’œğŸ’œğŸ’œğŸ’œğŸ’œğŸ’œ",1
28,"0:28 are you really bighit? Why only put sticker on Seokjin face, what about JK phone ğŸ˜‚ (i thought thats seokjin,but thats Namjoon? omg)",0
27,0:27 lol Bighit thought they sleek ğŸ˜‚ğŸ˜‚,0
18,"0:18 
Noone saw what I saw..
Hehe
Blessed my eyesğŸ™ˆğŸ’œğŸ–¤",0
27,"0:27 ìŠ¤ë§ˆì¼ë¡œ ì–¼êµ´ì´ ê°€ë ¤ìˆì§€ë§Œ 
ì •êµ­ì˜¤ë¹  íœ´ëŒ€í°ì„ë³´ë©´ ë„ˆë¬´ ê·€ì—½ë‹¤ëŠ”ê±¸ ì•Œìˆ˜ìˆë‹¤ ğŸ’œ",1
26,0:26 we see you RM ğŸ˜‚ğŸ˜‚,0
31,"0:31 
They're covering namjoons face but we still can see it on Jungkooks phone xD",435
27,0:27 ì¹´ë©”ë¼ í™”ë©´ì— ì–¼êµ´ ë‹¤ë³´ì„ã…‹ã…‹ã…‹,0
26,"0:26

BTS editors: LOLOLOLOLOL...ok I shouldn't laugh, so I'll just put a smiley face on Jin's face.........* Cracks up *
BTS editors: Dudes, A.R.M.Y has got to see this but I can't violate Worldwide Handsome's image....

Jungkook's phone: and that's where I save the day.",0
25,"0:25 
Bighit: covers namjoons face
Jungkooks phone: *not today bighit*",86
24,0:24 ã…‹ã…‹ã…‹ã…‹ã…‹ã…‹ã…‹ã…‹ã…‹ã…‹ã…‹ã…‹ã…‹ã…‹ã…‹íœ´ëŒ€í° í™”ë©´ìœ¼ë¡œ ë‹¤ ë³´ì´ëŠ”ë° ì–¼êµ´ ëª¨ìì´í¬ê°€ ë¬´ìŠ¨ ì†Œìš©ì´ì•¼ã…‹ã…‹ã…‹ã…‹ã…‹ã…‹ã…‹ã…‹ã…‹ã…‹,0
27,"0:27 they blurred his face, but you can see it in the camera ğŸ˜‚",0
17,"0:17  did anyone noticed? taehyung chest is red cz of his allergy , only me ?",0
29,0:29 when RM was sleeping they put a smiley but we can see RM sleeping in jk phone ğŸ˜‚,0
26,0:26 bruh you can see eggjoon on the phone,0
31,0:31 how pointless was it to blur it out but still show it on the phone.,0
31,0:31 namjoon's face in the phone :)),0
26,0:26 I saw namjoon's face in the camerağŸ˜…ğŸ˜…ğŸ˜…,0
26,"0:26 ì— ì–¼êµ´ì€ ê°€ë¦¬ê³  íœ´ëŒ€í° ì†ì˜ ì–¼êµ´ì€ ê°€ë ¤ì£¼ì§€ ì•Šì€.,.",0
53,"0:53
*and here jungkook trying to Imitate namjoon face* ğŸ˜‚ğŸ˜‚ğŸ˜‚",0
25,0:25 whats the point of putting the emoticon when we still can see it ğŸ˜‚ğŸ˜‚ğŸ˜‚,0
8,0:08 I wonder who's hand that is on V's face,0
26,0:26 ë‚¨ì¤€ì˜¤ë¹  ì–¼êµ´ì„ ê°€ë¦¬ë©´ ë­í•´ã…‹ã…‹ã…‹ã…‹ã…‹ í™”ë©´ìœ¼ë¡œ ë‹¤ ë‚˜ì˜¤ëŠ”ë° ã…‹ã…‹ã…‹,0
31,0:31 logic of BigHit,0
24,0:24 why cover it up when we can see it on jk's phoneğŸ˜‚ rm is so handsomeâ¤â¤,0
26,0:26 we can still see his face haha,0
28,"0:28 They blurred put Namjoonâ€™s face but what about Jungkookâ€™s phone screen?ğŸ˜‚







Soooo I didnâ€™t know that there were also comments similar to mines ;-;",1
26,"0:26 
Bighit wants us to focus on Jungkook's high quality phone by cencoring RM's face lol",732
24,0:24 poor RM XD,0
29,0:29 ğŸ˜‚ğŸ˜‚ğŸ˜‚ğŸ˜‚ğŸ˜‚ğŸ˜‚ğŸ˜‚,0
27,0:27 they put an emoji to censor namjoon's face but you can still see it jk's phone ğŸ¤£ğŸ¤£ğŸ¤£ğŸ¤£ğŸ¤£ğŸ¤£ğŸ¤£,0
44,0:44 You know what Tae thinks ğŸ˜‚ He must be careful when sleeping,16
26,"0:26 dear bangtantv editor, i still clearly see what you cover ğŸ˜",0
26,0:26 censuran la carita de Nam pero no el celular de JKğŸ˜‚ğŸ˜‚ğŸ˜‚ğŸ˜‚ğŸ˜‚ğŸ˜‚ğŸ˜‚ entonces para que la censura?,0
27,"0:27 the editors did a good job covering up RM's face



But not Jk's phone ğŸ˜‚ğŸ’€",561
26,00:26 yes jk... we cant see it! We dont know whats behind that emoji...,0
29,0:29 che máº·t Joonie nhÆ°ng khÃ´ng che Ä‘iá»‡n cá»§a JungKook ğŸ˜‚,0
40,"0:40 ê¾¸ê¸°ì˜¤ë¹¸ã…‹ã…‹
ê°€ë°©ì—ë„ ğŸ¥•ì„ ë„£ê³ ë‹¤ë‹ˆë”ë‹ˆ
ì´ì   ì¼€ì´ìŠ¤ì—ë„ ğŸ¥•ì„ ë¶™íˆê³  ë‹¤ë‹ˆë„¿ã…ã…
íí« ì‚¬ë‘ìŠ¤ëŸ½êµ° ğŸ˜Š
ì—­ì‹œ ê¾¸ê¸°ì˜¤ë¹ ëŠ” í† ë ê°€ğŸ°í™•ì‹¤í•´..
ğŸ˜˜",1
9,0:09 is it jk's hand on tae's face on the screen....taekook mood onğŸ˜,0
30,"0:30
Big hit covered RM'S face 
But we can all so see it in jungkook's phoneğŸ˜¹ğŸ˜¹ğŸ˜¹ğŸ’”. 

Sorry my English is bad :)ğŸ’”ğŸ’”ğŸ’”.",0
24,0:24 they're tryna keep Joons human rights,0
26,0:26 where are you RM stanğŸ˜‚ğŸ˜‚ğŸ˜‚,3
26,"0:26 ohhh no bighit you have forgot the phone of jungkook
We have see RM sleepingğŸ˜‹ğŸ˜‹ğŸ’œğŸ’œ",119
26,"0:26 Look...at J..JUNGKOOKS PHONE HAHAHA CAUGHT RM'S FACE SO CUTE,FUNNY AND HILARIOUS.",4
25,"0:25 

It's fun to be a leader they said.",0
30,0:30 ok ... but ... they donâ€™t know namjoonâ€™s face is in the phone ğŸ“± ğŸ˜‚ğŸ’”,5
27,0:27 RM and JK's phoneğŸ˜‚ğŸ˜‚ğŸ˜‚sr for my english,0
26,0:26 wow I don't know who it was omggg can u guess?,0
30,0:30 ì•„ë‰°ã…‹ã…‹ ë‚¨ì¤€ì˜¤ë¹  ìŠ¤ë§ˆì¼ë¡œ ê°€ë¦¬ë©´ ë­í–Œã…‹ã…‹ã…‹ã…‹ í°ì¹´ë©”ë¼ì— ë‹¤ë³´ì´ëŠ”ë’ ã…‹ã…‹ã…‹ã…‹,0
20,"0:20 
*taetae's mind*: jungkooks gonna pay for this...
            âš INCOMING WINTER BEARâš ",1
25,0:25 oh â€¦RMğŸ˜‚,0
25,0:25 They blurred his face but you can still see it in Jungkooks camera XD Don't worry Namjoon! You are always beautiful! :),0
28,0:28 bighit put  a sticker on namjoon's face but here I am seeing namjoon's face in jungkook's phone,0
26,0:26 hi Bangtantv Ik ur not gonna see this but sorry we saw everything thru JK's phone u no need to cover it XD,0
21,"0:21
Tae being so done with his maknaeğŸ˜‚ğŸ˜‚
I love how he pretends to be okay at first but then suddenly have a mental breakdownğŸ˜†",153
26,"0:26 **Censors Namjoon's Face**
Me: Jungkooks phone view is nice",192
12,0:12 it's Hobie but why I feel like watching two Jungkook? ğŸ˜±,0
25,0:25 Honetly.. why bother to censor Jins face when it is all shown on JK's phone while he takes the pictures???,0
27,0:27 ğŸ¤¦â€â™€ï¸Ñ‡Ñ‘ Ñ‚ĞµĞ»ĞµÑ„Ğ¾Ğ½ Ñ‚Ğ¾ Ğ½Ğµ Ğ·Ğ°Ğ±Ñ€ÑĞ»Ğ¸Ğ»Ğ¸,0
32,0:32 ì•„ë‹ˆã…‹ã…‹ã…‹ ë‚¨ì¤€ì˜¤ë¹  ì–¼êµ´ì€ ê°€ë¦¬ë©´ì„œ ì™œ ì¹´ë©”ë¼ëŠ” ì•ˆ ê°€ë ¤ìš”ã… ã… ã…‹ã…‹ã…‹ ì–¼êµ´ ë‹¤ ë³´ì´ëŠ”ë°ã… ã… ã… ã…‹ã…‹ã…‹ã…‹ ã… ã… ã… ã… ã… ã… ,2
29,0:29 ì–¼êµ´ì„ ê°€ë¦¬ë©´ ë­í•´ìš”?ã…‹ã…‹ã…‹ã…‹ã…‹ã…‹ã…‹ì¹´ë©”ë¼ì— ë‹¤ë‚˜ì˜¤ëŠ”ë°ìš¬ã…‹ã…‹ã…‹,0
33,"0:33 already saw the cute open mouth of Joonie! ğŸ˜‚ğŸ˜‚ 
Thanks to Jk's phoneğŸ’œ",0
27,0:27 We can see his face in the camera xD,0
21,"0:21
Tae being so done with his maknaeğŸ˜‚ğŸ˜‚
I love how he pretends to be okay at first but then suddenly have a mental breakdownğŸ˜†",10
31,0:31 look into jungkooks phone,0
1,0:01 I NEED THIS FOTO DLODOAKDKNCJCIFHBRJEPAPPWKF,0
24,"0:24
ã‚¹ãƒãƒ›ã®ç”»é¢éš ã•ãªã„ã¨www",0
40,0:40 are those carrots on jungkookâ€™s phone case??? SOMEONE CONFIRM?! ğŸ¥•,1
27,0:27 they covered Namjoonâ€™s face but u can see it in the phone,0
1,"0:01 be like ""flex ko lang jowa ko""",0
30,0:30 they censored his actual face but not the phone so you can still see his face....,0
1,"0:01
Tae looks perfect even while hes sleeping. Damn i'm so done with this boyğŸ˜­ğŸ˜­ğŸ˜­",282
27,0:27 I saw Namjoon face on the phone ğŸ˜‚ğŸ’”ğŸ˜‚ğŸ˜‚ğŸ˜‚,1
25,"0:25
Se puede ver la cara de RM en el celular de Jungkook ğŸ˜‚ğŸ˜…",0
26,0:26 TELL ME WHY THEY COVERED NAMJOON BUT NOT THE PHONE ğŸ˜‚ğŸ˜‚ğŸ’€ğŸ’€,0
26,"0:26 sorry Namjoon, I can still see your face sleeping in Jungkook's phone. ğŸ˜‚ğŸ™",0
30,0:30 I bet Seokjin gonna take photos of our golden maknae sleeping ğŸ”¥,0
25,"0:25
 STAFF: block RM face
ME: I CAN SEE THROUGH JK PHONE DUMBASS-",0
27,0:27 yo ocultando que me encanta BTS,0
27,"0:27 *what was the point of censoring Namjoonâ€™s face, we can see it on the phone lmao*",0
30,"0:30 Â¿cÃ³mo se respiraba? JAJAJAJAJAJ ay we, ya no puedo :v",4
25,"0:25
*okay so we're just gonna pretend we didn't see that...*",2
27,0:27 JungkookğŸ˜„,1
7,"0:07 ""When jungkook shows the pictures for himself""",0
29,0:29 They put a smiley face over Namjoons face but not on JKs phone,0
25,"0:25 le taparon la cara pero, Â¿y la foto? Jajajaja trÃ¡gico todo",1
26,0:26 I CAN'T!!!!! HAHAHAHA,1
26,0:26 not at how they put emoji on joons face but we can CLEARLY see his sleeping face on jungkooks phone IM WHEEZING SKKDJDORKRO,0
31,"0:31
So we ain't gonna talk about that.?",0
25,"0:25 Bighit Covering Namjoon to sleep, Namjoon's face still appears in JungKook's phone ğŸ˜‚",0
27,"0:27 La Bighitler censurando la cara de Nam y en el celular de JeongGuk aparece su cara, BigHit es yo en la vida JABFAKHFJS.",0
25,0:25 you can clearly see RM's face in the phone ğŸ˜‚ğŸ˜‚,0
25,0:25 ì•„ë‹ˆ í•¸ë“œí°ë„ ê°€ë ¤ì•¼ì§€ ì•ˆê·¸ëŸ¬ë©´ ì–¼êµ´ ê°€ë¦° ì´ìœ ê°€ ë­ì•¼ã… ã…œã… ã…‹ã…‹ã…‹ã…‹ê¸°ì•¼ë¯¸ë“¤ğŸ’œ,0
26,0:26 ì¹´ë©”ë¼ í™”ë©´ì— ë‹¤ ë³´ì´ëŠ”ë° ì™œ ê°€ë¦° ê±°ì˜ˆìš”?? ã…‹ã…‹ã…‹ã…‹ã…‹ã…‹ã…‹ã…‹ã…‹ã…‹ã…‹ã…‹ ã…‹ã…‹ã…‹ã…‹ã…‹ã…‹ã…‹ã…‹ã…‹ã…‹ã…‹ã…‹ã…‹ã…‹ã…‹ã…‹ã…‹ã…‹ã…‹ã…‹ã…‹ã…‹ã…‹ã…‹ã…‹ã…‹ã…‹ã…‹ã…‹ã…‹ã…‹ã…‹ã…‹ã…‹ã…‹ã…‹,0
27,0:27 Oh....Stop it!!!ğŸ¤­ğŸ˜‚,0
25,"0:25 dear *BANGTAN TV* editor, there's no use putting emoji in Namjoon's face because we can clearly see that on Jungkook's phoneğŸ¤¦",0
27,"0:27 nosi, censuran la cara de Nam pero no el celular de JungKook JAJAJAJAJ, gracias nos acaban de dar el nuevo meme de Army.",1
26,0:26 sensuran la cara de namjoon pero igual se ve en la camara del celularjj,1
29,0:29 i can still seee dut beautiful face of RMğŸ˜‚,0
28,0:28 i can see you !!!:)))),0
30,0:30 =)),0
32,0:32 staff cÃ³ che cÅ©ng nhÆ° khÃ´ng,0
29,0:29 okay I'm sorry and all but why y'all gonna put an Emoji over namjoons face when we can see it on jungkooks phone,0
30,0:30 they're sensoring namjoon face but we can exactly see his face from jk phoneğŸ˜‚,0
27,0:27 i can see his face ğŸ˜‚ğŸ˜‚ğŸ˜‚ğŸ˜‚ on the phone,0
1,"0:01
Tae looks perfect even while hes sleeping. Damn i'm so done with this boyğŸ˜­ğŸ˜­ğŸ˜­",11
28,0:28 they covered rm face... but jungkook's phone ğŸ˜‚,0
25,0:25 They censored Namjoon's face but you can still see him on JK's phone! ğŸ˜‚ğŸ˜‚ğŸ˜‚ğŸ˜‚,0
30,"00:30 caraio bighit,q que adianta tampar a cara do minino e deixar a mostra o celular do jk kkkkk",0
25,0:25 oh wait ã…‹ã…‹ã…‹,0
24,0:24 ì•„ë‹ˆ ë©ëª¬ ì–¼êµ´ ê°€ë ¤ë„ í°ì— ë‹¤ ë‚˜ì˜¤ëŠ”ë‰ã…‹ã…‹ã…‹ã„·ã„·ã…‹ã…‹ã…‹ã…‹ã…‹ã…‹ã…‹ã…‹ã…‹ã…‹ã…‹ã…‹ã…‹ã…‹ã…‹ã…‹ã…‹ã„±ã…‹ã…‹ã…‹ã…‹ã…‹ã…‹ã…‹ã…‹ã…‹ã…‹ã„±ã…‹ã„±ã…‹ã„±,0
25,0:25 ğŸ‘ŒĞ½Ğ° Ñ‚ĞµĞ»ĞµÑ„Ğ¾Ğ½Ğµ Ğ±Ñ‹Ğ»Ğ¾ Ğ²Ğ¸Ğ´Ğ½Ğ¾ ĞµĞ³Ğ¾ Ğ»Ğ¸Ñ†Ğ¾ğŸ‘ŒğŸ™ƒ,1
1,"0:01
Tae looks perfect even while hes sleeping. Damn i'm so done with this boyğŸ˜­ğŸ˜­ğŸ˜­",5
28,0:28 váº­y thÃ¬ che lÃ m gÃ¬ ta??ğŸ˜,0
28,"0:28

Censuran la cara pero en el celular se puede ver :v

MUY BUENA xd",0
33,0:33 they hide RMâ€™s face but we can still see it on the phone lmaoooo wonderful,0
25,"0:25 I still see u, Joonie!!",0
28,0:28 really big hit ğŸ˜‚ğŸ˜‚ğŸ˜‚is that your sense of humor ğŸ˜‚ğŸ˜‚ğŸ˜‚,0
33,0:33 look at JK phone,0
28,0:28 We can still see him in the phone screen Bighit ğŸ˜‚,0
30,0:30 BIG HIT NO SEAS MAMONA COÃ‘OOO,0
29,0:29ğŸ˜‚ğŸ˜‚ğŸ’œ,0
25,0:25 tapan la cara de Nam pero se ve por el celu de Kook JAJAJJA,0
26,"0:26 le tapan la cara a Namjoon con el emoji, pero aÃºn asÃ­ se puede ver en la pantalla del celular ğŸ˜‚ğŸ˜‚",0
26,0:26 ë•Œ ì–¼êµ´ì€ ê°€ë¦¬ë©´ì„œ ì¹´ë©”ë¼í™”ë©´ì€ ì™œ ì•ˆê°€ë¦¬ëŠ”ê±°ì§€ ã…‹ã…‹ã…‹ã…‹ã…‹,0
29,0:29 WE CAN STILL SEE HIS FACE ğŸ˜‚,0
26,0:26 when the editors try to block namjoon's face when we can see it on Jungkook's phone ğŸ˜‚ğŸ˜‚ğŸ˜‚ğŸ˜‚,0
28,0:28 RM's face in JK's phone :)),0
27,"0:27 segÃºn lo ""taparon"" para que no se vea y se logra ver en el celular de jungkook xdxdxd",0
29,0:29 ì™œ ê°€ë ¸ì§€? í•¸ë“œí° í™”ë©´ìœ¼ë¡œ ë³´ì´ëŠ”ë°ã… ã… ,0
33,"0:33
They forget to blur the phoneğŸ˜‚
And i love itğŸ’œğŸ’œ",0
31,0:31 I CAN SEE NAMJOON'S FACE THROUGH JK'S PHONE LMAOOOO MY BIG BEARRRR,0
38,"0:38ì´ˆì˜ ì •êµ­ì´ì˜ ë„“ì€ ì–´ê¹¨ì— ì‹¬ì¿µ, 0:40ì´ˆì˜ ë‹¹ê·¼ ì¼€ì´ìŠ¤ì— ì‹¬ì¿µ

ê²°ë¡ ì€ ë­ë‹¤, ì „ì •êµ­ ì¡¸ê·€ë‹¤ **",0
28,0:28 why did they cover Namjoon's face ?? ğŸ˜‚ğŸ˜‚ğŸ˜‚ğŸ˜‚  obviously we can see from JK's phone god i love him,0
25,"0:25 0:25 0:25 0:25
0:25 0:25 0:25 0:25

ì¹´ë©”ë¼ í™”ë©´ë‘ ëª¨ìì´í¬ í•´ì£¼ì…§ì–´ì•¼ì£ ã…‹ã…‹ã…‹ã…‹ã…‹ã…‹ã…‹ã…‹ã…‹ã…‹ã…‹ã…‹ã…‹ã…‹ ì•„ ë„ˆë¬´ ê·€ì—¬ì›Œã… ã… ã… ã… ã… ã… ",0
28,0:28 forget close phone sceen haha he open mouth,0
27,0:27 You do know we can still see the phone. Right?,0
25,"0:25 Jajajajj le tapan la cara a Nam Joon y por el celular se ve,ğŸ˜‚ super cuteğŸ˜ los amo demasiadoğŸ’œ.",1
26,0:26 EL CELULAR JAJAJAJAJAJAJA,0
26,0:26 BH lo censura pero se puede apreciar bien desde el celular de JK JAJAJAJğŸ˜‚ğŸ˜‚,9
16,"0:16 oh sexy Vâ€™s chest
 *notices something on his chest*

what my mouth says: wait what happend did yeontan strach him?

what im thinking:  OOHOHOHO JUNGKOOK BEEN STRACHING YO CHEST LAST NIGHT CUZ HEHEHE IT WAS PRETTY ğŸ˜œğŸ¤¡ğŸ¤¡ğŸ¤¡ğŸ”¥ğŸ”¥ğŸ”¥ğŸ˜œğŸ˜œğŸ˜œğŸ˜œğŸ‘‹ğŸ¾ğŸ‘‹ğŸ¾ğŸ‘‹ğŸ¾ğŸ‘‹ğŸ¾ğŸ¥µğŸ¥µğŸ¥µğŸ¥µğŸ¥µğŸ†ğŸ†ğŸ†ğŸ†ğŸ’¦ğŸ’¦ğŸ’¦ğŸ‘€ğŸ‘€ğŸ‘€ğŸ‘€",0
25,0:25 they blocked namjoons face but we can still see it from jungkooks phone ğŸ¤£ğŸ˜‚ğŸ˜‚ğŸ˜‚ğŸ°ğŸ¨ğŸ’œ,0
26,0:26 they covered the face but i saw the face in jungkook's phoneğŸ˜‚,0
28,0:28ì— ë‚¨ì¤€ì— ì˜¤ë¹  ì–¼êµ´ì€ ê°€ë ¸ëŠ”ë° íœ´ëŒ€í° í™”ë©´ì— ë‹¤ë³´ì˜„ã…‹ã…‹ã…‹ã…‹ã…‹ã…‹ã…‹ã…‹ã…‹ã…‹ã…‹ í™”ë©´ë„ ì¢€ ê°€ë ¤ì£¼ì§€..........,0
30,0:30 le tapan la cara a Nam y se ve su cara en el telefono de Kuk. :v,0
27,0:27 OMG look at the phone ğŸ˜‚ğŸ˜‚ğŸ˜‚ğŸ’”,1
29,0:29 le tapan la cara pero se ve en el celular jsjsjsjsjsjs,0
28,0:28 you know we can see his face in the phone right?ğŸ¤£ğŸ¤£ğŸ¤£ğŸ¤£,0
30,00:30 se olvidaron de censurar el telÃ©fono,1
30,0:30 á»§a cáº§n gÃ¬ che máº·t Jin,0
27,"0:27 i still looking through jungkookâ€™s phone so the happy face donâ€™t work 

Try me bighit :v 
Iâ€™m kidding donâ€™t try me :3",0
24,"0:24
Nadie:
Neta nadie en el pinche mundo:
Ni tu amigo grabandote en la peda para sus historias:
Los de bighit censurando la cara de Namjoon pero no el telÃ©fono de Jk",1
25,"0:25 
Big hit esta mexendo mt com censuras n gosto disso!",0
26,0:26 we may not see his face cause it cover but we can see it from jk phone XD,0
45,0:45 J hope is like..  How will I sleep now.. With this little devil around..  ğŸ˜”ğŸ˜‚ğŸ˜‚ğŸ˜‚ğŸ’•ğŸ’œ,0
32,"0:32 I don't understand the fact that they covered RM's face with an emoji, when we can CLEARLY see his face from Jungkook's phone....
wHaT?




Edit: Shoot.. I just read the comments and almost all of them say the same thing.. Too lazy to delete it so I won't (yes I do have enough energy to edit but not delete lol)",0
26,"0:26 Ğ´Ğ°Ğ²Ğ°Ğ¹Ñ‚Ğµ Ğ²ÑĞµ Ğ´Ñ€ÑƒĞ¶Ğ½Ğ¾ Ñ€Ğ°ÑÑĞºĞ°Ğ¶ĞµĞ¼ Ğ±Ğ¸Ğ³Ñ…Ğ¸Ñ‚Ñƒ, Ñ‡Ñ‚Ğ¾ ĞµÑĞ»Ğ¸ Ğ·Ğ°ĞºÑ€Ñ‹Ñ‚ÑŒ Ñ‚Ğ¾Ğ»ÑŒĞºĞ¾ Ğ»Ğ¸Ñ†Ğ¾, Ğ¼Ñ‹ Ğ²ÑĞµ Ñ€Ğ°Ğ²Ğ½Ğ¾ ĞµĞ³Ğ¾ ÑƒĞ²Ğ¸Ğ´Ğ¸Ğ¼ Ğ½Ğ° ÑĞºÑ€Ğ°Ğ½Ğµ Ñ‚ĞµĞ»ĞµÑ„Ğ¾Ğ½Ğ°",0
28,0:28 so why they censored namjoon's face? cause i still can see it on jk's phone Lmao,0
25,0:25 LE PONEN UNA CARITA Y LO ESTAMOS VIENDO POR EL CELULAR JAJAJAJAJAJAJAJA basta,0
32,0:32 ì„ì§„ì´????,0
25,0:25 when his face is censored out but you can still see it in JKâ€™s phone ğŸ˜‚,0
57,"0:57
em tÃ£o pouco, eles conseguem me fazer tÃ£o bem, eu amo vocÃªs minha famÃ­liaâ¤",0
27,0:27 why cover joonies face when we can see it in kookie's phone lol my lungs,0
28,0:28 why are they covering his face when we can clearly see it on the phoneğŸ˜‚,0
27,0:27 Sorry but you forgot to hide Namjun's face asleep from the phoneğŸ˜‚ğŸ˜‚,1
25,0:25 tapan la su rostro con una carita feliz pero no tapan la pantalla del celular jajaağŸ˜‚,0
39,"0:39 Case hp nya dong, wortel ğŸ˜‚",0
27,"0:27 taparon la cara de Nam,pero sale en el telÃ©fono jajajajaj,se sigue viendo hermoso",0
27,0:27 they forgot to blurr rm's face on camerağŸ˜‚ğŸ˜‚,1
32,0:32 oOOpse I saw him on mobile screen ğŸ˜… and now I know why they always blur rm sleeping ğŸ˜˜his so cute,0
1,00:01  y ya me estoy muriendo de ternura â™¥â€¿â™¥,0
25,0:25 ë‚¨ì¤€ì˜¤ë¹  ì¹´ë©”ë¼ë¡œ ë³´ì´ëŠ”ë°...,1
28,0:28 we can still see RM's face in Jungkooks phone ğŸ˜‚,7
27,0:27 JAJAJAJA Censuras vergas ğŸ˜‚ğŸ’–,0
26,0:26 We can see through the phone DUH!?!?,1
1,"0:01
he look it's so cute he is asleep
I purple you tae tae ğŸ’œ",8
32,0:32 ì•Šì´...ã…‹ã…‹ã…‹ã…‹ã…‹ã…‹ã…‹ã…‹ã…‹ì™œ ë‚¨ì¥°ì´ ì–¼êµ´ì€ ë³´í˜¸í–ˆìœ¼ë©´ì„œ íœ´ëŒ€í°ì— ë‚˜ì˜¤ëŠ” ë‚¨ì¤€ì´ ì–¼êµ´ì€ ë³´í˜¸ì•ˆí•œê³ ì–”ã…‹ã…‹ã…‹ã…‹,0
31,0:31 they tried to cover RM face but it clearly seen in JK phone ğŸ˜‚ğŸ˜‚ğŸ˜‚,1
1,0:01 Sleep like a Winter bear ğŸµğŸµ,0
25,0:25 Algo anda mal ğŸ¤” -insert meme-,0
25,0:25 MAL MAL MAL MAL TODO MAL ğŸ˜‚ğŸ¤£,0
25,0:25 they tried to cover namjoonâ€™s face but we saw it through jungkookâ€™s phone ( Í¡Â° ÍœÊ– Í¡Â°),0
24,"0:24 ""And here we see a wild Namjoon *namjooning* in his natural habitat""",59
25,"0:25 
No one:
Bighit editors:Covers namjoons face
Also bighit editors:forgots to cover it on the phone
Me:whsjahhahahshahdjkfhahahhahahahhahajfifnskcbkSDbdjbahahahahahahhsjcjrkcineNJidjwjsk",0
28,"0:28 I can still see :v 
Anyway Nam is beautiful even when sleeping with his mouth open <3",1
29,0:29 ìëŠ”ëª¨ìŠµë§Œ ê°€ë¦¬ë©´ ì–´ë–¡í•©ë‹ˆê¹Œ.. ì¹´ë©”ë¼ì— ë‹¤ ë³´ì—¬ã…‡...,1
26,00:26 censura nivel BigHit  xD,0
27,0:27 ê°€ë¦¬ì…”ë„ ì •êµ­ì˜¤ë¹  í°ìœ¼ë¡œ ë³´ì¸ë‹µë‹ˆë‹¤...,0
39,0:39 *Hoseok laughing cuz he knows he's next*,1
28,0:28 blur?,0
27,0:27 HAHAHAHAHAHA,0
26,0:26 bien big hit censuraste la cara de nuestro Nam But no el mÃ³vil de Jungkook AHHHHH AHHAAHAHAHAHAHA TAN HERMOSO,0
9,"0:09 about that they are useing m.a.c , nars and makeupforever brands for them and iâ€™m the girl who donâ€™t have any of that",1
33,0:33 i can see the phone you know??ğŸ˜‚ğŸ˜‚ğŸ˜‚ğŸ˜‚ğŸ’ğŸ’ğŸ’,0
26,0:26 BigHit what's the point in covering RM's face with an emoji when you could see him on Jungkooks phone? ğŸ˜‚,0
39,"0:39 Jungkook showing Hoseok the kinda pictures he'll take if the members sleep
Hoseok: *chuckles nervously* ""iM iN dAngeR""",101
15,"0:15
Jungkook : very cutee",0
24,"0:24 Ğ·Ğ°Ñ‡ĞµĞ¼ Ğ·Ğ°ĞºÑ€Ñ‹Ğ²Ğ°Ñ‚ÑŒ Ğ»Ğ¸Ñ†Ğ¾ ĞĞ°Ğ¼Ğ°, ĞµÑĞ»Ğ¸ Ñ‡ĞµÑ€ĞµĞ· Ñ‚ĞµĞ»ĞµÑ„Ğ¾Ğ½ Ğ§Ğ¾Ğ½Ğ³ÑƒĞºĞ° Ğ²ÑĞµ Ğ²Ğ¸Ğ´Ğ½Ğ¾?ğŸ˜…ğŸ˜‚",0
4,0:04 El taekook es real pvtos >3 âœ¨,1
27,0:27 do they realize what they did wrong? The editirs are now....FIRED,0
24,0:24 at least they tried to censor it ğŸ˜…ğŸ˜‚,0
27,0:27 ì•„ë‹ ã…‹ã…‹ã…‹ì´ê±¸ ê°€ë¦¬ë©´ ë­í•´ã…‹ã„²ã…‹ã…‹ã…‹ã…‹íœ´ëŒ€í°ì— ë‹¤ ë³´ì´ì–ì•„ìš–ã…‹ã…‹ã…‹ã…‹,0
29,0:29 How to close Jin's face on the phone screen?ğŸ˜†ğŸ˜†ğŸ˜†,0
32,0:32 se olvidaron de censurar el celular xD,1
40,"0:40 , ok jk's phone cover is literally carrots ğŸ˜‚.... _hashtag bunny confirmed_",421
26,"0:26 not at how the editors covered Namjoons face, but we can clearly see in on the phone ğŸ˜‚ğŸ˜‚",0
24,"0:24
Evil cute golden maknaeğŸ˜ğŸ˜‚",0
27,0:27 I think no need to censor it... ğŸ˜‚,0
26,"0:26 When you think u got everything covered ğŸ˜‰






(When you notice the members look even better than u while sleepingğŸ˜)",0
26,"0:26 look jk's phone 
Suga was sleeping with open mouth ğŸ˜´ğŸ˜´ğŸ˜´ğŸ˜´ğŸ˜´ğŸ˜´",1
28,0:28 creo que no es necesario censurar big hit ğŸ˜…â¤ï¸ namjoon â¤ï¸,0
27,0:27 *YOU CAN LITERALLY SEE RM'S FACR IN JK'S PHONE EVEN IF YOU COVER IT UP HAHAHA*,0
30,"0:30 what an useless emoji
We can see namjoon's face on Jungkook's phone screen tho lolğŸ¤£",0
9,"0:09
Am I the only one who finds phones of BTS always BRAND NEW. I mean, look at JK's phone, looks like it just came from amazon right away. Even the tamper glass doesn't break!?",43
28,"0:28 í¸ì§‘ìë‹˜.. ë‚¨ì£¼ë‹ˆ ì–¼êµ´ì€ ê°€ë ¤ë†“ê³  ì™œ ì •êµ¬ê¸° í° í™”ë©´ì€ ì•ˆ ê°€ë ¤ì¤˜ìš”ã… ã… 
ë‹¤ ë³´ì¸ë‹¤ã…‹ã…‹ ë„ˆë¬´ ê·€ì—¬ì›Œ!!!",0
0,0:00 VKOOK DKBDKZBS ğŸ˜ğŸ˜ğŸ˜ğŸ˜ğŸ˜ğŸ˜ğŸ˜ğŸ˜,0
26,0:26 we can clearly see joon's face in kook's phone ğŸ˜‚ğŸ˜…ğŸ˜…,0
25,0:25 Ya'll bighit we can still see Joonie's face on cellphone even ya'll censored it ğŸ˜‚,0
26,0:26 they don't want to show namjoon's face but then i looked at the phone.,0
30,0:30 jajaja le tapan la carita a Namjoon pero igual por el celular de jungkook lo vemos jajaj,0
25,0:25 You can see it through the phone Jungkook The Editor. ğŸ˜‚ğŸ¤£ Whats the point of covering him up?,0
30,0:30 hides the member's face but we can literally see it on Kookie's phone ğŸ˜‚,0
27,0:27 kkkk,0
25,0:25 why cover namjoons face when we can clearly see it on Jungkooks phone,0
32,"0:32
Let the god of destruction wake up. He will crunch the phone up.",1
27,0:27 bighit works hard but jk works harder lmao,1
31,"0:31  they tried to hide Namjoon's face but on Jungkook's cell phone you can see lol. 

Big Hit: WASTED",102
29,0:29 staff... Hiazzz ğŸ˜‚ğŸ˜‚,1
24,0:24 no si :v le tapan la cara a RM  y total q la vimos en el movil HAHA alv ğŸ˜‚ğŸ˜‚,1
10,"0:10
*Me contemplating the beauty of Tae* ğŸ’œ

*Do you love Kim Taehyung* ?

YES - LIKE ğŸ‘
YES - COMMENT ğŸ’¬",69
31,0:31 ì•„ë‹ ã…‹ã…‹ã…‹ ë‚¨ì¤€ì´ ì–¼êµ´ì„ ê°€ë¦¬ë©´ ë­í•´ã…‹ã…‹ã…‹ã…‹ í•¸ë“œí°ì— ë¹„ì¹œ ë‚¨ì¤€ì´ ì–¼êµ´ì´ ë³´ì´ëŠ”ëˆã…‹ã…‹ã…‹ã…‹ ì¼ë¶€ëŸ¬ ê·¸ëŸ¬ì‹ ê±´ê°˜ã…‹ã…‹ã…‹ã…‹??ã…‹ã…‹ã…‹ã…‹ã…‹,0
32,0:32 the smiley is not helping bighit. We can clearly see Joonie on JK's phone screen lmaoooo,0
12,"0:12 se que es Hobi, pero WTF parece Jungkook enseÃ±Ã¡ndole la foto a otro Jungkook xd",0
26,0:26 Ä‘á»‰nh cao che áº£nh cÃ³ tÃ¢m ğŸ¤£,0
1,0:01 that cute face though ğŸ’œ,0
23,0:23 they covered namjoon's face but you can still see his face in jungkook's phone!! lol sorry namjoon ğŸ˜‚,171
26,0:26 look at the screen of JKâ€™s iPhone ğŸ˜ªğŸ˜ªğŸ˜ªğŸ˜ª,0
54,0:54 he acts like joonie sleeping post lolğŸ˜‚,0
34,0:34 buena tapan a quien le sacan foto pero no la pantalla del celular :3.,0
27,"0:27 hiding NAMJOON with smiley but can see in JK Mobile screen 
SjksjksjskğŸ˜‚ğŸ˜‚ğŸ˜‚",240
1,"0:01 when Jungkook smiled at V and watched him look like a baby rabbit ( Bunny smile â˜ºï¸ğŸ° ) 





0:16 Do you see his shirt wearing a sexy spot? ( V ) 



0:27 the staff covered his face with a sticker when sleeping but the Jungkook screen was still visible lol


BTS thatâ€™s so funny mann ğŸ¤˜ğŸ»ğŸ˜ğŸ˜‚ğŸ’œğŸ’œ",1
26,0:26 I died laughing ğŸ˜­ we can see joonieâ€™s face clearly omg,0
39,0:39 jungkook has carrot stickers on his phone case I can't ğŸ˜‚ğŸ˜‚ğŸ˜‚,0
38,"0:38
Jungkook's phone case are full of carrots ğŸ˜ 
Our bunny â™¡â™¡â™¡",0
737,12:17 am y aqui viendo a BTSğŸ’œğŸ˜Te amo TaeğŸ’œğŸ˜,17
26,0:26 De que sirviÃ³ que le pusieran la carita feliz a Namjoon si como quiera se ve en el celular de JK xdd JAJAJAJAJAJAJA ğŸ˜‚ğŸ˜‚ğŸ˜‚ğŸ˜‚ğŸ˜‚ğŸ˜‚ğŸ˜‚ğŸ˜‚,1
25,0:25 what was the point of putting an emoji on his head when we can see it in the phone screen ğŸ˜‚,0
27,0:27 really??? KKKKKKKKKKK,0
26,"0:26 yeah right bighit, we didn't saw Namjoon's face, w3 aRE cuRioUs abOuT iT",0
28,0:28 is funny face Namjoon...,0
4,0:04 I forgot how intense of a sea-green Taetae's hair was!! It's so prettyyy~,9
31,0:31 i love how they cover namjoon's face with that emoji when we can clearly see it in jungkook phone HAAHAAHHAHAAH,0
38,"0:38 
*dOES HE HAVE A CARROT PHONECASE?*

*I SWEAR HE IS THE CUTEST OMG*",4
56,0:56 segundos que con gusto verÃ© y serÃ© feliz 7u7,0
30,0:30 JK's camerağŸ˜‚ğŸ˜‚,0
135,"2:15 en Argentina, big hit tene consideraciÃ³n
ahr que decia",0
25,0:25 Namjoon: aM I a jOke To yoU? ğŸ˜‚,0
30,00:30 namjoon vs kookie!!ğŸ˜‚ğŸ˜˜,1
30,0:30 I can see Namjoon's wide open mouth in Jungkookie's phone,0
30,0:30 I could seeeee that handsome face right there,1
25,0:25 YALL SHOULD'VE USED THE CLOWN EMOJI INSTEAD CUZ WE CAN STILL SEE THE PIC THROUGH JUNGKOOK'S PHONE SDSDSDJK,1
1,0:01 Baby Bear Taehyung's face ... i'm soft,0
26,0:26 *sensors face but leaves phone exposed* ğŸ˜‚,0
28,"0:28 THEY DIDNT BLURR THE PHONE. FUUUUUUUUUUUUUUUUUU-
Iâ€™m sorry rm",0
25,"0:25

oh...JK's phone...",0
27,0:27 Como que taparon sÃºper bien al namyun :vv,1
30,"0:30 
Someone tell the staff that we still can see sleeping moni ... ğŸ˜‚ğŸ’œ",0
31,0:31 it was exactly NamjoonieğŸ˜‚ğŸ˜‚ğŸ˜‚ğŸ˜‚,0
26,0:26 don't take this down and upload back! Lol,1
25,0:25 LMAOOO the censor,1
26,0:26 ì´ˆì— ë‚¨ì¤€ì´ ì˜¤ë¹  ì–¼êµ´ì€ ê°€ë ¸ëŠ”ë° ì •êµ­ì´ ì˜¤ë¹  ì¹´ë©”ë¼ì— ë‹¤ë‚˜ì™€ìš©...,0
25,0:25 Ø¹ÙˆØ¯ Ø¶Ø§Ù…ÙŠÙ† ÙˆØ¬Ù‡ Ù†Ø§Ù…Ø¬ÙˆÙ† ÙˆÙ‡Ùˆ Ù†Ø§ÙŠÙ… Ø¨Ø§Ù„Ø³Ù…Ø§ÙŠÙ„ Ø¨Ø³ ÙˆØ¬Ù‡Ø© Ø·Ø§Ù„Ø¹ Ø¨Ù…ÙˆØ¨Ø§ÙŠÙ„ Ø¬ÙˆÙ†ØºÙƒÙˆÙƒ Ù…ØªØªğŸ˜‚ğŸ’œğŸ˜‚,0
27,0:27 Jajajajja le tapan la cara y se ve en el celular JAJAJAJA,0
32,0:32 look at kookie's phone. RM is sleepibg so soundly ğŸ˜‚ğŸ˜‚ğŸ˜ğŸ˜˜,15
27,0:27 ooooh rm ğŸ˜‚ğŸ˜‚ğŸ˜‚ğŸ˜‚ğŸ˜‚,0
25,0:25 ì•„ë‹ˆã…‹ã…‹ã…‹ã…‹ã…‹ã…‹ê°€ë¦° ì˜ë¯¸ê°€ ì—†ìë„ˆã…‹ã…‹ã…‹ã…‹ã…‹ã…‹ã…‹ã…‹,0
1,0:01 baby bunny secretly  took a pic of sleeping baby bearğŸ˜‚ğŸ‘Œ...,0
33,"0:33 

They put a big sticker on joonieâ€™s face to protect him but they still shows in jkâ€™s phone so whats the point?? Lol",0
31,"0:31 
They covered Namjoon's real face but not the one in JK's camera. Lmao",0
31,"0:31 Such a fail,we can see rm's face through kook's camera ğŸ’€ğŸ’€ğŸ’€",0
0,0:00 UWU UWU LOOK AT OUR MAKNAE PROUDLY SHOWING OFF THE MEMBERS AS THEY SLEEP AND I'M TOO SOFT TO KEEP ON WATCHING-,5
28,0:28 AWWWW MOONIEEEE ğŸ˜‚ğŸ˜‚ğŸ˜‚ğŸ˜‚,0
24,0:24 le tapan la cara a Nam pero en el celular se ve XD,1
27,0:27 sensuraron la cara de namjoon pero se ve el celular de Jungkook xd,0
25,"0:25 they censored joon's face, but didn't censor the phone screen ğŸ˜‚ğŸ˜‚",0
27,"0:27
BigHit: como compaÃ±Ã­a nuestro deber es  proteger la imagen de nuestros artistas 
Also BigHit: se olvidan de tapar la imagen del celular*",0
27,0:27 when bighit puts an emoticon on Nam's face but you can see his face anyway thanks to Jungkook's cell phone :v,0
31,"0:31 

Editor = Let me cover rm's face
Smartphone screen = *Hold my beer*",0
31,"0:31 

Editor = Let me cover rm's face
Smartphone screen = *Hold my beer*",0
25,0:25 They forgot to cover the phone ğŸ˜‚ğŸ˜‚ğŸ˜‚,0
25,0:25 they forgot to censor the phone ğŸ’œğŸ’€,0
27,"0:27
bighit: aww poor namjoon, sleeping. let's cover him with emoji

jk: ARMYs, * devilish laugh * (stretching out his phone towards namjoon face)

*aww poor namjoonieeee*",0
33,0:33 they are censored namjoonâ€™s face but didnâ€™t for JKâ€™s phone screen ğŸ‘,0
32,"0:32 That smiley face doesnt do anything, coz we can see through JK's camğŸ˜‚ğŸ˜‚ğŸ˜‚",0
25,0:25 í°ì„ í†µí•´ì„œ ì–¼êµ´ì´ ë‹¤ ë³´ì˜„ã…‹ã…‹ã…‹ ì´ëŸ´ê±°ë©´ ì™œê°€ë¦°ê±°ëŒ˜ã…‹ã…‹ã…‹ã…‹ã…‹ã…‹,0
29,0:29 They way they tried to cover Joon's face for modesty but LOOK AT JK'S PHONEğŸ¤£,0
29,0:29 why put an emoji over his face when we can clearly see him on the phone camerağŸ˜‚,0
27,"0:27
RM we can see your amazed face and wide opened mouth on the phone's camera! ğŸ˜‚ğŸ˜‚You don't need to cover it!! BTS look cute from every positionğŸ’œ",0
26,0:26 ğŸ˜‚,0
12,"0:12 
jk the whole fandom is praying for you to upload those photos to twitter",0
28,"0:28 
Rm: has his face covered with a happy face.
*Can see his face on Jungkook's phone while he takes pics of him sleeping*
Me:bruh",438
33,0:33 wow i couldnt see a thing,0
24,"0:24 Me siento estafado :""v",1
24,"0:24


bighit tried to censor his face,, but we can see it through jks phone xD",0
2,0:02 UwU a mi no me vengan con mamadas ustedes dos son !!!!!!!!!!!novioooos!!!!!!!!!!,1
27,"0:27 
Staff covering Namjunâ€™s face for his privacy but JKâ€™s phone is just exposing it<3",0
30,0:30 Bighit we can still see it lmaoğŸ˜‚,0
31,0:31 le tapan la cara a RM pero en el celular de JK se ve que lindosğŸ˜,0
25,0:25 Why did u sensored namjoon face but not sensoring jk's phone?ğŸ¤£,520
25,0:25 Percuma walaupun mukanya udh d sensor trus yg di hpnya g di sensor percuma atuh euy ğŸ˜­ğŸ˜‚ğŸ˜‚â¤ğŸ’œ,0
25,"0:25
 jungkook:takes a photo of sleeping rm
Bighit:puts an emoji to cover rmâ€™s face
Me:Dude,no need to cover his face, we can see his face clearly on jungkooks phoneğŸ¤¦â€â™€ï¸",26
31,0:31 kookie is so mee ğŸ˜‚ğŸ˜˜,1
40,0:40 Jihope is clowning Joon rnğŸ˜‚,0
29,0:29 emm bighit you forgot to censor the phone emm we are not that blind ğŸ˜‚ğŸ˜‚ğŸ˜‚ğŸ˜‚ğŸ˜‚,0
26,0:26 THEY FORGOT TO COVER JUNGKOOKS PHONE LMAOOKSJSHS,0
28,0:28 I still see that his mouth is open so wide wonder what will happen to jungkook  after this video,0
25,0:25 vimos la cara de RM por la CÃ¡mara de fotos de JK aÃºn asÃ­ le pusieron un emoji JAJAJAJAJA. AÃºn cuando ARMY de seguro tiene capturas de pantalla ğŸ¤£,0
26,"0:26 
Censura muito eficiente essa, nem dava para ver pela tela do celular nÃ£o.",0
31,"0:31 

Editor = Let me cover rm's face
Smartphone screen = *Hold my beer*",15
31,0:31 Namjoon's face on JK's phone is priceless ğŸ˜‚,0
28,0:28 no point blocking namjoon's face big hit I can see it through JUNGKOOK'S phone ğŸ˜‚ğŸ˜‚ğŸ˜‚,0
33,0:33 no se porque ponen un sticker en su cara si se ve igualmente en el celular de jungkook xd,0
27,"0:27 bighit censor Namjoon face, but not on JK phone ğŸ˜‚ğŸ˜‚",0
32,"0:32    (
                O
            (",0
31,0:31 I love that they censored the face but not the photoğŸ˜‚ğŸ¤£ğŸ’œ,0
25,0:25 ì–¼êµ´ì€ ê°€ë¦¬ê³  í°ì€ ì™œ ì•ˆê°€ë ¤ì£¼ëŠ”ëˆã…‹ã…‹ã…‹ã…‹ã…‹ã…‹ã…‹ã…‹ã…‹ã…‹ã…‹ã…‹ã…Œã…‹ã…‹ã…‹ã…‹ã…‹ã…‹ã…‹ã…‹ã…‹ ã…‹ã…‹ã…‹ã…‹ã…‹ã…‹ã…‹ê°œì›ƒê²¨ ì•„ ã…‹ã…‹ã…‹ã…‹ã…‹ã…‹ã…‹ã…‹ã…‹ã…‹ã…‹ã…‹ã…‹ã…‹ã…‹ã…‹ã…‹ã…‹ã…‹,0
25,0:25 ì–¼êµ´ì€ ìŠ¤ë§ˆì¼ìŠ¤í‹°ì»¤ë¡œ ê°€ë ¤ì£¼ë©´ì„œ ì¹´ë©”ë¼ëŠ” ì™œ ì•ˆê°€ë¦¬ì‹ ê±°ì•¼ã…‹ã…‹ã„²ã…‹ã„±ã…‹ã…‹ã…‹ã…‹ã…‹ã…‹ã…‹,4
12,"0:12 Soy taegi shipper, soy taegi shipper, soy taegi shipper x1000. NO VKOOK, NO.",0
24,0:24 when they block Namjoon's face but you can clearly see it on Jungkook's phone ğŸ˜‚,0
26,0:26 What? Che lÃ m Ä‘Æ°á»£c gÃ¬? ><,0
32,0:32 we can see it through jungkooks phone.....HAH!!,0
26,0:26 le taparon la cara pero aÃºn se ve por el celular xdxdxd,0
26,"0:26 â€”> *put an emoji to not see Namâ€™s face*
Me: Bro you Can see the face in jkâ€™s phone ğŸ˜‚ğŸ˜‚ğŸ˜‚
#RipRapMon",0
29,"0:29
Yâ€™all forgot to blur out namjoons face on the phone but alright-",0
29,0:29 idk why they covered rms face we can clearly see it on jks phone lmfao ğŸ˜­ğŸ˜­ğŸ¤£ jk did rm dirty,1
25,0:25 They forgot to cover Jungkook's cell phone,0
27,0:27 is the phone upside down or my brain?,0
26,0:26 hahah ğŸ˜‚ğŸ˜‚ğŸ˜‚ can be seen on the cell phone,0
27,0:27 ponen el emogi en RM pero en el cel de JK se ve clarito su cara que estÃ¡ durmiendo con la boca abierta ğŸ˜‚ğŸ˜‚ğŸ˜‚ğŸ˜‚,1
30,0:30    ì¹´ë§¤ë¼ë¡œ ë‹¤ë³´ì´ëŠ”...í•˜í•˜ ë¨¸ì£ ?ã…‹ã…‹ã…‹,0
27,"0:27 olvidaron tapar e, celular:u",0
27,0:27 Is how them put an emoji but we can still see rm face on the phone ğŸ˜‚ğŸ˜‚ğŸ˜‚ poor rm,1
26,0:26 ummm big hit... u might wanna blur the phone too...,1
24,0:24 ğŸ˜‚ğŸ˜‚ğŸ˜‚ğŸ˜‚ğŸ˜‚ğŸ˜‚,1
25,0:25 ë¶€í„° 0:33 ê¹Œì§€ ì¤€ì´ ì–¼êµ´ì€ ê°€ë¦¬ê³  ì •êµ­ì´ í™”ë©´ì€ ë†”ë‘¬ì„œ ë‹¤ ë´¤ë‹¤... ì¤€ì´.. ê·€ì—¬ì›Œ...,0
27,"0:27 ì•„ë‹ ã…‹ã…‹ã…‹ã…‹ã…‹ã…‹ê°€ë ¸ëˆˆë°
í°í™”ë©´ìœ¼ë¡œ ë‹¤ ë³´ì´ì–ì•œã…‹ã…‹ã…‹ã…‹ã…‹ã…‹ã…‹ã…‹ã…‹ã…‹ã…‹ã…‹",6
25,00:25 Bighit che cÃ³ tÃ¢m dá»… sá»£ che ngÆ°á»i cÃ²n cÃ¡i ÄT cÃ²n y nguyÃªn ğŸ˜„,0
26,"0:26 bighit cubre la cara de Nam pero no la cubre en el celular de jungkook al tomarle la foto :v
Conclusion: big hit esta bien pendejo :v",0
27,0:27 tiene sentido taparlo cuando se puede ver claramente en el celular? Bighit: si.,0
26,"0:26
It doesnâ€™t make a difference  if I put an emoji on Namjoons face, we can see it on JK phone lmao",0
33,"0:33 *tries to cover Namjoons face*
big hit:ok perfect
*Army's noticing that u can see his face by the phone*
Armys: NAMJOON UR PERFECT, EVERYONE SLEEPS LIKE THAT, UR PERFECT NO MATTER WHAT. I PURPLE U",1
28,0:28 Good Job covering his face. We can see it through Jungkooks phone.,0
24,0:24 i can see it thru the phone i-,0
27,"0:27 the phone. Iâ€™m dying Of laughter right now!!! ğŸ˜‚ğŸ˜‚ğŸ˜‚ğŸ’€
Who is that Namjoon?",0
32,0:32 pude ver la cara del namjoon jajajjsje se paso el yuncuk,0
27,0:27 censuran la carita de Namjoon pero no censuran el telÃ©fono de Jungkook jajaja ğŸ˜‚ğŸ˜‚,1
25,0:25 RMâ€™S FACE THO ğŸ¤£ğŸ¤£ IM DYING,0
25,0:25 So they covered his face but we can still see him on JK's phone ğŸ¤£!,0
30,0:30 bighit knows that we can still see from Jk's phone rite? ğŸ˜‚ğŸ˜‚,0
26,0:26 they censored Nam's face but not the phone lmao,0
31,0:31 me encanta que le censuraran la cara directamente pero no la foto ğŸ˜‚ğŸ¤£ğŸ˜‚ğŸ¤£,0
1,0:01 *taehyungiiieeee*,0
26,0:26 Puedo ver el mÃ³vil JAJAJA,1
13,"0:13 oh JK

0:14 WhAAAaaaAattttt..it's JK",0
30,0:30 did they know that we can see namjoonâ€™s face while sleeping in jkâ€™s phone?,0
31,0:31 se puede alcanzar a ver en el telÃ©fono cuando le saca la foto ğŸ¤£ğŸ¤£ğŸ¤£ğŸ¤£ğŸ¤£ğŸ¤£ğŸ¤£,0
31,"0:31ì™œ ì¹´ë©”ë¼ëŠ” ì•ˆê°€ë ¼ã…‹ã…‹ã…‹ã…‹ã…‹ã…‹ã…‹ã…‹ã…‹ã…‹ã…‹ã…‹ê°œì›ƒê³€ã…‹ã…‹ã…‹ã…‹ã…‹ã… ã… ã… ã… (ì˜ë„ëœê±°ë¼ë©´ ê°ì‚¬ë“œë ¤ìš”ğŸ’œğŸ’œğŸ’œ)
Camera ğŸ¤£ğŸ¤£ğŸ¤£",1
27,0:27 ê°€ë¦¬ë©´ ë­í•´ ì •êµ­ì´ ì¹´ë©”ë¼ë¡œ ë‹¤ ë³´ì´ëŠ”ë°,0
33,0:33 you can see joonâ€™s face on jungkookâ€™s phone ğŸ˜‚ğŸ’€ğŸ’€,1
27,0:27 excuje meh but we can see his face clearlyğŸ˜­ğŸ˜­ğŸ˜‚ğŸ˜‚ğŸ˜‚,0
25,0:25. Moment when the editors censor out joonie's sleep I face but not JK's phoneğŸ˜„ğŸ¤£,0
32,"0:32 
Bighit- hiding namjoon's face .
Armys  found a way to see his face through jungkook's  phone.
ğŸ˜‚",1
0,0:00,1
26,0:26 sensuran la carita de Nam y en el telÃ©fono de jungkook aparece su cara jaja chale,1
32,0:32 we see itğŸ‘Œ,0
28,0:28 they put a sticker in his face but when jk taking the pictures u could see RM open mouth ğŸ˜‚,0
28,"0:28 here if you still want to see namjoons face, look at kooks handphone insteadğŸ˜‚ cutie why they cover his cute sleep face:')",0
29,00:29 00:29 ê¹€ë‚¨ì¤€ ì•„ë‹ˆì•¼? ã…‹ã…‹ã…‹ã…‹ã…‹ã…‹ã…‹ã…‹ã…‹ã…‹ã…‹ã…‹ã…‹ã…‹ ì •êµ¬ê°€ ë‚˜ì¤‘ì— íŠ¸ìœ„í„°ì—ì„œ ê¸°ëŒ€í• ê²Œ...ã…ã…ã…ã… ê¼­ ì˜¬ë ¤ì¡°....,0
26,"0:26
I like how they censored their face but you could still see it on the phone screen lol",57
29,0:29 fail... Le taparon la cara a Namjoon y por la pantalla del celular se ve claramente. Jsjsjsjs,1
28,0:28 BH covers namjoons face with the sticker but you can still see it on the phone ğŸ˜‚ğŸ˜‚ğŸ˜‚,0
45,0:45 j hope was like Am I gonna be next?,0
26,"0:26 still can see it, JK ğŸ˜‚",1
26,0:26 NJ in jk's phone :)))),0
32,"0:32 I see them slick editors, they put the sticker on Joons face irl but on the camera they left it uncensored ğŸ˜‚ğŸ‘ŠğŸ¼",0
27,0:27 they cover Namjoon face but look at JK phone ğŸ¤¦â€â™€ğŸ˜‚,0
123,"2:03 


BRAZIL ğŸ¤ ğŸ’–",0
26,0:26 I'm living for Namjoon's face lol,1
28,0:28 they censored Namjoon's face irl but not on the phone lol. I still can see the way he slept. ahh so cuteeeeee ><,0
26,0:26 ang tanga naman HAHAHAHAHAHAHA,0
29,0:29ì— ì¥°ì´ ì˜¤ë¹  ëª¨ìì´í¬ ë¬ëŠ”ë° ê¾¹ì´ì˜¤ë¹  ì¹´ë©”ë¼ ë³´ë‹ˆê¹Œ ã…‹ã…‹ã…‹ã…‹ ì… ë²Œë¦¬ê³  ìê³ ìˆì—Œã…‹ã…‹ã…‹ ì•„ì•œã…‹ ê·€ì—¬ì›Œ ê·€ì—¬ì›Œ ì‹¬ì¥ ë¬´ë¦¬ì™”ì–´ğŸ’œ,0
26,0:26 se ve en la cÃ¡mara a el arem XDD :'V PERO SE VE GRACIOSO :U,2
26,0:26 lol really appreciate the covered face but you forgot the phone screen lol,4
26,"0:26  ì•„ë‹ˆ ì €ê¸°...ë‚¨ì¤€ì˜¤ë¹  ì™œ ê°€ë ¸ì–´ìš”..?
ê¾¹ì˜¤ë¹  í°ìœ¼ë¡œ ë‹¤ë³´ì´ëŠ”ë°...ã…‹ã…‹ã…‹ã…‹ã…‹ã…‹ã…‹ã…‹ã…‹ã…‹ã…‹ã…‹ã…‹ã…‹ã…‹",1
26,0:26 Bighit blocking Namjoons face but not blocking his face in Jungkooks phone lmao...you know we can still see it right?,0
28,00:28 lmao we can see AHAHHA,0
26,0:26 what the point of blocking his face when you can see it on the phone?? Â¿Â¿ğŸ˜‚ğŸ˜‚ğŸ˜‚ğŸ˜‚ğŸ˜‚ğŸ˜‚,0
25,0:25 censor his face from Jungkooks phone too,0
26,0:26 look at the phone.ğŸ˜‚,0
32,"0:32 
His FaceğŸ˜­ğŸ˜‚!?",1
1,0:01 ahhhh TAEKOOK âœ¨ğŸ˜â¤ï¸â¤ï¸â¤ï¸â¤ï¸â¤ï¸â¤ï¸â¤ï¸ muerooooo,1
28,0:28 you can literally see rm in the photoğŸ˜‚,0
24,0:24 taparon la cara de RM y se ve en el cel jajajajajajajağŸ˜…,1
26,0:26 WE CAN STILL SEE HIS FACE IN THE CAMERA ASDFGHJKL,0
26,0:26 they put an emoji in his face but we could still see it in the phone tho ğŸ˜‚,4
26,0:26 ê°€ë¦¬ë©´ ë­í–Œã…‹ã…‹ã…‹ã…‹ã…‹ ì¹´ë©”ë¼ë¡œ ë‹¤ ë³´ì´ëŠ”ë° ã…‹ã…‹ã…‹ã…‹ì¿ ã…œã…  ê·€ì—½ë‹¤,0
26,0:26 I like how they cover the face when we clearly see it on the phone screen lol ğŸ˜‚,0
33,0:33 Ø·ÙŠØ¨ Ùˆ Ø§Ù„Ø¬ÙˆØ§Ù„ØŸØŸ,0
25,0:25 we can literally see on his phone eheehehehe,2
25,0:25 you know... we can still see Joonie by Jungkook's phone ğŸ˜‚,18
29,0:29 lol namjoonğŸ˜‚,1
31,0:31 did i see something wrong,0
30,0:30 hun we can see the camera,0
30,"0:30 why did u cover namjoon's face, when jk took a pic of him. It still leaked",0
30,0:30 we can see his face still lol,0
29,0:29 i cannot believe staff put a smiley face on joon's sleeping face but you could totally see joon's face on jungkook's phone ğŸ˜†,0
29,"0:29 It's not like we can see it on his phone...


 Really, I can't see it I need glasses",1
30,"0:30 
They tried to save joon
But failed",1
25,0:25 they forgot to cover the phone ğŸ˜‚,1
27,0:27 WE CAN SE FROM JK PHONE LMAO,1
26,0:26 the phone lmao,1
33,0:33 lolğŸ˜‚,1
30,0:30 ã…‹ã…‹ ã…‹ ã…‹ã…‹ì§„ã…‹ì ì–¼êµ´ì€ ê°€ë ¤ë†“ê³  ì¹´ë©”ë¼ë¥¼ ì•ˆ ê°€ë¦¬ë©´ ì–´ë–¡í•´ìš”ã… ã… ã…‹ã…‹ã…‹ã…‹ã…‹ ë°©íƒ„ì€ ì–¼ë¥¸ ì´ ëŒ“ê¸€ ë³´ë©´ ê³µíŠ¸ì— ì‚¬ì§„ì„ ì˜¬ë¦¬ì„¸ìš”. ì§„ì§€í•©ë‹ˆë‹¤.,0
28,0:28 HAHAH OMG THEY BLURRED NAMJOONS SLEEPING FACE EVEN THO IT SHOWED UP ON THE CAMERA,1
28,0:28 ARMY can see Namjoon' s face ğŸ¤£,0
26,00:26 kookie doesn't respect his hyungs ğŸ˜›,0
33,0:33 they put an emoji on rm's face but none on the phone while JK takes the picture ğŸ˜‚ğŸ˜‚ğŸ˜‚,0
31,0:31 ğŸ˜‚ğŸ˜‚,0
27,0:27 ummm..i can see the phone screenğŸ˜³,0
29,0:29 che ráº¥t tinh tÃºyğŸ¤£ğŸ¤£,0
1,"0:01 Kookie tiene una foto de Tae en su celular*-* akzkxksmf
0:26 Tapan la cara pero no en el celular JAJAJA",1
