30,"0:30
NÃ£o!!!!


NAO DA!!!!


NAO DA MAIS

PELO AMOR DE DEUS YOONGI PARA DE SORRIR
MINHA RESPIRAÃ‡ÃƒO TA FALHAND. . .
âš°ï¸âš°ï¸âš°ï¸âš°ï¸",1
24,0:24 Jimin's abs tho!!,0
161,"2:41 ÙˆØª Ø°Ø§ ÙÙƒ ğŸ’”!!
ØªØ§ÙŠ ÙŠØ±Ù‚Øµ Ù…Ø¹ Ø§Ù„Ø¨Ù†ØªğŸ˜‚ğŸ’”",0
86,1:26 Ø§ÙˆÙ…ÙŠÙ‚Ø§Ø¯,0
31,0:31 I will never forget yoongi's cute gummy smile,1
86,1:26 Miren a Koo ğŸ˜­ğŸ˜­,0
47,0:47,2
48,0:48,3
25,0:25 ğš•ğš˜ğš˜ğš” ğšŠğš ğš“ğš’ğš–inğŸ¤£ğŸ¤£,0
25,"0:25
JIMIN WHAT ARE YOU DOINGGGG",0
212,3:32 Jimin and Jungkook LOOK SO CUTE BABY BANGTAN OMG!!!!!,2
191,3:11 how cute,0
163,"2:43 I have a crush on that girl behind them. She's gorgeousâœ¨ Someone knows who is she? 
Also I love to see them years ago, they worked so hard!",0
50,"0:50 OMG OMG OMG OMG!!!!!!!!!!!!!!!!!!!!!



THAT WAS SO CUTEEEEEEEEEEEEEEEEEEEEEEEE",2
86,1:26 I know I'm not the Only one who Noticed it.,3
87,1:27 the way bighit didn't blur anything...,0
211,3:31 I'm crying they're too baby,0
25,0:25 jimin knows that he looks hot even he's tired,2
22,0:22 such a baby,0
94,1:34 what is that expression jimin eye-,0
87,1:27 Jungshook ... :O,1
212,3:32 is so adorable!,0
50,0:50 loooove,2
44,0:44 nammin shippers,0
84,1:24 then 1:29 i swear the duality Seokjin holds.. ğŸ”¥,2
213,"3:33 wowwww
two beautiful man standing together",0
171,"2:51 jimin's facial expression 
why are you so damn handsome",0
86,1:26  i am ğŸ”¥ğŸ‘„ğŸ”¥,1
222,3:42 V looks so young !! And now he is soğŸ”¥ğŸ”¥ğŸ”¥ğŸ”¥,1
211,"3:31
ğŸ˜­",0
191,3:11 cute,0
120,"2:00
JHOPEEEEEEEEEEEEEEEEEE",0
31,"0:31
AWWWWWWWWW",0
59,0:59,1
49,"0:49 amo ese carita de Kook uwu
1:04 J-Hope sabrÃ¡ que tuvo la oportunidad de quedarse con una mascarilla bien cul eh? EstarÃ¡ arrepentido?
1:04 Alguien me dice porque J-Hope tenÃ­a los ojos rojos? Estaba llorando? :(
1:27  Kook mostrando sus abdominales 7u7 
2:12 Ese es Jin? No parece :o
2:34 Kook si que era bien guapo eh. Sigue siÃ©ndolo 7u7 
2:45 voy a morir con esos abdominales de Jimin *_*

CONCLUSIÃ“N EN TODO EL VIDEO HE MUERTO DE TANTA HERMOSURA 7U7 UWU 
(like si hablas el espaÃ±ol :D)",1
24,0:24 Jimin mostrando sus abdominales xd,2
212,3:32 - KOOKIE's innocent bunny smile ğŸ°,5
47,0:47 Me when my mom asks me to study,0
24,"0:24 Jiminâ€™s abs 
1:26 Jungkookâ€™s abs",1
87,1:27 jungkoooooook :0,0
196,3:16 stigma-,0
85,"1:25
They didnt even have proper fans to dry the sweatğŸ˜¢ğŸ¥ºlook at them now",30
190,3:10 omg look at fetus jungkook and joon awwwwww,0
25,0:25 OMG JIMIN,1
164,2:44 omg jimin ğŸ˜‚ğŸ’œ,0
26,0:26 Suga,0
45,0:45 Namjim Shippers,1
85,1:25 ğŸ¤¤ğŸ˜³ğŸ‘ŒğŸ»ğŸ‘ŒğŸ»ğŸ™ƒğŸ˜ğŸ˜‚ğŸ˜‚ Jungkook,1
24,0:24 JIMINğŸ˜±ğŸ˜±ğŸ˜±ğŸ˜±ğŸ˜±ğŸ˜±ğŸ˜±ğŸ˜±ğŸ˜±ğŸ˜±ğŸ˜±ğŸ˜±ğŸ˜±ğŸ˜±ğŸ˜±ğŸ˜±ğŸ˜±ğŸ˜±ğŸ˜±ğŸ˜±ğŸ˜±ğŸ˜±ğŸ˜±ğŸ˜±ğŸ˜±ğŸ˜±ğŸ˜±ğŸ˜±ğŸ˜±ğŸ˜±ğŸ˜±ğŸ˜±ğŸ˜±ğŸ˜±ğŸ˜±ğŸ˜±ğŸ˜±ğŸ˜±ğŸ˜±ğŸ˜±ğŸ˜±ğŸ˜±ğŸ˜±ğŸ˜±ğŸ˜±ğŸ˜±ğŸ˜±ğŸ˜±ğŸ˜±ğŸ˜±ğŸ˜±ğŸ˜±ğŸ˜±ğŸ˜±ğŸ˜±ğŸ˜±ğŸ˜±ğŸ˜±ğŸ˜±ğŸ˜±ğŸ˜±ğŸ˜±ğŸ˜±ğŸ˜±ğŸ˜±ğŸ˜±ğŸ˜±ğŸ˜±ğŸ˜±ğŸ˜±ğŸ˜±ğŸ˜±ğŸ˜±ğŸ˜±ğŸ˜±ğŸ˜±ğŸ˜±ğŸ˜±ğŸ˜±ğŸ˜±ğŸ˜±ğŸ˜±ğŸ˜±ğŸ˜±ğŸ˜±ğŸ˜±ğŸ˜±ğŸ˜±ğŸ˜±ğŸ˜±ğŸ˜±ğŸ˜±ğŸ˜±ğŸ˜±ğŸ˜±ğŸ˜±ğŸ˜±ğŸ˜±ğŸ˜±ğŸ˜±ğŸ˜±ğŸ˜±ğŸ˜±ğŸ˜±ğŸ˜±ğŸ˜±ğŸ˜±ğŸ˜±ğŸ˜±ğŸ˜±ğŸ˜±ğŸ˜±ğŸ˜±ğŸ˜±ğŸ˜±ğŸ˜±ğŸ˜§ğŸ˜§ğŸ˜±ğŸ˜±ğŸ˜±ğŸ˜±ğŸ˜±ğŸ˜±ğŸ˜±ğŸ˜±ğŸ˜±ğŸ˜±ğŸ˜±ğŸ˜±ğŸ˜±ğŸ˜±ğŸ˜±ğŸ˜±ğŸ˜±ğŸ˜±ğŸ˜±ğŸ˜±ğŸ˜±ğŸ˜±ğŸ˜±ğŸ˜±ğŸ˜±ğŸ˜±ğŸ˜±ğŸ˜±ğŸ˜±ğŸ˜±ğŸ˜±ğŸ˜±ğŸ˜±ğŸ˜±ğŸ˜±ğŸ˜±ğŸ˜±ğŸ˜±ğŸ˜±ğŸ˜±ğŸ˜±ğŸ˜±ğŸ˜±ğŸ˜±ğŸ˜±ğŸ˜±ğŸ˜±ğŸ˜±ğŸ˜±ğŸ˜±ğŸ˜±ğŸ˜±ğŸ˜±ğŸ˜±ğŸ˜±ğŸ˜±ğŸ˜±ğŸ˜±ğŸ˜±ğŸ˜±ğŸ˜±ğŸ˜±ğŸ˜±ğŸ˜±ğŸ˜±ğŸ˜±ğŸ˜±ğŸ˜±ğŸ˜±ğŸ˜±ğŸ˜±ğŸ˜±ğŸ˜±ğŸ˜±ğŸ˜±ğŸ˜±ğŸ˜±ğŸ˜±ğŸ˜±ğŸ˜±ğŸ˜±ğŸ˜±ğŸ˜±ğŸ˜±ğŸ˜¨ğŸ˜±ğŸ˜±ğŸ˜±ğŸ˜±ğŸ˜±ğŸ˜±ğŸ˜±ğŸ˜±ğŸ˜±ğŸ˜±ğŸ˜±ğŸ˜±ğŸ˜±ğŸ˜±ğŸ˜±ğŸ˜±ğŸ˜±ğŸ˜±ğŸ˜±ğŸ˜±ğŸ˜±ğŸ˜±ğŸ˜±ğŸ˜±ğŸ˜±ğŸ˜±ğŸ˜±ğŸ˜±ğŸ˜±ğŸ˜±ğŸ˜±ğŸ˜±ğŸ˜±ğŸ˜±ğŸ˜±ğŸ˜±ğŸ˜±ğŸ˜±ğŸ˜±ğŸ˜±ğŸ˜±ğŸ˜±ğŸ˜±ğŸ˜±ğŸ˜±ğŸ˜±ğŸ˜±ğŸ˜±ğŸ˜±ğŸ˜±ğŸ˜±ğŸ˜±ğŸ˜±ğŸ˜±ğŸ˜±ğŸ˜±ğŸ˜±ğŸ˜§ğŸ˜±ğŸ˜±ğŸ˜±ğŸ˜§ğŸ˜§ğŸ˜±ğŸ˜±ğŸ˜±ğŸ˜±ğŸ˜±ğŸ˜±ğŸ˜±ğŸ˜±ğŸ˜±ğŸ˜±ğŸ˜±ğŸ˜±ğŸ˜±ğŸ˜±ğŸ˜§ğŸ˜§ğŸ˜§ğŸ˜§ğŸ˜§ğŸ˜§ğŸ˜§ğŸ˜§ğŸ˜§ğŸ˜±ğŸ˜±ğŸ˜±ğŸ˜±ğŸ˜±ğŸ˜±ğŸ˜±ğŸ˜±ğŸ˜±ğŸ˜±ğŸ˜±ğŸ˜±ğŸ˜±ğŸ˜±ğŸ˜±ğŸ˜±,0
173,"2:53 :jimin show off his nipple
2020: old Army, here we go again",0
31,0:31 am blessing your timeline now,0
212,3:32 sÃ­ usaron brackets solo que eran transparentes  y yo que tenia la duda de como es que tienen una sonrisa tan perfecta,1
88,1:28 i-,0
86,1:26jungkook stans:ğŸ‘ğŸ‘„ğŸ‘,0
87,"1:27 look at Jungkook
No problem",1
24,"0:24  1:27   2:44-2:52.  


*Don't thank me*",0
164,02:44,1
86,1:26 okay but JK has uplifted his shirt,0
30,0:30 the gummy smile omfg ğŸ˜­,5
24,"0:24 Jimiiiiiiiiiiin 7w7
1:26 Jungkoooook 7w7
2:44 ( Í¡Â° ÍœÊ– Í¡Â°)",2
24,"0:24
JiminğŸ˜£ğŸ˜£ğŸ˜£ğŸ˜£",1
1325,"22:05
25/7/2020
(â—â€¢á´—â€¢â—)â¤Olha oque eles se tornaram hoje armys ( Ë˜ Â³Ë˜)â™¥â™¥ï¸â™¥ï¸â™¥ï¸â™¥ï¸ğŸ’‹â™¥ï¸â™¥ï¸â™¥ï¸â™¥ï¸â™¥ï¸â™¥ï¸â™¥ï¸â™¥ï¸â™¥ï¸â™¥ï¸â™¥ï¸â™¥ï¸â™¥ï¸â™¥ï¸â™¥ï¸â™¥ï¸â™¥ï¸â™¥ï¸â™¥ï¸â™¥ï¸â™¥ï¸â™¥ï¸â™¥ï¸â™¥ï¸â™¥ï¸ğŸ’‹â™¥ï¸â™¥ï¸â™¥ï¸â™¥ï¸â™¥ï¸â™¥ï¸â™¥ï¸â™¥ï¸â™¥ï¸â™¥ï¸â™¥ï¸",1
87,"1:27
JUNGKOOK YOU ARE BLESSING ME EYES",3
86,1:26 I caught you jk ğŸ˜‚ğŸ˜‚,0
50,0:50 ê¼­ ë³´ê¸°,0
196,3:16 on the wall it's written stigma...,2
25,0:25 jimin looks so cute and confused,1
86,"1:26
Why is JKâ€™s shirt umm up?",0
50,0:50 uwu,1
198,3:18 stigma,0
48,0:48 Kookie can you give this tomboy that skateboard,0
33,"0:33 stigma written on the wall ğŸ˜¨ğŸ˜¨
0:59 here too",1
166,2:46 I need ABS :v,1
165,2:45 Ñ ÑĞ¼Ğ¾Ñ‚Ñ€Ñ Ğ½Ğ° Ğ»Ğ¸Ñ†Ğ¾ Ñ ÑĞ¼Ğ¾Ñ‚Ñ€Ñ Ğ½Ğ° Ğ»Ğ¸Ñ†Ğ¾ Ñ ÑĞ¼Ğ¾Ñ‚Ñ€Ñ Ğ½Ğ° Ğ»Ğ¸Ñ†Ğ¾ Ñ ÑĞ¼Ğ¾Ñ‚Ñ€Ñ Ğ½Ğ° Ğ»Ğ¸Ñ†Ğ¾Ñ ÑĞ¼Ğ¾Ñ‚Ñ€Ñ Ğ½Ğ° Ğ»Ğ¸Ñ†Ğ¾ Ñ ÑĞ¼Ğ¾Ñ‚Ñ€Ñ Ğ½Ğ° Ğ»Ğ¸Ñ†Ğ¾Ñ ÑĞ¼Ğ¾Ñ‚Ñ€Ñ Ğ½Ğ° Ğ»Ğ¸Ñ†Ğ¾ Ñ ÑĞ¼Ğ¾Ñ‚Ñ€Ñ Ğ½Ğ° Ğ»Ğ¸Ñ†Ğ¾Ñ ÑĞ¼Ğ¾Ñ‚Ñ€Ñ Ğ½Ğ° Ğ»Ğ¸Ñ†Ğ¾,1
86,1:26 looks like JK's belly is about be abs.....ğŸ˜,1
212,3:32 please... I'm actually crying... they're so young,0
87,1:27 esa pancita Jungkook pishe Yutu apenas me lo recomiendo :'''v,0
50,0:50 the mosquito in my room at 3 am,0
24,0:24 jiminnnnn absss,0
182,3:02 DID ANYONE OF YOU NOTICED HOW JIMIN LOOKED AT THE STAFF :),0
47,0:47 morÃ­ de ternura,0
25,"0:25 Jimin
1:26 Jungkook. 
Thank me later :)",32
212,3:32 oh jimin- ğŸ˜³,1
89,1:29 namjin is true,1
180,3:00 pause. can someone please say that is not an islamic writing on Vâ€™s arm??,2
48,0:48 tell me why I keep on replaying this,0
88,1:28 no one is talking about that,1
88,1:28 NamJin,3
212,3:32 i just witness the most beautiful thing,1
24,0:24 i saw i saw everything jimin ğŸ˜ğŸ˜ğŸ˜ğŸ˜ğŸ˜ğŸ˜,0
196,"3:16
En el techo esta escrito 'Stigma' tambien nombre de una canciÃ³n hecha por V 

Coincidencia?
No lo creo :v xd",13
50,0:50 Jimin Huuuum,0
24,"0:24 
2:44
2:50
You're welcome :)",0
190,3:10 kkkkkkk,3
113,1:53 I'M SORRY BUT I FIND IT CUTE UWUUUU,0
24,0:24!!! Jimin's ABS!,1
87,1:27 jungkooooooooook ğŸ˜­ğŸ˜­ğŸ˜­ğŸ˜­,0
25,0:25 omg ğŸ˜®,1
22,0:22 Baby ğŸ˜¢,1
86,1:26 jeon jungkook or jungookie,1
87,1:27jungkook,0
144,2:24 V was looking like MR.BEAN,0
25,0:25 *hey! stob it!*,23
210,3:30 jikookğŸ¥ºğŸ¥ºğŸ¥ºğŸ¥º So proud of BTSğŸ’œğŸ’œğŸ’œğŸ’œğŸ’œ,0
165,"2:45 jimin with abs

Jimin keep your abs please",1
28,0:28 Suga with her lovely bike,1
197,"3:17 did u guys notice â€œstigmaâ€ written on the wall there!? Thatâ€™s one of vâ€™s solo songs

Edit: ok so uhm, my dumbass just realized that stigma means sumn and they jus wrote taht down not to predict de future but to make it mean sumn so ye dis comment makes no sense =v=",268
151,2:31 namjoon fell cuz it was so crowdedğŸ˜‚,1
198,3:18 do you guys see stigma written on the wall?,4
86,1:26 ğŸ‘€,0
49,0:49,0
87,1:27 ĞŸĞĞ§Ğ•ĞœĞ£.Ğ¯.Ğ£Ğ’Ğ˜Ğ”Ğ•Ğ›Ğ.Ğ­Ğ¢Ğ.Ğ¢ĞĞ›Ğ¬ĞšĞ.Ğ¡Ğ•Ğ™Ğ§ĞĞ¡????,0
24,0:24 look at jiminshiiiiiiiiiiii abssssss,0
87,1:27 look jk tummy,0
164,2:44 2:44 2:44 2:44 2:44 2:44 2:44 2:44,3
25,0:25 JIMINIE,0
86,1:26,1
25,0:25 Jimin little Abs:DD,0
85,1:25 Kookie then vs Kookie 2020,1
25,0:25 jimin you better stop is this even legal,0
24,"0:24 jimin why you killin me?, Jimin killing me all through out the video",1
49,0:49 cutieğŸ’˜ğŸ˜,0
85,1:25 JUNGKOOKâ¤ï¸â¤ï¸â¤ï¸ğŸ¤¤ğŸ¤¤ğŸ¤¤ğŸ¤¤ğŸ”¥ğŸ”¥ğŸ”¥ğŸ”¥ğŸ”¥ğŸ”¥,25
186,3:06 j-hope,0
198,"3:18 yall stigma was written so many times on the wall.. I- 
What WAs biGHiT pLaNNiNg",0
50,0:50 OH MA GAWD JimiN CuTE BabY faCE EEEEEEEEEEEEEEEEEEEEEEEEEEEEEEEEEEEEEEEEEEEEEEEEEEEEEEEEEE,0
212,3:32 BABY JUNGKOOK<333,0
25,0:25 JIMINSSI!!,0
86,1:26 Jungkook will  Not be Allowed  to do this Now.,0
87,1:27 JUNGKOOK AHHHHHH YOUR MAKING ME LOVE YOU TOO MUCHHHH,0
164,2:44 jimin y sus abdominales ğŸ˜,0
25,0:25  1:27 O.O,1
25,"0:25 ok jimin but PLIZZZ PUT YOUR SHIRT DOWN YOUR KILLING ME
1:47 OK DOUBLE KILLING ME IM DYING
2:25 *DIED* *moms come*
My Mom:Son!!! *Watched the video died to*

Edit: sorry it was 1:27
 And 2:45",1
116,1:56 Suga ğŸ¥´,0
165,2:45 r.i.p me,0
212,"3:32 *mori awwwğŸ’œğŸ’œğŸ’œ

2020 y esta song sigue siendo wenasa",2
82,1:22 Tea now has a happy dance,0
49,0:49 SOOOOOOOOOOOOOOO CUTE!,0
177,"2:57
Poor baby Tae's disease is acting upğŸ˜«


HIS FACEğŸ˜¢ğŸ˜«ğŸ˜©


I'M CRYINGğŸ˜­ğŸ˜­ğŸ˜­ğŸ˜­ğŸ˜­",1
182,"3:02 las jiminfans tengan cuidado porque su bias estaba coketeando con esta tipa


2:58 osea que desde el 2013 tae ya tenias esas ronchas en su cuerpo?",4
131,2:11 hi little kid,0
165,2:45 jimin punya Otok,0
25,0:25 â˜ ï¸,0
93,1:33 I LOVE JIMIN â¤â¤â¤â¤â¤â¤â¤â¤â¤â¤â¤â¤â¤â¤â¤ğŸ˜˜â¤ğŸ˜˜â¤ğŸ˜˜â¤ğŸ˜˜â¤ğŸ˜˜ğŸ˜˜,2
50,"0:50 Jimin is so cute

AigooooooooğŸ˜˜ğŸ˜˜ğŸ˜˜ğŸ˜ğŸ˜ğŸ˜",0
165,2:45 HOW DID THEY NOT GET DEMONETIZED FOR THAT SERIOUSLY THAT IS UNACCEPTABLE,0
50,0:50 look at jimin's face,0
197,"3:17 Stigma? 
Sei lÃ¡, Ã s vezes parece que todas as mudanÃ§as do bts estÃ£o planejadas desde de quando eles debutaram",0
25,0:25 really jimin can you pull ur shirt down or do u need education 1:27 SAME WITH YOU JUNGKOOK 2:45 ok u need education jimin..,0
87,"1:27

I guess in 2013 Bighit really didnâ€™t give a fuck about the members showing off their stomachs",0
25,0:25 jimin please put your shirt down!,2
211,3:31 Jikook FetusğŸ˜ğŸ˜ğŸ˜ğŸ˜,0
211,"3:31


Jimkook



XD


Suga: *drinks all banana milk from baby kookie*",2
63,1:03 okay but could he actually breath with that thing on?,0
230,"3:50 yall i'm still hearing '' to all beyonces' without dreams""",1
40,0:40 yoongi has squishy cheeks,0
87,1:27 ohhh my hot boy ğŸ˜ğŸ˜,2
24,0:24 EXCUSE ME?!,0
145,2:25 à¸­à¸²à¸²à¸²à¸² à¹€à¸›à¹‡à¸™à¸¥à¸¡,0
24,0:24 jimin abs,1
32,0:32 suga gummy smile from the start ğŸ˜ğŸ˜­,8
31,0:31 THAT SMILE,0
87,"1:27
Me:watching jungkooks live he says ""I've been a good boy lately""
Also me :*falls of bed*",252
125,2:05 SOPE ğŸ’œ,1
164,2:44 ì§€ë¯¼ë³µê·¼,0
25,"0:25 cant breath
1:26 visit the doctor
2:47 
Doctor :your child is in shook and she is saying NO
MORE DREAM 
Mom: ğŸ˜",71
99,1:39 bts has created the whip and nae nae,0
212,"3:32 Kookies little kid smile is so preciousâ¤ï¸
Whoâ€™s still watching this in 2019?
Edit:even in 2020.",623
87,1:27 is that T-shirt? or something else?,0
153,2:33 â™¡â™¡â™¥â™¥â™¡â™¥,0
99,1:39 Proof Bts made the whipğŸ˜‚,1
24,0:24 no censorship,0
195,3:15 omg stigma,0
87,"1:27 Omg I screamed...
I totally forgot this...ğŸ˜€ğŸ”«",1
165,2:45,0
25,0:25 jiminâ€™s abs ğŸ˜‚,3
25,0:25 you know sometimes u just need to air out the abs I totally get it jimin ğŸ™„,7
50,0:50 Jimin the bee ğŸ¤£,4
25,0:25 jiminnnnn ğŸ˜ğŸ˜ğŸ˜ğŸ˜ğŸ˜ğŸ’ªğŸ’ªğŸ’ª,0
25,0:25 look at jimin!!!,0
50,0:50 jimin so CUTE!!!!!,0
25,"0:25,Did you guys saw what was Jimin doing? 1:27and who did that to my bias huhğŸ¤¨ğŸ¥º
Edit:And now this happens 3:31â˜ºï¸ğŸ™‚",22
24,00:24 I was shook 1:24 I was cryingğŸ˜³ğŸ˜·ğŸ˜­ğŸ˜­,0
25,0:25 dejen le tapÃ³ el abs a jimin >:v,1
86,1:26 jungkook's abs,0
88,"1:28 


Jk did anyone noticed that too",1
50,0:50jimin hoooooo kyout,1
25,0:25 Ñ‡Ğ¸Ğ¼Ğ¸Ğ½~Ñ‰ĞµĞµĞµĞµĞµĞµĞµĞµĞµ,1
87,1:27ğŸ¸ğŸŒšğŸ—¿ğŸ’”,1
85,"1:25
JUST THAT!!  I'M NOT OK!!!  IT'S KILLING ME!!!",3
167,2:47 Suga de mala ostia porque su novio Jomin enseÃ±a cuerpoğŸ˜‚,0
213,3:33 jimim is witj a dirty tooth,0
87,"1:27 deus me dÃª fÃ´lego nesse momento Deus,Deus, Deus ajuda aqui",2
22,0:22 BABY JUNGKOOK O_O!!,0
87,"1:27 me too, jungkook. me too",0
153,"2:33
*Always here for this lil boo boo*  ğŸ˜˜",1
197,3:17 stigma ÑÑ‚Ğ¾ Ğ¶ Ğ¿ĞµÑĞ½Ñ Ñ‚ĞµÑ…ĞµĞ½Ğ° Ğ¸Ğ· Ğ±ÑƒĞ´ÑƒÑ‰ĞµĞ³Ğ¾,1
164,2:44 I think camera man love Jimins Abs,0
87,1:27 Bless As Jungkook,0
25,"0:25 
J-jimin!! Omg..ğŸ˜",0
25,"0:25.. 1:26......... I'm dying..................... Wus up with busan boys.......... AND Y THEY ALL LOOKIN SO FIRE.... And... Handsome. ... And.... . *starts sniffing*.....  Guys u rlly grew up... 


2019 anyone â‰ï¸ğŸ˜‚ğŸ˜‚",1
144,"2:24 OMG, look how cute Jin is hereğŸ˜ğŸ˜‚",0
87,1:27  ME WHATCHING JUNGKOOK :O :O :O :O XO XP  /ME:DED,0
212,3:32 ommggg  skwiwsjdghdue this is so cute hsyehehdfhd ğŸ’œğŸ’™â¤ï¸ğŸ’™â¤ï¸ğŸ’™â¤ï¸ UwU,0
52,"0:52
V:chicos",0
212,3:32 la sonrisita de KookieeeeğŸ’•,1
87,1:27 yes Jungkook?,0
87,"1:27 
*When Jungkook went*

ğŸ‘¦ğŸ»
â—¼ï¸
ğŸ”¶
ğŸ‘–

Oof I felt that",395
24,0:24 wtf jimin!!??? XD,1
25,0:25 ok this is totally irrelevant but whAT THE FUCK the girl next to seokjin patting jimin's back lowkey looks exactly like me im not even kidding,0
24,0:24 hope will jimin do it again XD,0
212,3:32 jimin has food in his teeth ğŸ˜‚ğŸ˜‚ hes still cute â¤ï¸,1
25,"0:25 Jimin you can put your shirt down...ğŸ˜‚
1:27 Jungkook you too.ğŸ˜‚
2:45 STAAAPHHHH",1845
196,3:16 anyone else notice stigma on the walls ğŸ‘€ğŸ‘€,0
196,3:16 they have already hinted V's solo song in Wings I-,2
24,0:24 jiminssiğŸ’œğŸ’œğŸ’œğŸ˜®ğŸ˜®,1
25,0:25 JIMINğŸ˜ğŸ˜ğŸ˜,0
25,0:25 JIMIN WHY,0
25,0:25 I see thatğŸ˜,0
87,1:27 Ooo Jungkook ğŸ˜ƒ que estas mostrando,0
87,1:27 ğŸŒ,0
212,3:32 i think there's something on jimin's teeth,0
87,1:27: OMFG BABY KOOKIE HAS ABS TOOO!!!ğŸ˜­ğŸ˜­ğŸ˜­ğŸ’œğŸ”¥ğŸ”¥ğŸ‘ŒğŸ’œ.   *FOUND DEAD*,3
211,3:31 jikook,0
88,1:28 Jungkook ğŸ˜ğŸ˜ğŸ˜,0
210,3:30 MI JIKOOKMIN AAAAAAAAAAAAAAAAHH :'),0
86,1:26 kookie 7w7 xd,0
25,0:25 and 1:27 OMG!!! *JIKOOK*,0
23,0:23 Jimin omg zbajahahxwijakzb,0
24,0:24 jiminğŸ‘€,0
88,1:28,0
39,0:39 i'm dead,0
211,"3:31
ğŸ¤§ğŸ’œğŸ’œğŸ’œğŸ’œğŸ’œğŸ’œğŸ’œğŸ’œ",0
86,1:26 JkğŸ’–ğŸ˜ğŸ˜,1
24,0:24 Thanks Armypedia :'),0
210,3:30 omg my baby boysss ğŸ¥°ğŸ¥°,0
87,1:27 wait jungoo why am I noticing this 6 years later,0
87,1:27 (Í¡Â° ÍœÊ– Í¡Â°),1
162,2:42 tae aquien miras,2
24,0:24 HAY MI HORMONAS JIMIN,1
24,0:24 damn jimin relax,0
196,3:16 you ever notice it says 'stigma' on the walls?,3
208,3:28,0
87,1:27 JUNGKOOK HJSHSBHSJSKSH?!?!?!?!,0
25,0:25 Jimin ğŸ™ƒ,0
87,1:27 JK's Baby Face and Abs .... 2019 anyone,1
25,0:25 jimin-ssiii!!!!,0
181,3:01 Jungkook com ciÃºmes ğŸ¤£ğŸ¤£,0
51,0:51 jimin is cute,4
87,1:27......ğŸ˜³....... Me lo morfo,0
50,00:50  the sound Jimin makes sounds like when you pull a straw out of a cup  ã…‹ã…‹ã…‹ã…‹ã…‹ã…‹ã…‹ã…‹ã…‹ ğŸ’œğŸ’œğŸ’œğŸ¥´ğŸ¥´ğŸ˜±ğŸ˜±ğŸ˜‚ğŸ˜±ğŸ¤¤,0
87,1:27 look at JungkookğŸ˜â¤ï¸,0
87,1:27,0
87,1:27 omg look at jungkook,1
50,0:50 ğŸ˜ğŸ˜,0
47,0:47 uhh rm what u just said?ğŸ˜‚,1
47,0:47 uhh rm what u just said?,0
165,2:45 hubba hubba....,1
30,0:30 suga ğŸ˜,0
87,1:27 jungkoooooook bodyyy,1
31,0:31 this smile ğŸ˜ğŸ˜ğŸ˜ğŸ˜ğŸ˜,0
169,2:49 ohmygod chim!,0
45,0:45 Jinâ™¥ï¸,0
221,3:41 he's been slaying since the first uwu. he looks so cute here.,0
104,1:44 namjoon,0
125,2:05 SOPE!!!,0
24,0:24 jimin lifted his shirt up like it was no ones businessğŸ˜‚ğŸ˜‚ğŸ˜‚,0
24,0:24  CHIM CHIMS ABS,0
211,3:31 *JIKoOK* ^^ğŸ’•,0
165,"2:45 lmao while they were saying ""la la la la la"" I was saying ""no no no no no"" *JIMIN STOP*",0
87,1:27 jungkook omg,1
181,3:01 Lil Tay is army confirmed!,0
172,2:52 (i licked the screen),0
25,0:25 WTF?!? JIMIN THOSE ABS!,0
25,"0:25 why are u lifting it up, Jiminie? Huh? ğŸ˜‚",0
25,0:25 yeeey abs,0
211,3:31 JIKOOK!!!!!!!!,0
196,3:16  bishhhh i just saw *STIGMA* THERE,1
171,2:51 wow jungkook,1
203,3:23 ACTUAL LEGENDS ğŸ˜”ğŸ˜”âœŠ 2018??,0
86,1:26,0
166,2:46 what the F... chimchim ahhh,0
50,"0:50 wheres my bias?? oh, there he is",0
25,0:25 seconds in and Iâ€™m already dying,0
198,3:18 I SEE STIGMA,0
170,2:50 OMG AAAAAAAHHHH â™¥â™¥â™¥â™¥â™¥â™¥â™¥â™¥â™¥â™¥ X33333,0
50,0:50-0:51 and 2:45-2:47 Yup they are the same person.,0
87,1:27 Jiminâ€™s face  lmaoooo,0
25,"0:25,1:27,2:45 ......... enjoy xD",1
48,0:48 OMG SOOOOOOOO CUTE!!! LIL' BABY KOOKIE!!!â¤ğŸ˜ğŸ˜ğŸ˜„â¤,0
24,0:24 omagah Jimin,0
187,"3:07 soy yo o dice estoy ""sudado""",0
25,0:25 omg JiminğŸ˜ğŸ˜,0
87,1:27 JungKook,0
85,1:25 Jk :),0
24,"0:24ì´ˆ ì§€ë¯¼ì´ ê·¼ìœ¡....ê·€ì—¬ë¯¸~^^
ì§€ë¯¼ì´ ê·€ìš”ë¯¸~~^
0:50ì´ˆ ì§€ë¯¼ì´ ê·€ì—¬ë¯¸~~
ê³ ê°œí”ë“œëŠ”ê±° êº„ì•„ì•„ì•„ì•„ì•„ì•„ì•„ì•„ì•œ!!^^",2
212,3:32 jikookâ¤,0
85,1:25 ouuuu kookie.... :)))),0
86,1:26 sexy KOOKEÄ° ğŸ˜,0
24,0:24 love jiminâ¤â¤â¤â¤â¤â¤ğŸ’‹ğŸ’‹ğŸ’‹â¤ğŸ’œğŸ’œğŸ’œ,0
211,3:31 *screenshots twice*,0
29,0:29 the duality of Min Yoongi,1
164,2:44 I'm Shock.ğŸŒš,0
86,1:26 ur trying to kill me aren't u kookie,0
24,"0:24 okay but like why, Jimin..",0
48,0:48 :),0
25,0:25 OMGGGG ğŸ˜‚ğŸ˜‚,0
211,3:31 how jikook startedğŸ˜‚,0
163,2:43 Random CartWheel In The BackGround ğŸ˜‚â¤,1
87,"1:27 wtf Jungkook 
No puedo OMGGggGgg",0
31,0:31 LA SONRISA QUE QUIERO PROTEGER CON TODAS MIS FUERZAS. ğŸ’œ,0
125,02:05 SOPEEE <3 II MISS THEM SO MUCH,1
205,3:25 Jimin's armpit is smoother and brighter than my face ;-;,1
85,1:25 yasss,1
33,0:33 you can see stigma on the wall on the top right of the screen :0,1
29,0:29 vs 0:31 ????,0
87,"1:27 ğŸ˜¢ğŸ˜ğŸ˜â¤
  Dios mio ğŸ˜­ 
TE AMO JEON JUNGKOOK !!!ğŸ’˜â¤",0
25,0:25 ì§€ë¯¸ë‹ˆ ë³µ.ê·¼...,0
197,3:17 STIGMA,0
197,3:17 ë²½ì— stigma...ëŒ€ë°•ì´ë‹¤ ì™€ ìŠ¤í¬ì˜¤ì¡Œë‹¤,0
227,3:47 Kookie looked so fascinated while the camera was moving along with him. :),0
198,"3:18 ""stigma"" is written in the back grown which is also the name of one of the chapters in the wings album",1
24,0:24? Anybody??????????,0
86,1:26 los abs de Kookie,0
67,1:07 galleta enojadağŸ˜‚,0
51,0:51,0
25,0:25,0
25,0:25 JIMINNN,0
51,0:51 Tae ğŸ˜â¤,2
24,0:24 Jimin is just casually lifting up his shirt holy crap,0
196,3:16 Stigma written on the wall! DAMN THEY WERE PLANNING SINCE DEBUT OMGG XDXD,6
164,2:44 Omg I cant breath fuckin Jimin,4
85,1:25Jung KookğŸ™ˆğŸ™ˆ,0
196,3:16 guys.. there's been clues since way back when. The word 'stigma' is in 2 places on the wall.,1
85,1:25 EXCUSE YOU JUNG HOSEOK,0
86,1:26 back to the times when jungkook casually lifting his shirt,180
24,0:24 â˜ºğŸ˜ŠğŸ˜€ğŸ˜ğŸ˜‚ğŸ˜ƒğŸ˜„ğŸ˜…ğŸ˜†ğŸ˜‡ğŸ˜ˆğŸ˜‰ğŸ˜¯ğŸ˜ğŸ˜‘ğŸ˜•ğŸ˜¬ğŸ˜´ğŸ˜®ğŸ˜£ğŸ˜¤ğŸ˜¥ğŸ˜¦ğŸ˜§ğŸ˜¨ğŸ˜©ğŸ˜°ğŸ˜±ğŸ˜²ğŸ˜µğŸ˜¶ğŸ˜·ğŸ˜ğŸ˜’ğŸ˜ğŸ˜›ğŸ˜œğŸ˜ğŸ˜‹ğŸ˜—ğŸ˜™ğŸ˜˜ğŸ˜šğŸ˜ğŸ˜ŒğŸ˜”ğŸ˜ªğŸ˜ğŸ˜“ğŸ˜«ğŸ˜ºğŸ˜¼ğŸ˜¸ğŸ˜¹ğŸ˜»ğŸ˜½ğŸ™€,6
87,1:27 wth Jungkook please Dont kill me ğŸ˜,0
24,0:24 so unecessary JIMIN,10
88,1:28 omgğŸ˜,3
87,1:27 girl's crop tops of these days be like,97
148,2:28 V IS SO CUTE HERE OMG,93
86,1:26 those Kookie abs!!!! ğŸ˜ğŸ˜ die from hotness.,83
10,"0:10 Bts dropping hints (Run, NO)",8
187,"3:07 damn, J-hope",4
31,0:31 melts my heart.......................,115
24,0:24 Jimin really.....,208
86,1:26 LOL RUDE,23
24,"0:24 WHY JIMIN 
",95
149,2:29 ._. J-Hope style just like Kris Exo..<3..My bias bias bias~!!!,1
178,2:58 V o_o,12
50,0:50 SO CUTE !!! *w* Jiminnie <3,1
24,0:24 what jimin,18
165,2:45 JIMIN STOP IT RIGHT NOWWW OMG.Â ,175
87,1:27 JUNGKOOK I CAN'T BREATH BECAUSE OF YOU.,151
45,0:45 who is that angel right behind/next to rap monster? @_@,0
211,3:31 *0* Jimin & Jung Kook <33333333,0
48,0:48 thats jung kook right?,0
111,1:51 mini taeyang in MV one of a kind GD,0
164,2:44  *-------------------------*,0
165,2:45  {Ã±lkjhgfagnslkmsakbasjhasbjhbasjhbjh *-----------* ,0
212,3:32 I ship those couple ^^,0
180,"3:00 I found the first COUPLE JIM COUPLE! <3 MUHAHAHA and they both are my bias with V! <3 
",0
102,1:42;; mini GD! x],0
192,"3:12--""OH HI!""",0
188,"3:08 you can see rap monster without his glasses, but not close enough to see his face ",0
101,1:41 Jimin reminds me of baro xD,0
