36,0:36 0:50 1:25,0
141,2:21 â€œIâ€™m a starâ€ I love it:);),2
70,"1:10 is that Halsey's ""bad at love""??? i think so",2
10,0:10 hIS COLLARBONE OMG-,1
1,0:01 Jin singing Sope's legendary song in the background ğŸ˜‚ğŸ’œ,3
66,"1:06 Ğ”Ğ¶ÑƒĞ½ ÑĞºĞ°Ğ·Ğ°Ğ» "" Ñ‚Ñ€ĞµÑ‚ÑŒĞ¸Ğ¼ Ğ±ÑƒĞ´ĞµÑˆÑŒ ÑˆÑ‚Ğ¾Ğ»ÑŒ?""ğŸ˜‚ğŸ˜‚ğŸ˜‚ğŸ˜‚ğŸ˜‚",0
110,1:50,1
53,0:53-59Jimin in satoori's voice ğŸ’œ,0
35,0:35 that look xD,1
53,0:53 IM GOING TO LIVE ANOTHER 40 YEARS,0
114,1:54 ğŸ‘ŒğŸ˜‚ğŸ’• hahahaha i love them ğŸ˜‚,0
110,1:50 *MY DAMN EAR HAS BEEN BLESSED*,0
105,1:45 ë‹˜ë„ ë³´ê³  ë½•ë„ ë”°ê³ ~~ì •êµ­ì´ ë’¤ì—ì„œ ë­ë¼ëŠ”ê±°ì–”ã…‹ã…‹ã…‹ã…‹ã…‹ã…‹ã…‹ã…‹,0
26,0:26 Jimin's face when Jin slaps his shoulderğŸ˜‚,103
70,1:10-1:14 Jhope theme song,1
108,1:48 HAHAHAHAH,0
85,1:25 omg kajdisjxksjkxjskx jirose,0
15,"0:15
Jhope: Annyeongseyo Jin.
Jin: *Death stare*
Jhope: Annyeongseyo Jin hyung.
Jin: *Much better*",2
109,1:49 jin is so cuuute..â™¥,0
114,"1:54 I love how Jimin stays totally unbothered :,)",34
35,0:35 jimin smiled at us ARMY,23
92,1:32 a 1:44  *IN LIFE I AM JIMIN* :'),6
113,1:53 JAJAJAJAJAJAAJAJJA MORI,0
53,0:53 I love his laught â¤â¤â¤,0
115,1:55 lol jimin vibrate voice ğŸ˜‚,14
13,0:13 BRASILLLLL JINNN,0
117,1:57 i diedğŸ˜‚ğŸ˜‚ğŸ˜‚ğŸ˜‚ğŸ˜‚ğŸ˜‚ğŸ˜‚ğŸ˜‚ğŸ˜‚ğŸ˜†ğŸ˜†ğŸ˜†ğŸ˜†ğŸ˜†ğŸ˜…ğŸ˜…ğŸ˜…ğŸ˜‚ğŸ˜‚ğŸ˜‚,1
115,1:55 Ø¬Ø§ÙŠÙ‡ÙˆØ¨ Ù„ÙŠØ´ ÙƒØ°Ø§ Ù‡Ù‡Ù‡Ù‡Ù‡ğŸ˜‚,2
110,1:50 ØµÙˆØªÙ‡,2
16,0:16 when u see it,1
18,"0:18
When you see it
Djsndbndxmtits",0
44,0:44 *Vigorously Smacks face with cloth*,0
114,1:54 J Hooooooope.ğŸ˜‚â¤,1
93,"1:33 FDGDHFH WHEN RM SAYS THAT HOBI, JIMIN, AND JIN LOOK ALIKE SITTING NEXT TO EACH OTHER AND THEY ALL GET OFFENDED",0
35,0:35â¤â¤â¤à¸•à¸²à¸¢à¹€à¹€à¸à¸£à¹‰à¸š,1
2,0:02 my fav song ğŸ˜˜ğŸ˜˜,0
115,1:55 se me paro lo inexistente â¤â¤â¤,0
14,"0:14-0:16ğŸ˜‚
1:29â¤â¤
1:51-1:57ğŸ’",1
0,"0:00 My beby 
I love bts ğŸ˜˜",0
114,1:54 when you can't do a vibrato so you have to cheat your way out of it,0
60,1:00 I hear Sewoon â¤,0
36,"0:36 

HOMAYGAJDHSJAB SHET",0
115,1:55 Ù…ÙˆØªØªÙ†ÙŠ Ø¢Ø®Ø± Ù„Ù‚Ø·Ø©ğŸ˜‚ğŸ˜‚ğŸ˜‚ğŸ˜‚ Ø¢Ù‡ Ù…Ù† Ø¬ÙŠÙ…ÙŠÙ† ÙˆØ¬ÙŠÙ‡ÙˆØ¨ğŸ‘â¤.,0
40,"0:40 ""I'm wiping the oils off my face cus my face is oily. If you sell it, it'll become money"" JIN YOU RIGHT",0
3,0:03 quien canta I was able to eat!,0
104,"1:44 jin looks like a daddy I can't ğŸ˜­ğŸ˜­ğŸ˜­ğŸ˜­ğŸ’˜ğŸ’˜ğŸ’˜ğŸ’˜
His deep voice ğŸ˜­ğŸ’˜",0
98,"1:38 *thatâ€™s one handsome shoulder youâ€™ve got there V 0_00*


why is everything part of this man so handsome ismmmjs jdjdm",1
107,1:47 JINMINğŸ‘€ğŸ‘€ğŸ‘€,62
113,1:53 cara desculpa mas eu maliciei tanto esse movimento do hobi socorro,0
72,1:12 so so so beautiful ğŸ˜ğŸ˜ğŸ˜â¤,0
112,"1:52 
Â¿Jin que putas haces :v? 
Hobi... khe",0
113,1:53ğŸŒšğŸŒšğŸŒš,0
80,"1:20 oh el zom 7u7

â€¢<â€¢ io pense en cosas sanas",0
36,0:36 that smile tho,19
80,"1:20 im star!!! xdd super star 
RM â¤",0
34,0:34 jimins cute smile omg heâ€™s so precious how can anyone ever say anything bad about our baby boy jimin ğŸ’—ğŸ’—,25
88,"1:28 ""ì•„-ì•„ë¯¸ë“¤ ì‚¬ë‘í•œë‹¤"" ë„ˆë¬´ ì‹ ë‚˜ì„œ ì•„ëƒ?ã…‹ã…‹
1:55 ì•„ ì‚¬ë‘ìŠ¤ëŸ½ë‹¤",0
66,01:06 The world is gonna change ~~ #Namseok ğŸ˜,0
71,1:11 my happiness AKSJHSJAJSKDLKA,0
115,1:55 when all my wishes suddenly changed to: becoming jhope's hand ...yes,0
41,0:41 can i be that thing that he keeps putting on his face?,0
36,0:36 hit me with a brick already,0
34,0:34 i'm crying because of your cuteness,0
110,1:50 JIN TRIED PUTTING JIMIN'S CHAIN IN HIS EAR JNFJSFNJS,314
2,0:02 Jungkook Scar,6
2,0:02 Iconic *SOPE song* sang in the back by some kind of angel,0
110,1:50 ohmylordeu angel,7
54,0:54 CUTIEEEEEEEEEEE,0
113,1:53 u can see it s the wrong color foundation on jimin face,0
97,1:37,0
120,2:00 taetae ğŸ˜ i'm gay now XD,0
97,1:37,0
114,1:54 lmao hobi,0
33,"0:33 AI QUE FOFO, SOCORRO â¤ğŸ˜ğŸ˜ğŸ˜ğŸ˜ğŸ˜ğŸ˜ğŸ˜ğŸ˜",0
36,0:36 THT SMILE AGAHSBSNS FREAKING MOCHI U DAMN BW IM LOYAL TO JHOPE,3
75,1:15 Jhoooooooope,0
66,1:06 Namjoon ğŸ˜â¤,0
70,1:10 Ã¡ 1:22 AWNNNNNN JHOPE QUE NENE MDSSSSS te amoo,0
61,1:01 sometimes you want to be this girl...,8
52,0:52 la risağŸ˜‚â™¡,0
110,"1:50 - 1:53 is definitely the highlight of this video, at least to me!! I can't believe that I can hear Jimin sing ""Serendipity"" live. OMG it was so freaking short & I WANT MORE!!!",61
116,1:56 ğŸ˜‚ğŸ˜‚ğŸ˜‚ ih-ih-ih-ih,9
104,1:44 ì§„ ëª©ì†Œë¦¬ ë„ˆë¬´ ë‹¤ì •í•´ì„œ ë…¹ì•„ì‚¬ë¼ì§ˆê±°ê°€í‹ˆã… ,2
115,01:55 and Jimin's amazing song:D âœŒ,3
0,"0:00 in the background, what group is that?",0
113,1:53 felt like he was rubbing a... you know a ..... well,0
114,1:54 bebeeee sjsjbd,0
89,1:29 the way Jimin says is so cute.......,0
110,1:50 Jin what are you doingğŸ˜‚ğŸ˜‚ğŸ¤£,0
81,1:21 I tot namjoon was zooming into smth else,0
105,1:45 thats what a proud mom looks like,0
31,0:31 a cute dance monster appears ğŸ˜‚ğŸ’ğŸ’ƒ,0
24,0:24 a sexy mochi appears ğŸ˜ğŸ‰ğŸ™,0
62,1:02 how to be a cotton bud 24/7 101. ì§€ë¯¼ì´ ì‚¬ë‘í•´ìš”ğŸ’•ğŸ’•,8
11,0:11 a snack appears ğŸ˜³ğŸ’ğŸ˜‹,0
12,0:12 0:49 1:46 *heavy breathing* â—ï¸¿â—,0
91,1:31 A wild V has appeared,2
98,1:38 u can see Vâ€™s shirt but not him ğŸ˜«,0
32,0:32 _THAT'S   IL LE G A L ! !_ Joon.,0
123,2:03 of 5 members getting ready to make us happy on stage. Stay healthy Bangtan,0
81,1:21 At first I thought they were zooming on something else so I panicked and looked away,1
116,1:56 boynununda morluk mu var mochi inÅŸallah jungkook yapmÄ±ÅŸtÄ±r shdnshjsjs,1
113,1:53 so cute jhope jin y jimin ~,21
1,0:01 first second of the video and I'm attacked ... JEON JUNGKOOK STOP â¤ğŸ˜£,4
100,1:40 jhope's laugh ğŸ˜ğŸ˜ğŸ˜,0
111,1:51 Serendipity=Yoonmin!!â¤âœ¨,0
116,1:56 Me when i try to sing,0
115,1:55 xD hahahahahaha tufuq? XD,0
115,1:55 I SPIT OUT MY WATER. WTH IS WRONG WITH ME,11
3,0:03 handsome *man*,0
42,0:42 me when i saw jimin uGH,54
116,"1:56
ğŸ˜‚ğŸ˜‚ğŸ˜‚ğŸ˜‚ğŸ˜‚ğŸ˜‚ğŸ˜‚
Best 7 dorks of this world...",0
116,"1:56 a hoe is wet, and that hoe is me",0
98,1:38 Taehyung~ağŸ˜ŒğŸ’œ,0
123,2:03 JAJAJA QUE ES MALO EL WEON XD,0
35,"0:35 Ã”i ná»¥ cÆ°á»i Ä‘Ã³, â¤ tan cháº£y Jimin I'm calling your name",2
49,0:49 GatoğŸ˜¢ğŸ˜¢ğŸ˜¢,1
116,1:56 Hobi so extra ğŸ˜‚lmao,0
69,1:09 jajaaj,1
119,1:59 ğŸ˜‚ğŸ˜‚ğŸ˜‚ğŸ˜‚ try not to laugh but i'm failed,0
0,0:00 I want that job!!ğŸ™ˆğŸ˜ğŸ˜‚,0
81,"1:21 Just. . .that almost-close-up of J-hope's zipper, though
My heart. . .",0
6,0:06 when will i ever get this job...,0
104,1:44 ì •êµ­ì´ ë®¤ì§ë±…í¬ì—ì„œ í–ˆë˜ ë‹˜ë„ë³´ê³  ë½•ë„ë”°ê³  ë©˜íŠ¸ ì—°ìŠµí•˜ëŠ”ê±° ë“¤ìœ¼ì‹ ë¶„!!ã…‹ã…‹ã…‹ã…‹ã…‹ã…‹,6
113,1:53 if you don't stop.,4
42,0:42 jin cute,0
74,1:14 The best face ever made.,0
112,1:52 â¤ï¸â¤ï¸â¤ï¸â¤ï¸â¤ï¸â¤ï¸â¤ï¸â¤ï¸â¤ï¸,0
12,0:12 and in that moment I knew I needed to pause the video to survive from perfection,0
106,1:46 what and why is jin doing that? ğŸ˜‚,0
96,"1:36 a maneira que o jimin olha pra camera, e depois os sorrisos que ele dÃ¡. Ele Ã© tÃ£o calmo, um verdadeiro anjo ğŸ’œ",0
45,0:45 well he ainâ€™t wrong,1
110,"1:50 ""Y'all got no jams"" RM thought",2
116,1:56 THIS IS THE CLOSEST WE HAVE EVER BEEN TO BE ABLE TO IMAGINE SMELLING JIMIN'S PERFUME I CAN'T,0
0,0:00-0:10 jungkook so cute and his face said:i am so tired,3
3,00:03 jin oppa singing ğŸ˜‚ğŸ˜‚ğŸ˜â˜º,0
114,1:54 hobiğŸ˜‚ğŸ˜‚,4
5,00:05 he sleepy ğŸ˜‚ğŸ˜‚ğŸ˜cute,0
107,"1:47 ğŸ’–

jin ğŸ˜",0
93,1:33 Name a more good looking trio I'll wait,296
81,1:21 FOCA UM POUCO MAIS PRA EMBAIXO ğŸŒš,0
114,1:54 I wanna be Jhopen sooo bad ( Í¡Â° ÍœÊ– Í¡Â°),2
62,1:02 I want to be BTS' makeup artist part 372947251,305
114,1:54 this is why Jihope are the only roommates in their new dorm,352
116,1:56 I DID NOT ASK FOR THIS DISRESPECT,398
3,0:03 jungkkok ğŸ˜ğŸ˜ğŸ˜ğŸ˜â¤ğŸ˜ğŸ’– kookie meu todynho,2
113,"1:53 


you're welcome.",0
88,"1:28 
JM:""Soy un corazÃ³n que ama a Army""ğŸ˜",12
113,1:53 SerenJiHopeJinpity ğŸ˜†ğŸ˜˜â™¥ï¸,4
107,"1:47
Jinâ€™s playing with Jiminâ€˜s earringğŸ˜†â¤ï¸",35
70,1:10 J HOOOOOPPEEğŸ˜ğŸ˜˜,0
116,1:56 IDK WHY I'M LAUGHING SO HARD ...,0
114,1:54 jiminğŸ˜…ğŸ’“,7
2,0:02 Already my heart *SHOOK*,1
20,0:20 Jin's chest are killing me but thats also a blessing for meğŸ‘€â˜»ğŸ˜ğŸ’– and jin looks like a princeğŸ˜ he's so damn fineâ™¡â™¡â™¡,0
35,0:35 my bias ughhh that beautiful smileğŸ˜ğŸ˜ğŸ˜ğŸ˜ğŸ˜ğŸ˜ğŸ˜ğŸ˜ğŸ˜ğŸ˜ğŸ˜ğŸ˜ğŸ˜ğŸ˜ğŸ˜ğŸ˜ğŸ˜ğŸ˜ğŸ˜ğŸ˜ğŸ˜ğŸ˜ğŸ˜ğŸ˜ğŸ˜ğŸ˜ğŸ˜ğŸ˜ğŸ˜ğŸ˜ğŸ˜ğŸ˜ğŸ˜ğŸ˜ğŸ˜ğŸ˜ğŸ˜ğŸ˜ğŸ˜ğŸ˜ğŸ˜ğŸ˜ğŸ˜,6
33,0:33 NamjoonahhhğŸ˜ğŸ˜ğŸ˜ğŸ˜ğŸ˜ğŸ˜ğŸ˜ğŸ˜ğŸ˜ğŸ˜ğŸ˜ğŸ˜ğŸ˜ğŸ˜ğŸ˜ğŸ˜ğŸ˜ğŸ˜ğŸ˜ğŸ˜ğŸ˜ğŸ˜ğŸ˜ğŸ˜,0
52,0:52 jiminnğŸ˜,10
17,0:17 Jin's smileğŸ˜ğŸ˜ğŸ˜ğŸ˜ğŸ˜ğŸ˜ğŸ˜ğŸ˜ğŸ˜ğŸ˜ğŸ˜ğŸ˜ğŸ˜ğŸ˜ğŸ˜,0
114,1:54 JIMIN COME THROUGH DEMM VOCALS,7
2,0:02 Kookie's little scar on his cheekğŸ˜ğŸ˜ğŸ˜ğŸ˜ğŸ˜,3
1,0:01 omg Jungkook <3',3
114,1:54 JHOPE'S HAND OR JIMIN'S NECK? WHICH IS MY DEATH? OMG,13
114,1:54 lmao I can't ğŸ˜‚ğŸ˜‚ğŸ˜‚ğŸ˜‚,16
34,"0:34 ì§€ë¯¼ì˜¤ë¹  ì›ƒìŒë´ã…œã…œã…œâ¤
ë„˜ ì´ì˜ìš”ã…œã…œã…œğŸ‘ğŸ‘",14
35,0:35 ğŸ˜³ğŸ’” ğŸ˜­ i'm fine thank u,0
51,0:51  jiminie in satoori ğŸ˜ğŸ˜ğŸ˜ğŸ˜,11
1,0:01 and 1:51 Jin  and Jimin singing ğŸ˜ğŸ˜,9
110,"1:50  Jimin's voice is heaven. 
All of them were looking so handsome, what a gorgeous view! ğŸ˜",95
115,1:55 is my new ringtone phone geez,0
110,1:50 HIS VOICE IS SIMILAR TO AN ANGEL LPM,2
93,1:33 all the exposed collarbones I feel attacked,431
91,1:31 JIMIN LOOKS SO SMALL LPM,0
29,"0:29 Jimin was like ""did you just hit me?"" ğŸ˜‚",0
35,0:35 -- what caused my death. Ughhhh ğŸ’—ğŸ’ğŸ˜,0
2,"0:02 JUNGKOOOK, I DEAD â¤ğŸ˜",3
88,1:28 Awwwwwww jiminee so sweet ğŸ’ğŸ˜ğŸ’ğŸ’œilysm,276
116,1:56 asdfghjkl,0
0,0:00 R.I.P. TO ME,0
12,"0:12
Hoseok: Hello, Jin-ssi!
Jin: Hello! Can you call me ""hyung"" ?
Hoseok: Hello, Jin.
SAVAGE AF LMAO",169
85,1:25 heol ğŸ˜ try to listen what jhope said shippers,0
119,1:59 ....UMMM..EXCUSE MEÂ NAMJOONIE A LITTLE BIT TO THE LEFT PLEASE...,0
111,1:51 Jimin ğŸ˜,53
82,"1:22 I feel like my shirt, I feel like I became a star ~ J-Hope",0
82,1:22 I thought that camera was zooming somewhere else ğŸ˜‚ğŸ˜‚,0
85,1:25 Rosieo?aniyo heartue heartue why he is so sweet  my heart is not ok ğŸ˜…,135
102,1:42 - the end. jimin just made me melt ğŸ˜ that smileee ğŸ™ˆ,14
35,0:35 whY don't you just kiLL ME?!,0
53,"0:53 I'm just gonna save this on my BTS JIMIN MEMES folder on my phone, don't mind me",18
115,"1:55
I know what yaâ€™ll are thinking @ haRD stANs",1
35,0:35 the smileee thoooooo â™¥,0
89,"1:29 jimin said so differently
It was funny ğŸ˜‚ 
ğŸ’•â£ğŸ’•â£ğŸ’•â£ğŸ’•ğŸ’•",9
28,0:28 I love seeing jimin's mole on his neck. It makes him extra hot and spicy ğŸ˜¥,0
60,1:00 that time when you're talking to yow friend but then you realize that the make up artist  have to put something on yow face,0
70,1:10 I LOVE YOU SOOOOOOOO J-HOPE â™¥ï¸â™¥ï¸â™¥ï¸â¤â¤â¤â¤ğŸ˜ğŸ˜,0
98,1:38 Jhope tem o melhor sorriso â¤ amo meu sol,0
17,0:17 esse sorriso do Jin aaa â¤,0
80,01:20 he almos zoomed in on his ... I can't,0
116,1:56 a closeup of Jimin's neck ğŸ˜®,0
79,"1:19 yes we know u are a starğŸ˜ğŸ˜
U all areğŸ˜ğŸ˜",3
119,1:59 Taee <3,75
113,1:53 Jiminieeeee adorableğŸ˜‚ğŸ˜†,29
62,01:02 I want this job please ğŸ˜,0
112,"1:52 *JIMIN SINGS,   MY HEART...*",6
1,0:01 jin singing is everything,0
82,1:22 who also thaught first that the camera will move to another ...point.. of hobis body   xDD,0
119,1:59 *SHOW OUR TAETAE TOO!!!!!!* TT TT TT,0
1,0:01 i feel blessed,0
110,1:50 ì§„ì˜¤ë¹ ê°€ ì§€ë¯¼ì˜¤ë¹ ê·€ê±¸ì´ ê·€ì—ë„£ëŠ”ê±° ì™œì´ë¦¬ ê·€ì—½ì£ ã… ã… ã… ğŸ˜,1
106,1:46 O Jezu jak sÅ‚oooodkoğŸŒºğŸ’–ğŸ’–,0
116,1:56 im wheezing Hoseok wyd,0
74,1:14 the smile that is killing me everytime,0
45,00:45 @me,0
52,0:52 - 1:00 JIMIN spoke in Busan's dialect omfgggg ğŸ˜­ğŸ˜­ğŸ˜­ğŸ˜­ğŸ˜­ğŸ˜­ğŸ˜­ why so cute ğŸ’”,3
105,1:45 jiminaaa am cute ğŸ˜ğŸ˜ğŸ˜ğŸ˜ğŸ˜â¤ï¸ğŸ’œğŸ’œğŸ’œâ¤ï¸ğŸ˜ğŸ˜,26
71,1:11 ahhhh heâ€™s a mile itâ€™s sooo cuteğŸ˜â¤ï¸ğŸ˜ğŸ˜â¤ï¸ğŸ˜â¤ï¸ğŸ˜,3
113,"1:53 jin and hoseok lmaooo that's me right there, showering jimin with the attention he deserves",5
117,1:57 what a view,31
70,1:10 JHOPEEEEEE MY HEARTU EXPLODEDğŸ˜,25
108,1:48 what are doing jin? ğŸ˜ğŸ˜‚,0
40,0:40 lmao Jin XDD,0
71,1:11 Uh Uh J-hope~ğŸ¶ I love this song XD,0
1,0:01 is that Jin Singing SOPE's Song??,0
36,0:36 That smile ğŸ˜ğŸ˜â¤ï¸â¤ï¸,0
105,1:45 you can hear jungkoooks voice talking to some1..maybe it was tae cuz we didn't see him in the video,9
106,1:46 my heart just explode ğŸ˜ the way Jin look checking if Jimin okay or not by RMâ€™s words,0
35,00:35  Jimin's smile. Wow Alive for this ğŸ’•,13
76,1:16 did i heard Jacob instead of Jhope lol,0
45,00:45 ì˜¤ë¹ ....ë‹¹ì—°íˆ ëˆ ë˜ì£ ....ì–¼ë§ˆë©´ ë¼!!!ì–¼ë§ˆë©´ ë¼ëƒê³ !!!ì„ì§„ì´ ê¸°ë¦„ë”±ì€ ê¸°ë¦„ì¢…ì´?ì–¼ë§ˆë©´ ë¼ëƒêµ¬ìš”!!!ì–¼ë§ˆë“ ì§€ ì¤„í…Œë‹ˆê¹Œ!!!ì €í•œí…Œ íŒ”ì•„ì£¼ì‹¤ë˜ã…‡....))))í–í¼ã…“ã…“í–ã…í¼í–,0
116,1:56 HAHAHAHAHA!â¤,0
116,1:56 IM LITERALLY CRYING PAHAHAHA THAT SOUND,0
107,1:47 WHY DOES HE ALWAYS PLAY WITH THEIR EARRINGS,0
114,1:54 Jin and J-Hope playing around with JiminğŸ˜† The 2SeoksğŸ˜‚,33
35,"0:35 Jimin smiles
0:40 my reaction",130
106,1:46 awww Jin that's so cute,7
116,1:56 xD im crying ğŸ˜‚ğŸ˜‚ğŸ˜‚,0
104,1:44 JinMinğŸ˜ find for u a man who is watching to Jimin like Jin,1
113,1:53 Hobi put sound effect for Jimin Serendipity is an adorable concept.,0
117,1:57 hobi ğŸ˜,0
110,"1:50 Jimin starts singing Serendipity. 
Basically me everyday and everywhere ğŸ˜‚",53
108,1:48 jin putting jimin's earring into his ear ğŸ˜‚ğŸ˜‚ğŸ˜‚ğŸ˜‚ğŸ’—ğŸ’—ğŸ’—ğŸ˜ğŸ˜ğŸ˜ğŸ˜ğŸ˜lol,19
53,"0:53 -when I saw Mochi face i hear "" Excuse me""-",0
3,0:03 someons singing in the BackgroundğŸ˜ğŸ˜ğŸ˜,0
45,"00:45 ì´ê±° íŒ”ë©´ ëˆ ë˜ëƒë‹ˆã…‹ã…‹ã…‹ã…‹ã…‹ã…‹ã…‹
ì˜¤ë¹ ã…‹ã…‹ã…‹ã…‹ã…‹ã…‹ã…‹",164
0,0:00 to 0:10 *oml am in my grave* send help and lots of holy wateu,0
39,0:39 that's the cutest way of wiping oil on your face Kim Seokjin. Why so cute love? ğŸ’œ,0
142,"2:22De La MaÃ‘aNa ğŸ™†ğŸ˜´
a eSTa HoRa DeBeRÃ­a eSTaR eN LoS 20 SueÃ‘oSğŸ˜‚ğŸ˜‚ğŸ˜‚ğŸ˜‚ 
Lo Que aNDo aSieNDo PoR eLLoSâ¤ğŸ™†ğŸ˜„",0
2,0:02 i hear someone singing the sope song,0
115,1:55 Lol Hoseok what are you doing ğŸ˜‚ğŸ˜‚,1
114,"1:54 Podemos observar como
 J-HOPE le jala el ganzo a Jimin 7n7 , pensamientos impuros ğŸ˜ğŸ˜ porq soy asÃ­ :'v",0
107,1:47 Aaww I don't ship them but the moment is so cute!!,0
2,0:02 .. i know the song but i dont know the title of song :(,0
98,1:38 Jimin and Rm! Sweetys!,0
113,1:53 dirty thoughts,0
114,1:54 HOSEOK'S HAND!! ğŸ˜ğŸ˜ğŸ˜ğŸ˜,0
3,"0:03
Appreciate that scar ;w;",0
110,1:50 UHH HEAVEN,1
112,1:52 Ğ§Ğ¸Ğ¼Ğ¸Ğ½ Ñ‚Ğ°Ğº ĞºÑ€Ğ°ÑĞ¸Ğ²Ğ¾ Ğ¿Ğ¾Ñ‘Ñ‚ <3,0
112,1:52 i just love how jin puts jimin's earring in his ear . god i love this man,14
3,0:03 Jin's voice ??????,0
116,1:56 as close as iâ€™ll ever get to the love of my life,0
114,"1:54-1:59

omg iâ€™m dying ğŸ˜‚ğŸ˜‚",6
116,1:56 i wanna bite his neck!!,0
110,"1:50
Jimin randomly jamming to
Serendipity is a whole mood.",167
43,0:43 Tranquilo mijo ğŸ˜‚â£ï¸ğŸ˜‚â£ï¸ğŸ˜‚â£ï¸ğŸ˜‚â£ï¸ğŸ˜‚â£ï¸,0
2,0:02 ??ì„ì§„ì˜¤ë¹ .....í’€ë²„ì „ ì›í•´..,0
112,"1:52
ok hobi touch his neck
do what millions of other
people wanted to do",73
106,"1:46
lowkey shipping jin and jimin-
what is happening with my heart",140
29,"0:29, 1:56  what is it on the neck of the Jimin? ( Í¡Â° ÍœÊ– Í¡Â°)",6
35,0:35 aww,0
4,0:04 how to be that girl,0
111,1:51,0
43,0:43 jin slapping his face with that thing made my day ğŸ˜‚,1
113,1:53 LET'S BE HONEST. THAT PART LOOKED SO KINKY. I WANT A FF OF THIS,0
34,0:34 aaaaa cute...... loveeeeee,0
99,"1:39 am ğŸ˜‚ğŸ˜‚ğŸ˜‚
I love you RM and Jimin. â¤â¤â¤",91
97,"1:37 i need V's faceğŸ˜­ğŸ˜­
Btw, jimin smile melt my heart alreadyğŸ’•",1
71,1:11 haaaaaaa sunshine!!!!!!!!! I love you!!!!!!!! I donâ€™t know how many times I say the same but whatever hahahaha omg !!!! You are really cute and beautiful and pretty and handsome and cute again!!!!!!! Haaaaaaaa I love you so much my sunshine!!!!!!! ğŸŒˆâ˜€ï¸âœ¨ğŸ–¤ğŸ–¤ğŸ–¤ğŸ–¤ğŸ–¤ğŸ–¤ğŸ–¤ğŸ–¤ğŸ–¤ğŸ–¤ğŸ–¤ğŸ–¤ğŸ–¤ğŸ–¤ğŸ–¤ğŸ–¤ğŸ–¤ğŸ–¤ğŸ–¤ğŸ–¤ğŸ–¤âœ¨â˜€ï¸ğŸŒˆ,0
0,0:00 ğŸ˜†ğŸ˜†ğŸ˜†ğŸ˜†ğŸ˜† kuku is so cute,0
110,1:50 I STARTED TO CRY WHEN JIMIN STARTED TO SING! HE'S SO ANGELICğŸ’“ğŸ’“ğŸ˜­ğŸ˜­ ì§€ ë¯¼ ğŸ’“ğŸ’“ğŸ˜­ğŸ˜­,0
105,1:45 LMAO JIN! what r u doing...,8
62,1:02 Jimin's satoori is so sexy! I can't handle itğŸ˜­ğŸ˜,22
117,"1:57 we were sO CLOSE to jimin's neck, u guys are a tease",8
93,"1:33
RM-You guys kind of have similarities with each other 
JH- Thatâ€™s mean (lol)
JN-NO THATâ€™S MEAN TO ME!
#Worldwidehandsome",6
124,2:04 GLITCH!,0
29,0:29 what IS ON HIS NECK omg,0
81,1:21 renormal filmandole el nepe a hoseok :v,0
88,1:28 hearteu xD,0
113,1:53 Did somebdy notice wat jin did with jimin's earingğŸ˜‚ğŸ˜‚ğŸ˜‚,0
116,1:56 Ok at that part jimin sounds like he's glitching as well ğŸ˜¥I'm scared right now,0
106,1:46 jinnie why you put jiminnie's earrings in his ear ğŸ˜‚ğŸ’•,1
114,"1:54 - 1:57 
(Í¡Â° ÍœÊ– Í¡Â°)",8
73,1:13 oh shit hobiâ€™s smile is brighter than my future,1
115,1:55 fuck!!!!!!ğŸ˜†ğŸ˜†ğŸ˜†,0
110,"1:50 Jimin we need the whole song, please! :(",24
83,1:23.. Jhope daydream ğŸŒ¼,0
99,1:39 ì•¼!! ëˆ¼ê°€ ê·€ë¶„ ë‚˜ë½œ í•´ì•¼ì¥!!,0
96,1:36 the holy J-Trinity of chests.. T_T,20
13,"0:13
JH-Hello, Jin ssi
JN-Hello, call me â€˜hyungâ€™
JH-Hi, Jin
JHOOOOOOOOPEE",15
97,1:37 show us V's faceu pleaseuğŸ˜¢ğŸ™‡ğŸ’œ,182
115,1:55 JIHOPE PLEASE,0
114,01:54 imagino hoseok massageando um clitÃ³ris desse jeitinho e com essa expressÃ£o porno,0
106,1:46 *okaay JIN what are you doing ??* xD,0
115,1:55 his voice AHHHHHHH ğŸ˜‚ğŸ˜±,0
110,1:50 JAJAJAJAJAJAJAJAJAJAJAJAJAJAJAJAJAAJJAJAJAJAAJAJAJJAAJAJJA,0
6,"0:06 :0
It's a Girl :''''""'''''''''''v
Give me Clorox xd
Ok no :v",0
115,1:55 The closest I ever get to my bias!ğŸ˜‚ğŸ˜‚ğŸ˜‚,0
84,1:24 amğŸ˜‚ğŸ˜‚ğŸ˜‚â¤â¤â¤â¤ğŸ˜ğŸ˜ğŸ˜ğŸ˜ğŸ˜˜ğŸ˜˜ğŸ˜˜ğŸ˜˜,0
31,"0:31 MEU MOZÃƒO
UTT",0
52,0:52 Jimin's satoori ğŸ˜†,4
12,00:12,0
30,0:30 Namjoon's dimple is so cute UWU I wanna poke it,0
116,1:56 what are thoOOOOOseee in jimin's neck,0
110,"1:50 Sorry, I really need to put it to replay this part and don't mind me while I cry for this beautiful voice.",0
115,"1:55 me dejÃ³ mal, uff 7u7",0
72,1:12 LOOK AT HIS SMILE HE'S SO BEAUTIFUL ğŸ˜ğŸ˜ IT HURTSğŸ˜­ğŸ’–ğŸ˜­ğŸ˜,145
46,0:46 ì§„ - ì´ê±° íŒ”ìœ¼ë©´ ëˆ ë¼ìš”ã…‹ã…‹ã…‹,0
33,0:33 ë‚¨ì£¼ë‹ˆ ì±„ê³ ê¸°ì—¬ì–´....,0
95,1:35 -1:38 OK JIMIN STOP BEING HOT,5
87,1:27 my hearteu is omg,6
114,1:54 I've never laughed so freaking hard ğŸ˜‚ğŸ˜‚ğŸ˜‚ğŸ˜‚,0
0,0:00 sees flawless jungkook *faints* How do you expect me to continue watch the video without fainting so many times because of their beauty and their smile ğŸ’•? *FAINTS AGAIN BYE I'M DEAD*,0
59,0:59 se escucha la llorona wey,0
112,1:52 look jin what did he do to jimin lol,8
110,1:50ğŸ’œğŸ’œ,4
35,0:35 Iâ€™m in love,0
87,"01:27 "" *heart* heeeeaaarrthheeuu heaaa-ah-eeeh"" naww",0
115,"1:55
Someone save Jiminnie pls ğŸ˜‚ğŸ’œğŸ˜‚",2
53,0:53 1:45 Jimin and JK satoori can be heard there.. ì—­ì‹œ ìš°ë¦¬ ë¶€ì‚°ë‚¨ë“¤!,0
20,0:20 ğŸ˜€,0
81,1:21 I CHOKEDKEJDJWJ,0
15,"0:15 
hobi: hi jin
jin: *pissed*
hobi: hi jin hyung
jin: uhm",0
80,1:20: woah where we going to...oh right his shirt....so nice *vigorously fans self* Hobi plz,6
87,1:27 am ECUADORğŸ’›ğŸ’™â¤,0
116,1:56 ven ese cuello? Es de dioses <3,0
195,03:15 da madrugada e BTS publicando vÃ­deo e estou assistindo! <3,0
36,0:36 JIMINâ€™S SMILE I CANâ€™T,18
1,0:01 INTO THE VIDEO AND ALL I CAN SAY IS VISUALS ğŸ‘ğŸ»,0
116,1:56 this is too cute,0
110,1:50 Jiminieeeee ğŸ˜ğŸ˜ğŸ˜ğŸ˜ğŸ’•,0
2,0:02 Jin's voice????,5
110,1:50 JIMIN SINGING SERENDIPITY ğŸ˜­ğŸ˜­ğŸ˜­,0
69,"1:09 Hobi sat down like ""Bitchies...I have arrived. But still with a cute smile
#whyistan",0
35,"0:35 

OK I'm *ded* now",1
89,1:29 I just really wonder why they made a cut there... Did Jin say something inappropriate lol,0
115,"1:55 lpm!!!!! Me caguÃ© de risa, fue re ""WTF PARK JIMIN?!?!""",0
81,1:21 You did not--,0
116,"1:56 what's that 
*sorry*",1
116,1:56 amusedğŸ˜¶ğŸ˜‚,1
115,1:55 ğŸ˜‚ğŸ˜‚ğŸ˜‚ğŸ˜‚ğŸ˜‚ğŸ˜‚ğŸ˜‚,0
80,1:20 i thought he gonna film his crotch lmao,0
120,2:00 AM what is sleep when there is bangtan bomb,2
80,"1:20 lmao namjoon please, Im shooked",0
113,1:53 I ship them all ğŸ˜‚ğŸ˜­â™¥ï¸,16
53,0:53 Jimin's laugh killed me!ğŸ˜,0
0,00:00 - 00:09 Jin's singing ğŸ˜ğŸ˜,0
115,"1:55 i nearly died that happened to fast.

My ear ticklesğŸ˜–ğŸ˜–",0
70,1:10 JhopeeeeeeeeeeeeeeeeeeeeeeeEEEEEEEEEEEEEEEEEEEEEEEEEÃ‰EEEEEEEEEEEEEEEEEEEEEEEEEEEEEEEEEEEEEEEEEEeEEeEEEEEEEeEEEEEEEEEeeeeeeeeeeeeeeeeeeEeeeEEeeeEEEEEEEEEEEEEEEEEEEEEEEEEEEEeeeeeeeereEeeeEEEEEEEEEEEEEEEEE,0
83,1:23 mano eu tomei um susto hoseok eu nao posso ouvir oq vocÃª disse pra pessoa que tÃ¡ gravando ein? ğŸ‘º,0
1,"0:01-0:09 i died.ğŸ˜­ğŸ˜­ğŸ˜­
Jungkook ah...u are so perfect.ğŸ˜¢",2
35,0:35 cuteâ™¡,0
116,1:56 i think i need jesus,14
111,1:51  JIMINNNNNN ğŸ˜ğŸ’“,0
49,0:49 look at those stylist noonas can we please switch souls uwu,0
35,"0:35 Jimin smiles^^
Me: ..... <heart-attacked>
Me again: WHAT'S UP WITH DAT SMILE?!?!?! U tryin' to kill me??!!",47
20,0:20 Jin looks so good my brain stopped functioning,0
0,0:00 already shğŸ‘€k,8
69,1:09 en mÃ©xico,0
116,1:56 Daddy dejÃ³ sus marcas.,0
21,0:21 OLHA ESS EFOCO NO JIN,0
116,1:56 is this asmr,2
2,0:02 is Jin singing?,0
81,"1:21 Thank you, dear leader",0
87,"1:27 

HartsğŸ’–Harteuâ¤",1
90,1:30 I see what you did there ğŸ˜,17
70,1:10 *vocal hoseok and namjoon*,0
35,0:35 JIMIN'S SMILE JUST KILLED ME,1
113,1:53 JIN WHAT ARE YOU DOING,0
110,1:50 Jin puts Jiminâ€™s earring inside his ear BHAHHA,0
116,1:56,0
107,1:47 jinmin moment,0
88,"1:28 when he said â€œa-a-armyâ€ and then magically withdrew a heart from his blouse like the saint he is ğŸ˜­ 


Iâ€™m not ok",0
81,1:21 thanks for doing gods work namjoon,0
111,1:51 Jimin y su hermosa voz de Ãngel ğŸ˜,0
98,1:38 kim taehyung â™¥ï¸,0
81,1:21 thank you Namjoon,0
106,"1:46 Jin, sweetie what are u doing",0
112,1:52 *Hobi attacking Jimin's neck again*,0
115,1:55 Me,2
116,1:56 a glitch on JiminÂ´s voice :0,0
116,1:56 what type of kinky stuff is going on here-,66
108,1:48 yoongi: SEOKJIN YOU DARE TOUCH MY HUSBAND,0
115,1:55 se sintiÃ³ rico en mi oido,0
33,0:33 is that a GLITCH!?,0
110,1:50 that voice ğŸ’— What ur doing jhopie? Hahahaha,0
111,"1:51
Jin was trying to put jimin's earning inside his ear lmao ğŸ˜‚ğŸ˜‚ğŸ˜‚ğŸ˜‚ğŸ˜‚ğŸ˜‚ğŸ˜‚",0
13,0:13 JIN! ğŸ’œğŸ’œ,0
11,"00:11 JIN, RESPECT MY HEART, I'M JUST DIE, SO HANDSOME, OMG",0
110,1:50 ğŸ˜ LPM JIMIN,0
115,1:55 hobi ğŸ¤£ğŸ¤£ğŸ˜…,0
110,1:50 - 1:54 hat you hear when you enter heaven,0
116,1:56 thank u namjoon ğŸ˜,55
111,1:51-1:58 you're welcome,0
87,"1:27 GUYS THIS IS SO SUSPICIOUS. SO NAMJOON IS HOLDING THE CAMERA, HE WAS ABLE TO ZOOM INTO THE OTHER MEMBERS SHIRTS. WHEN HE ZOOMED INTO JIN IT WAS CUT OFF, IS THIS PART OF THE OFF CAMERA THEORY????",0
108,1:48 Jin wyd sweetie?,0
81,1:21 cuando pensas que van a enfocar a la hobiconda pero en vez de eso enfocan a las estrellas ;-;,0
180,"3:00 AM en Chile y ustedes no explican que onda con las teorÃ­as, Dejennos dormir!!! ğŸ˜‚ğŸ˜‚ğŸ˜‚",0
110,1:50 JIMINNNNN WHYYY???  ğŸ˜­ğŸ˜ğŸ’•,0
61,1:01 i wanna be that gurl ğŸ’”,0
0,"0:00 - 0:10 Kookie, my babi so handsome, miss you ğŸ˜­",0
36,"0:36

*JIMIN'S SMILE KILLED ME*

 *ARMY DOWN! ARMY DOWN!*",1
6,"0:06
Jungkook bebÃ©â¤",0
111,1:51 WIG SNATCHEDDDD,0
112,1:52 ğŸ˜‚,0
62,1:02 OMG!when can i sign to be BTS stylist??,0
80,1:20 como cuando pensabas que la cÃ¡mara iba para otra parte :v,0
116,1:56 lindÃ­ssimo pescoÃ§o disse tudo,2
115,1:55 HOBI JUST KILLED ME,0
110,1:50 WHAT A ANGEL VOICE OMGGG,4
114,1:54 Jimin still sounds beautiful!,0
93,1:33 OMG A GLITCH,0
81,1:21 *oh god pls down*,45
721,"12:01 am y sale bts con un nuevo video..
porque eres asÃ­?
xdxd",0
36,0:36 my precious â¤ğŸ’‹,0
14,0:14 *LOOK AT HIM !!!!!*,0
35,0:35 me when i saw BTS haters,0
73,1:13 GLITCH,0
