96,1:36 mohobbat hui sajna....I listened ğŸ˜‚ğŸ˜‚ğŸ˜‚ğŸ˜‚ğŸ˜‚ğŸ˜‚,0
43,0:43 song name?,0
129,2:09 omg aaaaaaaaaaaaaaaaaaa,0
132,"2:12 *I want taehyung's full cover of ""i'm yours""* ğŸ˜­ğŸ˜­ğŸ˜­ğŸ˜­",1
34,0:34,0
135,2:15 what song is that pls,0
97,1:37 to 1:47 this is my version of junkook playing guitar plus singingğŸ˜‚,2
63,1:03 It's like a bunch of drunks at some random bar. kkk loved kkk. laughs a lot.,2
33,0:33,0
15,0:15 what song is this?,0
43,"0:43 - 0:45 
Is it only me felt jungkook said something like ""aa paas aa""?",0
71,1:11 what is the song? Tell me if u know plz...,0
75,1:15 why did I hear it like â€œBahut achha lagaâ€? ğŸ˜‚,266
145,2:25 that's how we should play ğŸ˜ŒğŸ˜Œ,0
132,2:12 Jason Mraz- I'm yours â¤,0
34,0:34,1
130,2:10 ğŸ’œğŸ’œğŸ’œ,0
132,2:12 what's name song?ğŸ¥º,0
35,0:35 JUNGKOOK just sang random words but its still sounds so heavenly. hahahaha. EARSSSSSSS!! Whats wrong? Ears: blame your BIAS! HAHAHA,78
33,0:33 i did this for me cuz that was freakin gud even tho i dont know what heâ€™s sayingğŸ˜‚ğŸ˜,0
25,0:25 what song is this?,0
36,"0:36 ehem eXcUSE ME... those runs, wtf?!!",1
108,"1:48 Salanghae
Borahae Taehyung ğŸ’œ ğŸ’œ ğŸ’œ ğŸ’œ",1
29,0:29 durdurup bakÄ±n arkadaki ud deÄŸilmi,1
62,1:02 GALOPEEEEEEEEEEEEIRA,0
136,2:16 title?,0
21,0:21 song?,0
101,"1:41

Focus this part
I lov it kooki ğŸ˜­ğŸ˜­ğŸ˜­ğŸ˜­ğŸ˜­ğŸ˜­",0
132,2:12 í˜¹ì‹œ ì´ë…¸ë˜ ë¬´ìŠ¨ ë…¸ë˜ì¸ì§€ ì•„ì‹œëŠ”ë¶„ ìˆìœ¼ì‹ ê°€ì—¬..?,0
125,"2:05 staff: ì´ê±° ë¬´ëŒ€ì— ë¼ë„ ì˜¬ë¼ê°ˆ ê±°ë¼ê³  ì¸ì´ì‹œê³„??
ì •êµ­: ì‘
Staff: ê·¸ë˜ ì¸ì´ ì‹œê³„
ì´ë˜ì„œ ì •êµ­ì´ ë” ì¢‹ì•„ ã… ã… ã… ã… ",0
98,1:38 Kingina mo HAHAHAH,0
26,0:26 name of the song???,2
113,1:53 ì§„ ì˜¤ë¹  ì–´ê¹¨ í•µ ê¹œì§ ã… ã… ã…‡ ã…‘!!!,2
37,0:37 issoo cute.,1
132,2:12 i need more of that,0
146,2:26 girl ğŸ˜‚ğŸ˜‚ğŸ˜‚,0
91,1:31 *When jungkook doesnt get to collaborate with UI*,53
131,"2:11 
Song; I'm yours
 Me: I m your fan forever _ I am your lover _ I am everything to you _ I am your.....


ë„ ë„ˆë¬´ë‚˜ë„ ì‚¬ë‘í•´",1
34,0:34 es una canciÃ³n oficial? Si es asÃ­... PodrÃ­a saber su nombre? Gracias,0
132,2:12 When Tae started to play that song I died. I really like that song. I wish he did a full cover cause his voice would go so well with it.,20
43,"0:43
I'm like ""mera dil kehne laga, paas aake naa tu door jaa""",133
133,2:13 He's singing 'I'm yours' by Jason Marzâ˜ºï¸,10
24,0:24 wow,0
23,0:23 whats this song called again?,0
22,"0:22 that's what i feel when I'm playing guitar

0:45 what i actually did",1
56,00:56 which song was he singing!!??,0
22,0:22- 0:29 - I really repeated it 1276281863729 timesğŸ’œ,0
36,00:36 DAMN JUNGKOOK THAT WAS SO FLAWLESS,0
133,2:13 que mÃºsica Ã© essa que o tae estava tentando cantar???,0
131,"2:11 What is this song name TT 
ì´ê±° ì œëª©ì´ë­ì£ ã… ã… ã… ã… ã… ã… ",0
23,0:23 parece una canciÃ³n latina que he escuchado pero no me acuerdo como se llamaba,0
33,0:33 ğŸ˜³ğŸ”¥ğŸ”¥ğŸ”¥,0
106,1:46 *Ğ›Ğ°Ğ¼Ğ±Ğ°Ğ´Ğ°*ã…‹ã…‹ã…‹ã…‹,1
97,1:37 BERRO! Scream kkkkk,0
40,0:40 Tonight show with Jimmy fallon,0
114,1:54 why does Jin actually look like a dad?ğŸ˜‚ğŸ˜‚ğŸ˜‚,1907
124,2:04 Arrocha Taehyung !!! Olha o forrosin,1
34,0:34 This is me singing the BTS songsğŸ¤£ğŸ¤£ğŸ¤£ğŸ¤£ HAHAHAHAHA,1
34,0:34,0
98,1:38?,0
111,1:51 soy io o eso suena a Winter Bear? :v,1
0,00:00 corona day,1
131,2:11 just impressed at how he started singing OvO that's the definition of *soulful*,2
146,2:26 I wanna be dat dude in the mirror Who is filming our boys !!!!!!!!!!!,0
146,2:26 who is she?),0
132,2:12 ì´ë…¸ë˜ ë¬´ìŠ¨ ë…¸ë˜ì¸ì¤„ ì•„ì‹œëŠ”ë¶„?? ê°‘ìê¸° ìƒê°ì´ ì•ˆë‚˜ë„¤ì—¬....,1
77,1:17 can anyone tell me the name of this song? i forgot what itâ€™s called,1
50,0:50 which song?,0
34,"0:34 
My ears = b l e s s e d",0
29,"0:29
Me: noticing joonies cutie birthmark uwu",0
74,1:14 what song did jungkook sing???can i know the tittle??,0
25,00:25 love yourself - justin bieber????,0
22,0:22,2
40,"0:40 ì—¬ìˆ˜ ë°¤ë°”
                        â†˜ï¸ë‹¤í•˜",1
131,"2:11
Tae cantando y tocando I'm yours de Jason Mraz es lo mejor que he escuchado en el dÃ­a ğŸ¥º
Es una de mis canciones favoritasâ™¡",3
14,"0:14 maybe kookie cant sing the song ""love yourself"" but, he is very cute ğŸ’œğŸ’œğŸ’œğŸ”¥ğŸ˜‚ğŸ˜‚",0
76,1:16 what song ???,0
28,"0:28 song, please",1
33,0:33 that voice owimge,0
35,00:35 what song is?,0
132,2:12 im yours??? I just learn that song with ukelele 1 hour ago tho,0
21,0:21,0
39,0:39 rm so cute,0
133,2:13 ë…¸ë˜ ì œëª©ì´ ë­ì˜ˆìš”?,0
1,"0:01: ğ—ğ˜‚ğ—»ğ—´ğ—¸ğ—¼ğ—¼ğ—¸ ğ—¦ğ—¶ğ—»ğ—´ğ—¶ğ—»ğ—´ ""ğ—™ğ—¼ğ—¿ ğ—®ğ—¹ğ—¹ ğ˜ğ—µğ—² ğ˜ğ—¶ğ—ºğ—² "" ğ—ºğ—®ğ—»ğ˜† ğ˜ğ—¶ğ—ºğ—²ğ˜€ ğ˜ğ—¼ ğ˜ğ˜‚ğ—»ğ—² ğ—¶ğ˜ ğ—”ğ—»ğ—± ğ˜ğ—µğ—²ğ—¿ğ—²ğ˜€ ğ—ğ—¶ğ—ºğ—¶ğ—» ğ˜ğ˜‚ğ—»ğ—¶ğ—»ğ—´ ğ—¶ğ˜ ğ—›ğ—”ğ—›ğ—”",0
133,2:13 song?!,0
98,1:38 What song name ?,0
135,2:15 you need hat and big mustaches,0
39,0:39 WHAT'S THE SONG?,0
54,0:54 como cuando estÃ¡s deprimido y borracho con tus compas xd ğŸ˜‚ğŸ˜‚ğŸ˜‚ okno :'v,3
6,"0:06 
Jungkook: ehhh!!! 
   When you playing?ğŸ˜‚",43
19,0:19-0:39 What song is that? Someone tell me please,0
41,00:41 ì§±êµ¬ë…¸ë˜ìë‚°ã…‹ã…‹ã…‹ã…‹ã…‹ã…‹,3
45,"0:45 :
""TÃº belleza nada igualara jamÃ¡s, un milagro eres y te voy a esperar hasta el fin,~""  
1:06 ""les gustÃ³?""


Ahre (por si no saben es de Icarly)",1
144,"2:24 see the mirror and tell me what you see, I see the possible girlfriend of one of the boys of BTS",0
34,0:34 SO CUTE NUNG VERSION NI JK HUHUHUHU ğŸ˜ğŸ’–,1
10,0:10  THIS IS EXACTLY ME AND MY CRUSH WHEN HE TAUGHT ME THE CORDS OF LOVE YOURSELF GSHDHSJSGD,0
16,0:16 JIMINIğŸ˜ğŸ˜,0
129,2:09 Yes Taehyung! I'm yours ğŸ‘Œ,0
100,1:40 piercing?,0
46,0:46 song?,0
4,0:04 â™¡â™¥â™¡â™¥â™¡,0
159,2:39 jimin so funny hahaha ğŸ˜ğŸ˜,1
168,2:48 modarr akuu mass ğŸ˜­ğŸ˜ğŸ˜‚â¤ğŸ˜ğŸ˜â¤â¤â¤,0
21,0:21 Ñ Ğ²Ğ»ÑĞ±Ğ¸Ğ»Ğ°ÑÑŒ Ğ² ÑÑ‚Ñƒ Ğ¼Ğ¸Ğ»Ğ¾Ğ´Ğ¸ÑğŸ˜,0
111,1:51 ahhh i want to touch taes haaair,1
35,0:35 hahaha its me when i dont know the lyrics of a song lmao ğŸ˜‚ğŸ˜‚,1
96,1:36  what is he singing? Music name pleaseğŸ˜ğŸ˜ğŸ˜¢ğŸ˜¢ğŸ˜¢it is so  beautifull,0
62,1:02 lolğŸ˜‚ğŸ˜‚,0
116,1:56 I thought it was DNA era Jimim,0
133,"2:13
â€œWell you done , done it and you bet I felt it I tried-â€œ
YESSSSS HONEY YESSSSS!!!",5
132,2:12 â™¡,1
135,2:15 i am madly inlove with taehyungğŸ˜,1
132,2:12  Totally forgot about Iâ€™m Yours ~ Jason Mraz until now!!!!!,2
91,1:31 me when i try to hit that high note in magic shop,1
87,"1:27 cutieee 1:28 , 1:34",0
10,0:10 jungkook relax raelax,0
35,0:35 Damnn that voice,0
5,0:05 *AM I THE ONE WHO FIND IT CUTE WHEN JUNGKOOK SHOUTED AT JIMIN?!?! NO???*,7
165,2:45 ahhh jimin why r u killing me man,4
45,0:45 someone please tell me...what the name of this song?,0
34,0:34 I dunno if that's even Korean BUT IT WAS HELLA ADORABLE ğŸ˜ğŸ’œ,0
145,2:25 the 8th member!,0
77,"1:17Coondeyo coondeyo.....BA BAAAAAAA!!!ğŸ˜‚ğŸ˜‚ğŸ˜‚ğŸ˜‚ğŸ’€ğŸ’€ğŸ’€ğŸ’€

PS. Don't know how to actually spell the first part",0
79,1:19 JK REPRESENT *ba ba BA BA BAA*,3
36,0:36 kookie's adlibs thoğŸ’œğŸ’œğŸ˜˜,1
22,0:22 alguien sabe como se llama la canciÃ³n que canto jk,11
162,"2:42
Ğ˜Ğ½-ĞÑ€Ğ¼Ğ¸: ... 
Ğ‘Ñ‚Ñ:... 
Ğ Ñƒ-Ğ°Ñ€Ğ¼Ğ¸:...
Ğ¯: ĞœĞ­Ğ™Ğ‘Ğ˜ Ğ‘Ğ­Ğ™Ğ‘Ğ˜",1
5,"00:05
Angry kookie ğŸ˜„ğŸ˜„",0
39,0:39 can i ask what is the song?,0
132,2:12 is that jason mraz song,1
57,0:57 ì—­ì‹œë‚˜ ì˜ìì— ëˆ•ë“¯ì´ ì•‰ì•„ìˆëŠ” ë¯¼ìŠˆê°€,0
29,0:29 i lOvE yOurSelF.,1
23,0:23 aww so cuteğŸ˜­ğŸ˜­ğŸ’œ,2
116,1:56 aaaaa yeter,2
35,"0:35 the words Jungkook says sounds like ""Shani"" and I am over here dying and screaming and cryinggggg cause thattsssss my name ğŸ’œğŸ’œğŸ’œğŸ’œğŸ’œğŸ˜­ğŸ˜­ğŸ˜­ğŸ˜­ğŸ˜­ğŸ˜­ğŸ˜­ğŸ˜­ğŸ˜­ğŸ˜­ğŸ˜ğŸ˜ğŸ˜",113
129,2:09 i love you,1
137,2:17 This is the first song that I learned in Ukelele ğŸ¥°â¤ï¸,2
34,0:34 Jk is me trying to sing BTS songsğŸ˜‚ğŸ˜‚ğŸ˜‚,1
21,0:21 0:34 ì •êµ­ì´ ë³´ì»¬ â™¡,1
133,2:13 taehyung's voice,29
45,"0:45 Me with my friend's guitar...


But Indian ARMYs...
WILL WE BE ABLE TO SEE SRK INSTEAD OF JIMIN IN DDLJ SONG AFTER THIS 2:40 ????!!!!",3
132,2:12 When tae sang im yours while playing guitar..,5
34,0:34 why its so cute Kookie ğŸ˜,1
116,1:56 Jimmy Fallon?,1
37,0:37,0
34,0:34 JK really said Joonie infront of Joonie.. omhdhskbehsifnvriosbsgd,10
63,1:03 jk: AAAAAAH MI VIDA -INSERTE LA CANCIÃ“N DE LA CONSENTIDA-,0
76,"1:16 EscuchÃ© ""no te pongas charro"" ğŸ¤£ğŸ¤£",113
34,0:34 when i heard kpop song and start sing even though I canâ€™t sing lmao,0
168,2:48 omggg JIMINğŸ¤©ğŸ¤©ğŸ¤©ğŸ¤©ğŸ˜ğŸ˜,4
89,"1:29 bah baaah baah bahaa bababaAaaAAahhjajsjasjaskaja
xd",1
120,2:00 TaeJin (ï½¡â™¡â€¿â™¡ï½¡),3
76,1:16 can someone told me the name of this song please,0
135,2:15 the song is Iâ€™m your?,1
25,0:25 and y'all tricked me into thinking his hands are smOl,1
137,2:17 V  Russian boy,2
113,1:53 yiiihhaaaaa taejin has entered the chat maaaannn,1
133,2:13 teki SAZ DEÄÄ°LMÄ° LAN Ã‡ILDIRIYORUMMMM AÄAÄAÄAÄAÄAÄA,0
117,1:57 Am I the only one who can hear ARMY screaming in the background?,0
22,0:22â¤â¤â¤,0
83,"1:23, I've fallen in love with Jungkook again",10
34,0:34-0:38 is me singing in korean ğŸ˜‚ğŸ˜‚ğŸ˜‚ğŸ˜,8
59,0:59 YOONGI AAAAAAAAAH EU TE AMO MUITO TAVA MORRENDO SE SAUDADE AAAAAAAAH TE AMOOOOO MUITOOOOO,0
29,"0:29 nossa namjoon vocÃª nÃ£o sabe como eu queria te ver, tava morrendo de saudade :( amo vocÃª demais",0
161,2:41 O JIMIN KSKSKSKKSKSKSKKSKS EU TO APAIXONADA AAAAAAAAAAH TÃƒO ENGRAÃ‡ADO TE AMO AAAAAAAAAAAAH ğŸ¤£ğŸ˜ğŸ˜–ğŸ‘ğŸ’•,0
132,2:12 TAEHYUNG CANTANDO A MÃšSICA VALEU AMIGO VERSÃƒO INGLÃŠS AAAAAAAAH A VOZ DELE AAAAAAAH QUE LINDA QUE VOZ MARAVILHOSA NEM SABIA QUÃŠ ELE SABIA DESSA MÃšSICA AAAAAAAH SAUDADE DE QUANDO EU PASSAVA O DIA ESCUTANDO ELA :(,51
132,"2:12
Taehyung: *sang I'm yours*
Me: *dies*",14
132,2:12 HWQOWN HE'S SINGING THAT I'M YOURS SONG THE BANG CHAN ONE KQJWBDKWNEDBDJ,2
165,2:45 those big eyes...awwwwwğŸ‘€ğŸ‘€ğŸ‘€ğŸ‘ï¸ğŸ‘ï¸ğŸ’•ğŸ’•,0
62,1:02 that was me when I sang for the first time,0
131,"2:11 OMG HE SANG MY FAVORITE SONG ""I'M YOURS"" ğŸ˜ğŸ˜",3
2,"0:02 awww this Voice he is so cute 
What do you think?ğŸ‘‡ğŸ»ğŸ’•",16
165,2:45 why is he like this hhhh,0
160,2:40 omfff,0
147,2:27 jimin lmao,0
133,"2:13 he knows ""I'm Yours"" omg ğŸ˜­ğŸ’œ",1
57,"0:57
Yoongi Outside: Hahaha Yeah Thats Really Good!!
Yoongi On the Inside: When Will He Shut The F* Up =.=
Jungkook: *Plays The Most Horrifying Thing on Earth* Jk
XDD (No offense Tho)",9
145,"2:25
ÙÙŠ Ø¨Ù†ØªğŸ‘©ğŸ»ğŸ˜”ğŸ’”",0
163,"2:43 to 2:52, Jimin made me laugh so hard hahahahahah, he's so cringey",3
35,"0:35 When you dont know tha lyrics of the song








Also me: Why did that sound so cute?! xD.",315
24,0:24 song?,1
146,2:26 holding a camera for a girl!  > _ <,6
35,"0:35
Jk:lost the lyric
Me: jungkook why you very cute huh? 
My friend: lost the lyric
Me:hahahahah your voice very crack ğŸ˜†",3
80,1:20 ã…ã…Šã…‹ã…‹ã…‹ã…‹ã…‹ã…‹ã…‹ã…‹ã…‹ã…‹ã…‹ã…‹ã…‹ã…‹ã…‹ã…‹ã…‹ã…‹ã…‹ã…‹ã…‹ã…‹ã…‹ã…‹ã…‹ã…‹ã…‹ã…‹ã…‹ã…‹ã…‹ã…‹ã…‹ã…‹ã…‹ã…‹ã…‹ã…‹,0
80,1:20 isn't it there on television jimmy fallon?,2
136,2:16 Tae is so hot and sexy,0
76,1:16 did anyone notice the Jimmy Fallon thing in the back,2
34,0:34 when u dont know lyrics to a song u like LAMO,0
22,0:22ãã‚‰ã„ã«ã‚°ã‚¯ãŒæ­Œã£ã¦ãŸæ­Œã®é¡Œåã‚’æ•™ãˆã¦ãã ã•ã„èª°ã‹ã€œï¼,0
45,"0:45 ì—¬ìˆ˜ ë°¤ë°”ë‹¤ Yeosu Night Sea // 
1:14 Cherry Blossom Ending ë²šê½ƒì—”ë”© 
ë²„ìŠ¤ì»¤ ë²„ìŠ¤ì»¤(Busker Busker)

.",0
5,"0:05  





ë­í•´!",2
132,2:12 when Tae started singing Iâ€™m yours I cried,119
35,0:35 what song?? :v,0
131,"2:11 TAEHYUNG YOU'RE KILLING ME .
STOP ITğŸ’œ",35
80,1:20ğŸ˜‚ğŸ˜‚ğŸ˜‚ğŸ˜‚ğŸ˜‚ğŸ’–,0
35,0:35 it sounded like jk was singing love yourself Justin's one,1
35,0:35 when i sing bts songs hahahaa omg jk is so us here! And Jimin's eye to eye i cannottt ğŸ˜ğŸ˜˜ğŸ’œ,14
154,2:34 why he's such a crackhead,0
66,"1:06
dad clapping to his son even he wasn't good.",0
132,2:12 una canciÃ³n para su novio el Jungkook ğŸ¤£â™¥ï¸,0
30,"0:30 Joonie just walking into the room saying Love Yourself, an intellectual",0
36,0:36 quedÃ© negrağŸ˜µâ™¥ï¸,0
50,0:50 im play guitarra,0
34,00:34 is all of us non-korean speakers when sing kpop songs. Hahahahaha! Mood,0
58,0:58 I can just imagine Suga being like â€œI am .....disgustedâ€,0
28,"0:28 I cant stop repeating RM's ""Love Yourself""",1
74,1:14 Jungkook's laugh when he knows he's doing something stvpid. ğŸ˜‚ğŸ˜‚,68
135,2:15  ØªØ§ÙŠ ÙŠØ¹Ø²Ù Ø¹Ù„Ù‰ Ø¹ÙˆØ¯ØŸØŸØŸØŸ,0
132,"2:12 Taehyung. Yes King! And then we have Jimin my bias, and Jungkook my bias wrecker being the only reasons for my entire existence. I love you BTS.",31
75,1:15 jajaja parece que esta tocando las alabanzas de la Iglesia,0
132,2:12 deseo escuchar a taehyung cantar esa cancion completa <3,7
34,0:34 music to my ears â˜ºï¸ğŸ˜Š,0
35,"0:35 *When you dont know tha lyrics of the song*








Also me: Why did that sound so cute?! xD",741
150,"2:30
Como cuando no sabes tocar un instrumento pero aun asi quieres que se escuche algo
ğŸŒ“ğŸŒ‘ğŸŒ‘ğŸŒ‘ğŸŒ‘ğŸŒ—
ğŸŒ“ğŸŒ•ğŸŒ‘ğŸŒ‘ğŸŒ•ğŸŒ—
ğŸŒ“ğŸŒ•ğŸŒ—ğŸŒ“ğŸŒ•ğŸŒ—
ğŸŒ“ğŸŒ•ğŸŒ—ğŸŒ“ğŸŒ•ğŸŒ—
ğŸŒ“ğŸŒ•ğŸŒ—ğŸŒ“ğŸŒ•ğŸŒ—
ğŸŒ“ğŸŒ•ğŸŒ—ğŸŒ“ğŸŒ•ğŸŒ—
ğŸŒ“ğŸŒ•ğŸŒ—ğŸŒ“ğŸŒ•ğŸŒ—
ğŸŒ“ğŸŒ•ğŸŒ‘ğŸŒ‘ğŸŒ•ğŸŒ—
ğŸŒ“ğŸŒ‘ğŸŒ‘ğŸŒ‘ğŸŒ‘ğŸŒ—
ğŸ‡°ğŸ‡·ğŸ‡°ğŸ‡·ğŸ‡°ğŸ‡·â¤â¤â¤",1
62,1:02 no jungkook eso no jajajaj xdxdxd,1
33,0:33 jk's run though-,0
67,1:07 una madre orgullosa de su hijo XD,0
62,1:02 AMOR SALVAJE ğŸ˜‚ğŸ˜‚perdÃ³n me acordÃ³ a eso,0
130,2:10 cÃ³mo se llama esa guitarra?,0
4,0:04 same JK same!!!ğŸ˜‚ I will do that when I try to be serious but can't bcos my friend plays me. But you can't mad bcos u love ur friends hahahhaha.,0
33,"0:33
â€œna na na na shonny Johnny na aint _vocalizes_â€
I lob",2
132,"2:12 TAEHYUNG ESTABA CANTANDO I'M YOURS CON EL UKULELE
QUE LINDOâ™¥",353
145,"2:25 I wanted to be the girl/woman in the mirror who was recording:,)ğŸƒ",0
114,1:54 is it â€œthe tonight show jimmy Fallonâ€ is this from when they when to jimmy Fallonâ€™s show!!ğŸ¤¨,0
97,"1:37 About this version of ""butterfly""... HilariousğŸ˜‚ğŸ’“ i love to see them laughingğŸ’",0
5,0:05 CÃ¡ch jk gá»i Jimin ğŸ™„ğŸ™„ riáº¿t rá»“i khÃ´ng biáº¿t ai anh ai emğŸ˜ğŸ˜ğŸ˜,0
145,"2:25 Jimin tava parecendo aqueles pagodeiro sabe??

ğŸ‡§ğŸ‡·ğŸ‡§ğŸ‡·ğŸ‡§ğŸ‡·ğŸ‡§ğŸ‡·ğŸ‡§ğŸ‡·ğŸ‡§ğŸ‡·",1
164,2:44 the DISRESPECT ğŸ’€,0
87,"1:27 JAJAJAJ AY NUESTRO JUNGKOOKIEâ¤ğŸ’‹ EL BABABABABABBA BAAAA BABABAB BAA Y SU GALLO ALV:"")âœ¨â¤ğŸ’‹ğŸ’‹ğŸ’‹ğŸ’‹",0
169,2:49 my bias scared meğŸ˜‚ğŸ’œ,0
166,"2:46 why does jimin look like a pervert here ğŸ˜‚
Jungkook is really funny btw",23
5,0:05 seconds of the video and I'm already laughing so hard ğŸ˜‚ğŸ¤£ğŸ˜‚ğŸ¤£ğŸ˜‚ğŸ¤£ğŸ˜‚ğŸ¤£ğŸ˜‚ğŸ¤£ğŸ˜‚ğŸ¤£ğŸ˜‚ğŸ¤£ğŸ˜‚ğŸ¤£,6
160,2:40 Jimin siendo Jimin jajaja,1
164,2:44 aiiiiih,0
154,2:34 Jimin the living meme,4
84,"1:24_1:30  jk looke you can smile every one Jimin namjoon v sugağŸ˜‚ğŸ˜­
   i won't jungkook's back please I miss  so much 
ğŸ˜­ğŸ’”",9
39,0:39 - 1:47 Jungkook is literally me when i hold a guitar lolğŸ˜‚,1
37,0:37 GOD DANG THAT RUN,0
88,1:28 íƒœíƒœ smile attack ğŸ’˜,3
23,"0:23 Justo estaba cantando love youself ,que coincidencia Jaja .

â™¡~BTS
LOS MEJORES~â™¡",6
58,"00:58 esse cabelo do Yoongi, tÃ£o lindo, meu pai, nossa matou",0
24,00:24 <3 <3,0
166,2:46 ğŸ˜…ğŸ˜‚ğŸ˜ğŸ˜ğŸ˜,1
35,0:35 - 0:39 JK is me when I sing Spring Day ğŸ˜‚ğŸ’œ,1
36,0:36-0:39 damn jungkook those runs tho,0
132,2:12 is an old favourite song of mine,0
34,0:34 the look was beautiful â¤,0
132,"2:12
V: *singing I'm yours*
Me: ğŸ’œğŸ’œğŸ’œğŸ’œğŸ’œğŸ’œğŸ’œ",2
133,2:13 Iâ€™m yours?,0
74,1:14 por que me tienes que hacer reir asi jungkookğŸ¤£ğŸ¤£ğŸ¤£ğŸ¤£ğŸ¤£casi ni respiro por esas cosas los amo,1
62,"1:02 everyone saying: omg teahyung is so handsome, bitch this is even better",0
28,0:28 This is me trying to sing in Korean but gives up cuz the song is to lit for me and I already accept the fact I ain't ever gonna sing nicely in Korean lmao,0
132,2:12 taehyung sounds like heâ€™s playing Iâ€™m yours by Jason Mraz and also his long torso makes him look suitable for playing guitar,330
132,2:12 can someone tell me the name of the song he was singing,1
19,"0:19 
Another armys:this song is so cutee ğŸ˜¢
Me:i know the song but i dont know the song name",0
99,1:39 ğŸ˜ğŸ¶ğŸ‡µğŸ‡ª,0
131,2:11 2:16 oh yeah taehyung,1
6,0:06 todo un bebe,0
169,2:49 Ahh Jimin :'v su mirada me da algo hhhh,20
97,1:37 My friend always does that with my arm and she sings butterfly badly ğŸ˜‚,0
34,0:34 Jungkook câ€™est trop moi quand je connais pas les paroles ğŸ˜‚,3
25,0:25 parece como si la estuviese cantando y tocando Un aÃ±o... los amo mucho Bts ğŸ˜ğŸ˜ğŸ˜ğŸ¶ğŸ’•,23
44,0:44 song plis!?,0
163,"2:43 ,sÃ³ eu pensei que o Jimin tava me olhando ğŸ˜ğŸ˜ğŸ˜ğŸ˜",8
132,2:12 I wait and tae-hyung does her cover of I'm yours :),231
166,2:46 JIMIN ARE YOU FUCKIN SERIOUS??? You want to kill me with your beautiful eyes???,0
20,"0:20 boludo me acordÃ© de una canciÃ³n de SebastiÃ¡n Yatra y no sÃ© quiÃ©n mÃ¡s aaah, me habÃ­a emocionado :'^",2
83,"1:23
Jimin : Ã‡ekin bunu
Alkskskskkskskakskdkakakak",3
166,2:46,1
34,0:34 me when I forget the lyrics but still wanna participate ğŸ˜‚,0
97,1:37 oohhmmy gooddd I've been longing for them to sing butterfly cuz it's like one of my favourite song and he finally sang it even tho he was joking lol,0
100,"1:40-1:42 kookies laugh is the cutest thing iâ€™ve ever heardğŸ’œğŸ˜­

2:45 - why is jimin looking at us like thatğŸ˜‚ğŸ˜­",0
34,"00:34 parece como si estuvieran cantando la de Sebastian yatra con reik creo que se llama ""un aÃ±o""",1
166,2:46 Iâ€™m so sorry Jimin but I screenshotted that ğŸ˜‚ğŸ˜‚ğŸ˜‚,4
154,2:34 jimin is so cute ğŸ˜­ğŸ˜­ğŸ˜­ğŸ˜­ğŸ£ğŸ‘ğŸ¡ğŸ¥,1
168,"2:48 meio que eu morri, jimin do ceu , Ã± sei como a garota que tava filmando Ã± morreuuuuuu",0
108,1:48 EMPEROR KPOP. KING OF POP OMG ğŸ˜­ ğŸ’œ KIM TAEHYUNG!!!,2
58,0:58 LOLOL look at yoongiâ€™s face,1
62,1:02 yo siempre cuando veo a bangtan,1
165,2:45 Lmao Jimin stooppp ur so cute ğŸ˜‚ğŸ˜‚ğŸ˜‚ğŸ’—ğŸ’—ğŸ’—,0
118,1:58 me skksskkskskksksls antes eu sabia toca um montÃ£o de mÃºsica agora eu nÃ£o sei tocar nada ;-; sksk,2
5,0:05 Maknae is showing dominance.,0
37,"0:37

omfg jungkook vocals",0
166,2:46   WE ME ENCANTA CUANDO JIMIN VE HACIA LA CÃMARA jajfhfjdjgyjvkbhd Y EN COMO TOCA lo re amo â¤:3 y Tae hyung esta aprendiendo a tocar varios instrumentos ME ENCANTA y Jungkook RE CUTE â¤,1
61,1:01 omg my baby is on crack ğŸ˜‚ğŸ’—ğŸ’—ğŸ’—,1
96,1:36  Butterfly ğŸ¦‹ğŸ’  one of my favorite songs ever!! I even have it as my alarm ğŸ˜‚ğŸ˜‚,5
159,2:39 let me remind you that this man is going to be *24* next month,10
36,0:36-0:39 jk is such a show offf I love ittt omg !,0
144,"2:24 Jimin aint just fine...


He's _f o i n e_
YASSSSSSSS <3",7
62,1:02 warning to all headphone usersğŸ¤£ğŸ¤£ğŸ¤£ğŸ¤¦ğŸ½â€â™€ï¸ğŸ˜,0
20,"0:20 como Ã© o nome dessa mÃºsica?/
what is the name of this song?",0
88,"1:28-1:30 *me thinking* oh Jungkook voice is so beautiful  1:32 
Me: oh sh*t XD XD XD",0
165,2:45 me sentÃ­ observada ğŸ˜ŠğŸ˜…ğŸ˜… Jimin me mataaa â¤â¤â¤,65
164,2:44 esa mirada ME MATO,0
88,1:28 I think I saw an angel.,1
145,"2:25 

so lucky staff:>",2
0,"00:00 hasta el minuto 00:38 
Amo la vos de jungkook y esa canciÃ³n es hermosa igual que elâ™¥ï¸â™¥ï¸",0
101,1:41 that smile cured my depression ğŸ’œğŸ’œâ¤,0
55,0:55 YOONGI WAS SINGING ALONG SKDJSJ,0
58,0:58 yoongi ğŸ¥ºğŸ¥ºğŸ¥º,0
34,0:34 me singing anything to Korean. Lol this is so funny but they actually play guitar so well,0
132,"2:12 Taehyung ""I'm Yours"" by Jason Mraz",100
165,2:45 omg  jiminssi your eyes ğŸŒšâ¤ï¸,7
57,0:57 I love you Yoongiâ¤â¤â¤ you will be my bias forever and ever ğŸ˜‰,0
35,0:35- 0:38 what song is it?ğŸ™ˆğŸ™ˆ,0
172,2:52 jimin and his look so so beartifully ğŸ˜€ğŸ˜€,5
22,0:22 - 0:38 is a perfect example of me trying to sing korean but i don't know the lyrics,0
35,0:35 us singing kpop not knowing if weâ€™re prouncing it right ğŸ˜‚,1
162,2:42 Ğ§Ğ¢Ğ Ğ—Ğ Ğ´Ğ¸Ñ‡ Ñ‚Ñ‹ Ñ‡Ñ‚Ğ¾ Ğ½Ğ°Ñ€ĞºĞ¾Ğ¼Ğ°Ğ½ ğŸ˜‚ğŸ˜‚ğŸ˜‚ğŸ˜‚ğŸ˜‚,0
32,0:32â¤,1
166,2:46 O MA MA MAY !! It's making me die..  :v,0
36,"0:36 OMG...
It sounds like he is saying Jolina...
Thatâ€™s my name ğŸ¥ºâœ¨",0
139,2:19  in Arab itâ€™s so traditional and we call it oud,0
132,2:12 ğŸ’œ,0
160,2:40 This is my life ğŸ˜‚ğŸ˜‚ğŸ˜‚,2
26,0:26 it's like jungkook try to sing like rosÃ¨ song love yourself ğŸ¤­â¤â¤â¤ğŸŒ¹,2
114,"1:54 my prince is hereâ¤â¤â¤...
Jin oppa",0
109,1:49 if this ainâ€™t the hottest thing ever,0
35,"0:35-0:38, every international ARMY trying to sing in korean ğŸ˜‚",0
164,2:44 I can't with this man staring direct to my soul,1
164,2:44 yesss jimin! Only that eye roll is enough â¤ï¸ğŸ˜ğŸ’œ,64
5,0:05 WhAt!?!?,1
134,2:14 Korean version of SRK,0
48,0:48 it's sounds like a Hindi song,1
97,1:37 what is this song name?,1
34,0:34 Me singing kpop,1
164,2:44 WOW ME REMATO SU MIRADAA PENETRANTEâ™¥,0
19,0:19-0:39 What song is that? Someone tell me please:),0
25,0:25 Can someone please tell what song Jungkook is humming? I heard it before but I can't remember the name,3
34,0:34 jk literally representing all of international armys,3
55,"0:55 look at Jungkook's hand tatoo is faded



this video is before the vacation i guess cuz his hair is short here",0
145,"02:25
Girl????????!!!",0
87,1:27 Tae's eyes always with jk ğŸ’œğŸ’œ,0
133,"2:13 parece que o Tae tÃ¡ cantando ""valeu amigo"" kkkk",0
23,"0:23 why jikook are so cute together 
Where are u jikook nation â™¡â™¡",1
130,02:10 damn why he sit like that.. That killing me taeeğŸ’œğŸ’œğŸ’œ,0
23,0:23 that's really cute,1
165,2:45 a carinha do jiminie e a melhorğŸ˜…ğŸ˜»,1
23,0:23 can we just talk about how WhiPpEd Jungkook is right then and there like ughhh,5
34,0:34 onwards - na na nani shony tony nayiyeeeeeiii.........ğŸ’œ,0
62,1:02 JkğŸ˜‚,0
136,2:16 why did I think he was going to sing the song that nick jonas sang to the girl in camp rock,0
143,2:23 Jiminshi  ğŸ˜¢â¤,2
165,2:45 *I wouldn't even mind if Jimin looked at me like that forever.*,178
60,1:00... when u think u can play but its just really distorted guitar ğŸ˜‚,0
92,1:32 not at jungkook who's obviously whipped for a laughing jimin,11
165,2:45 The girl filmed jimin is she alright hahah,15
166,2:46 ğŸ™ˆğŸ’•ğŸ˜,0
165,2:45 i'm not okay hahah,0
87,1:27 kkkkkkkk meu deus ate assim o jk fica perfeito kkkkkkkkkk                                                                                                                              a unica parte ruim do video e a parte que acaba mais mesmo assim e a melhor parte pq acaba com o jimin e aquele sorrisinho lindo kkkkkkkk,0
115,1:55 did anyone notice the â€œtonight show with jimmy fallonâ€ written behind jin?,0
61,1:01 that high note though...hhhhh,0
132,2:12 what song did taehyung sing??,0
140,2:20 Ã© impressÃ£o minha ou o Tae estava tocando uma mÃºsica brasileira?!?!??!?!,15
140,"2:20 HAHAHA The song, whut?! JAJAJAJA",0
10,00:10 I bet nearly everyone watched the Yt tutorial for Love Yourself xD,0
146,2:26 mirror... she is the luckiest person in the world...,0
30,0:30 the cutest thing I've ever heard in my life,0
146,2:26 HEY JIMIN U SEXY KEEP GOING,0
136,2:16 â¤ï¸â¤ï¸â¤ï¸,0
132,"2:12 omg I know the songs but can't remember the name pls tell me before I lose my mind ğŸ˜‚ 
Damn you Taehyung why do you have to sing only a lil bit of the song and leave me struggling ğŸ˜‚",0
165,2:45 Jimin looking into my soul I-,1
145,"2:25 i was like:

JIMIN YOU LITERALLY GOT NO JAMS!",6
42,0:42 Rm Cuteness is Killing me,0
28,"0:28 ""a love yourself""(RM)  very coolğŸ˜",1
132,"02:12 SÃ³ eu que ouvi aquela musica "" eu ouvi palavras ditas com carinho""",0
165,2:45 i'm died hahah,0
5,0:05 jungkook is my guitar teacher   and jimin is me lmao,2
37,"0:37 How can he sing all those notes so effortlessly like it was no big deal??? 

And there is me, sounding like a dying whale",0
145,2:25 that lucky girl in the mirror that's filming them,0
165,2:45 for a second l thought that jimin was looking at me l was died laughting and  saying that don't look at me l'm like a potatoğŸ˜ğŸ˜‚,0
140,2:20 what's the name of that song in the background?,0
70,1:10 fart sound? KKKKkkkk,0
62,1:02 *is that jungkooks hidden talent..?*,0
144,2:24 oh god just look at this handsome young man ğŸ˜£,0
33,0:33 damn Jungkook that vocal run ğŸ˜­,0
108,1:48 Can't keep my eyes off of Tae's hands. So pretty.ğŸ’œ Everything about him is so beautiful.,400
42,0:42 ì—¬ìˆ˜ë°¤ë°”ë‹¤ ë§ˆì§€ë§‰ìŒ ë‚´ë¦¬ë©´ ì§±êµ¬ëœë‹¤ëŠ” ê·¸ê²ˆã…‹ã…‹ã…‹ ë‚¨ì¥¬ë‹ˆë„ ë´¤êµ¬ë‚°ã…‹ã…‹ã…‹ã…‹ë¬¼ì–´ë³¸ì‚¬ëŒ~ ê¶ê¸ˆí•œì‚¬ëŒ~,0
167,2:47 Jimin why are you so cute â˜ºï¸ğŸ’—ğŸ’—ğŸ’—ğŸ˜ğŸ˜ğŸ˜ğŸ¥ºğŸ¥º,4
133,"2:13 áƒ—áƒ”áƒ°áƒ˜áƒáƒœáƒ¡ áƒ áƒ áƒ£áƒ­áƒ˜áƒ áƒáƒ•áƒ¡... áƒ¤áƒáƒœáƒ“áƒ£áƒ áƒ˜?ğŸ˜‚ áƒ˜áƒ›áƒ”áƒ“áƒ˜áƒ áƒ¥áƒáƒ áƒ—áƒ•áƒ”áƒšáƒ”áƒ‘áƒ˜ áƒáƒ  áƒ’áƒáƒ˜áƒ©áƒ˜áƒ—áƒ”áƒ‘áƒ˜áƒ—, áƒ“áƒáƒ•áƒ˜áƒ¬áƒ•áƒ”áƒ‘áƒ˜ áƒ¡áƒ˜áƒ áƒªáƒ®áƒ˜áƒšáƒ˜áƒ¡áƒ’áƒáƒœ :áƒ“áƒ“áƒ“áƒ“ áƒ™áƒáƒ˜ áƒ©áƒ›áƒ˜áƒ— áƒ’áƒáƒ•áƒáƒš, áƒ áƒáƒ¦áƒáƒª áƒ¡áƒ˜áƒ‘áƒáƒœáƒ«áƒ” áƒ•áƒ—áƒ¥áƒ•áƒ˜, áƒ¤áƒáƒ—áƒ˜áƒ¨áƒ˜.",0
44,0:44 what a cute dimple boy ğŸ˜­ğŸ˜­ğŸ˜­ğŸ˜­ğŸ˜­ğŸ˜­ğŸ’œğŸ’œğŸ’œğŸ’œğŸ’œğŸ’œRM ğŸ’œğŸ’œğŸ’œğŸ’œğŸ’œğŸ’œğŸ’œ,1
55,0:55 why is he like thatğŸ˜­,0
62,1:02 I was missing that smile of Min yoongi....,19
87,"1:27 OMG!!! TAETAE!!! 
How can one be this much of Handsome??
TaeTae are you even real angel?? ğŸ˜ğŸ˜­",143
96,"1:36 - 1:47  Kook, please don't tease us playing and singing Butterfly, because we would love you guys to have it on stage again. It is so beautiful. 
You sounded so good even just playfully singing it.",0
30,0:30,0
164,2:44 How Jimin looks at us tho... ğŸ˜‚ğŸ˜,1
28,"0:28 I was thinking of  separate songs when Jungkook was singing the part, but when Joon said, ""Ah... Love Yourself..."", the ARMY in me instantly had the light bulb moment.  Yes... I wanna think that's Joon's word play for their album too.",0
132,2:12 only this song remember to isak and Even SKAM NORUEGA IDK why!!?ğŸ˜‚ğŸ¤¦ğŸ½â€â™€ï¸,0
21,0:21 es alguna cancion ? si es una como se llama?,2
133,2:13What song?,0
91,"1:31        
AM I THE ONLY ONE WHO IS LAUGHING RN ğŸ˜‚",1
132,2:12 Que mÃºsica es / What Ã±ame music?,0
90,1:30 Jungkook is so good at playing the guitar ğŸ˜‚,5
132,2:12 hi yes can we get a full version of that please,76
34,0:34 lmao jungkookâ€™s  lyrics ğŸ˜‚ğŸ˜‚ğŸ˜‚,0
5,0:05 I don't know why but I keep replaying this part...,96
37,0:37 HIS VOICE HITTING THOSE NOTES-,0
35,0:35 jungkooks alien language,0
44,0:44 ê¾¹ì´ í•˜ê³  ì‹¶ì€ ê±° ë‹¤ í•´ ã… ã… ã… ã… ã… ã… ã… ã… ,1
62,1:02 PeRfeCT,0
62,1:02 this made my entire week,0
114,1:54 que hermoso jin,1
109,1:49 menudo papasito,1
25,00:25 que canciÃ³n es? me suena mucho,0
91,1:31 jajajaja tremendo gallazo se mando,1
90,1:30 gallito,1
81,1:21 jungkook tan baba gÃ¶sterisi sjhdjdjxxjxjjxjc,1
22,"0:22,  Ğ¾Ğ½ Ñ‚Ğ°Ğº ÑĞ¼Ğ¾Ñ‚Ñ€Ğ¸Ñ‚ Ğ½Ğ° Ğ½ĞµĞ³Ğ¾, Ğ¼Ğ¾Ğµ ÑˆĞ¸Ğ¿Ğ¿ĞµÑ€ÑĞºĞ¾Ğµ ÑĞµÑ€Ğ´ĞµÑ‡ĞºĞ¾ Ğ½Ğµ Ğ²Ñ‹Ğ´ĞµÑ€Ğ¶Ğ¸Ñ‚ğŸ˜­ğŸ˜ğŸ˜â¤",0
59,"0:59
Yeah, Kookie...maybe you should leave the guitaring to Jin XD â™¡â™¡â™¡
Ok, is it meant to or is that mandolin/banjo (I'm sorry, I don't know the correct term) WAY out of tune...??",4
34,"0:34 JAJAJAJAJAJAJAJA, HE'S ENGLISH.",0
22,0:22 Love YourselfğŸ˜†ğŸ˜†ğŸ˜˜ğŸ˜˜ğŸ˜˜ğŸ˜ Honestly they began so well ^_^,1
34,0:34 is me singing korean songs lmao,0
88,1:28 Happiest baby boiiğŸŒâ™¥ï¸ğŸ’œ,0
121,2:01 jk talking to noona.. cute ğŸ˜Š,1
118,1:58 jinnie looks like such a babyğŸ¥ºğŸ¥ºğŸ¥º,9
145,2:25 alguien vio ala chica que estaba gravando (en el espejo),0
133,2:13 *I fell in love again with taehyungâ€™s voiceğŸ’œ*,3
86,1:26 The main vocalist seÃ±ores jajajajajajajaj ğŸ¤£ğŸ˜,0
133,2:13 I want a full version of thatğŸ˜,0
5,"0:05 JK: For all the time... for all the time... WAEEE!? (Jimin never start to playing) 
JM: *Laugh* Here I go",4
81,1:21 ì´ê±°ëŠ” í¸ì§‘í–ˆì–´ì•¼ ë¬ì„ê±° ê°™ì€ë°...,0
132,2:12 ê¹€íƒœí˜• ì„¹ì„¸í•´ã…œã… ã… ã… ã… ã… ã… ã… ã… ã… ã… ã… ã… ã… ,1
88,1:28 VâœŒhelloğŸ˜¸â¤â¤â¤â¤my bias my boyfriend ğŸ˜˜ğŸ˜…,17
132,2:12 íƒœí˜•ì˜¤ë¹ ê°€ ì ê¹ ë¶€ë¥¸ ë…¸ë˜ ì œëª© ì•Œë ¤ì£¼ì„¸ìš” !!,1
58,"0:58 Yoongi literally was like 


""Did i actually rise this child? or was he just around Jin to much""",0
284,4:44 jiminnnnğŸ˜˜ğŸ˜˜ğŸ˜˜,0
130,2:10 SOMEONE PLEASE TEACH THIS BOY HOW TO PLAY UKE AND GUITAR RIGHT NOW. i volunteer as tribute. i need this in my life,3
170,2:50 Have anyone noticed our Hobi.....What happened Hobiâ˜¹â˜¹??,3
167,2:47 That look. Now I can understand why my girl Halsey was nervous to look him in the eyes.,1
92,1:32 HAHAHAHAHAH JUNGKOOK,0
131,2:11 taehyung such a boyfriend & those thighs ğŸ˜,36
136,2:16 Taehyung ğŸ˜ why is he so sexy and perfect?,1
162,2:42 why do you do that to me?,0
35,0:35 when you don't know the lyric ğŸ˜…ğŸ¤£,0
168,2:48 I lovr that lookğŸ˜‚ğŸ˜‚,0
57,0:57 *yoongi the unbothered king*,1
34,0:34 Jungkook is all of us iarmys trying to sing in korean. Murmuring words even koreans doesn't even know about lol,0
144,2:24 Why Jimin is so cute ğŸ˜­ğŸ˜­ğŸ˜­ğŸ˜˜ğŸ˜˜ğŸ˜˜ğŸ˜ğŸ˜ğŸ˜,1
78,1:18 was this backstage on the Jimmy Fallon show?,0
41,0:41 rm vocals are love,0
6,"0:06 the way jk said wahy ,ğŸ˜",0
58,"0:58 MY BABY UWUWUWUWUWğŸ˜­ğŸ˜­ğŸ˜­ğŸ’—ğŸ’—

1:01 WTF NAMJOON WHO DO YOU THINK YOU ARE?! ğŸ˜«ğŸ”¥",0
43,0:43 Jungkook makes me want to hear this song again. I never get sick of this songğŸ˜™ Yeosu bambada~,24
25,"0:25 What is the name of the song?  Please tell me, thank you very much",0
22,"0:22 Justin seegul's ""love myself""
1:21 born guitarist
1:38 BUTTERFLY -> I'm dying
1:46 guitarist V
2:40 a baby playing with guitar
Where is JHOPE.......................
I have a doubt ""how old are guys?????, why are you guys so cute???""",0
164,2:44-2:52 Jiminâ€™s is literally staring into my soul and my heart canâ€™t take itğŸ¥ºğŸ’œ,28
45,"0:45 i hate when someone plays my guitar like that ugh, eventho, u know, JK would be an exception lol",0
34,"0:34 when u don't know how to sing the song, but u like to sing the song",0
62,1:02 I love his smile!ğŸ‘¼ğŸ»ğŸ’’,0
131,2:11 TAE WE BADLY NEED A FULL COVER OF THIS ğŸ˜­,63
109,1:49 finally king appeared with guitar!! ğŸ¯ğŸ™‡ğŸ’œ,1
146,"2:26 wow lucky girl to capture this moment, if i was her i think i'll just fainted ğŸ˜‚",0
33,"0:33 just look at his left hand
why does it look so good??",1
165,2:45 hobi at the background got me hnggggggggg,0
109,1:49 TaeTae + Acoustic guitar = Perfection ğŸ’œ,28
65,1:05 o Jungkook me representa tocando violÃ£o,2
121,2:01 Taejin ğŸ˜,7
109,1:49 Taehyung playing a guitar and wearing a heart shapeğŸ’œ thatâ€™s torture!! AHHHH MY HEARTEU!!ğŸ’œğŸ¥°ğŸ˜©,289
83,1:23 bababababaababba~~~ğŸ¤£ğŸ¤£ğŸ¤£,1
165,"2:45 jimin so cute ahhhhhh
We love you",1
165,2:45 Episode 657 of Jimin staring intensely at the camera,5
36,0:36  his so CUte sjdoi;shmsfchp,0
145,2:25 . Lucky girl.,0
61,1:01 Let's set this as alarm tone ğŸ˜†ğŸ˜‚,1
97,1:37 ÑÑ‚Ğ° Ğ¿ĞµÑĞ½Ñ Ñƒ ÑĞµĞ½Ñ Ğ½Ğ° Ğ±ÑƒĞ´Ğ¸Ğ»ÑŒĞ½Ğ¸ĞºĞµğŸŒğŸŒğŸ’œğŸ’œğŸ’œ,0
164,"2:44
Omg Jimin at the end!!!!
I can't anymore(about to die)
ğŸ˜ŒğŸ˜³ğŸ˜‚ğŸ’œ",16
45,0:45 its a very famous song in korea. I know this song but forgot singer's name. The singer was also in TROS with his kids ^Ï‰^,1
7,"0:07 I'm just looking at How Smooth JIMIN's Nervy Neck Is-
I mean it's  smoother than my smoothie-
 Smoothiest Smooth Smoothie-
Don't you think.",7
114,1:54 i Miss seokjin:(,1
116,1:56 Are they watching Jimmy Fallon??? Or this video is from when they were in USA?,2
66,"1:06 

*A VERY SUPPORTIVE EOMMA*",1
144,2:24 jsjsjs jiminie,0
109,1:49 mi bebe hermoso ğŸ¥ºğŸ’œ,0
22,00:22 Que ganas de ser esa guitarra para que Jimin me abrace asÃ­ğŸ˜ğŸ˜‚,1
92,"1:32
ğŸ‡ğŸ°ilâ™¡ve you",0
69,1:09 jsjsjs no puedo parar de reÃ­r desde ahÃ­ JSJSJAJA kook es re extra vieron lo amo,0
28,0:28 song name?,1
34,"0:34
Omg wonderfully",1
90,1:30 yooonglesss â™¥ï¸â™¥ï¸ğŸ˜ğŸ˜,0
143,"2:23
...i cant be the only one who really likes that shirt and wants it-
but it prolly costs as much as my room so hahahahahahahno",0
132,2:12 i need the full cover please Mr. Kim,0
165,2:45 ì¹´ë©”ë¼ ë“œì‹  ë¶„ ê´œì°®ìœ¼ì„¸ìš”? ì €ê°™ìœ¼ë©´ ì„¤ë ˆì„œ ë°”ë¡œ ì¸ìƒ ëë‚¬ì„ê²ƒê°™ì•„ìš”ã… ã… ã… ,0
145,2:25 i'm jealous!,0
159,"02:39
Jimin sooooooooooooo cute I love you so much 
And I love you so much bts to 
I purple you â™¡ 
Forever â™¡ 
Kim Nam Joon â™¡ 
Kim Seok Jin â™¡ 
Min Yoongi â™¡ 
Jung Hoseok â™¡ 
Park Jimin â™¡ 
Kim Taehyung â™¡ 
Jeon Jungkook â™¡ 
BTS â™¡ 
FOREVER â™¡ 
Azerbaijan army",2
142,"2:22ÙƒØ£Ù†Ù‡ Ø¬ÙŠÙ…ÙŠÙ† ÙŠÙ…Ø³Ùƒ Ø§Ù„Ø¹ÙˆØ¯ Ø§Ù„Ø¹Ø±Ø¨ÙŠ ÙˆÙ„Ø§ Ø¹ÙŠÙ†ÙŠ ÙÙŠÙ‡ Ø´ÙŠ 
ğŸ˜­ğŸ˜­ğŸ˜­ğŸ˜¨ğŸ˜…ğŸ˜…ğŸ˜…ğŸ˜…ğŸ˜…  Ä° love BTS   ^_^",3
150,"2:30 Jimin ğŸ˜ŠğŸ’œğŸ’œ
I love u so 
M 
U 
C
H 
ğŸ˜‡ğŸ˜‡ğŸ˜‡ğŸ˜‡ğŸ˜‡ğŸ˜‡ğŸ˜‡ğŸ˜‡ğŸ˜‡ğŸ˜‡",30
62,1:02 o yesss JUNGKOOK!! WOrk thOse VOcALs!!!ğŸ™ˆ,221
36,0:36 literally how every non korean kpop fan sing kpop songs,0
132,2:12 I'm Yours by Jason Mraz was my favorite song since elementaryğŸ’• Now I have more reason to love the song because Tae sounded so goodğŸ˜ğŸ’˜,10
132,2:12  I do have the necessity to protect him,0
92,1:32 his laugh while singing because he sounded weird REALLY made me smile hard,0
58,"0:58 la cara de Yoongi me dio mucha ternura
1:02 su sonrisa la ptmr:""""""D",0
41,"0:41 RM the cutest ğŸ˜ğŸ˜ğŸ¤£
ğŸ’œğŸ’œğŸ’œ
Missed you guys ğŸ’œğŸ’œğŸ’œğŸ’œ",0
159,2:39 - 2:52 RIP JIMIN STAN ğŸ’œ,0
87,1:27 Just watch this moment. Taehyung smiles and I died,437
98,1:38 So no one's talking about jk singing BUTTERFLY LIKE DAMN THAT SONG REALLY IS AMAZING!  ğŸ˜­ğŸ’•,0
159,2:39-2:52 I literally died during this part!,0
130,2:10 omg ğŸ˜­his voice!!!!!!,0
164,2:44 *I bet everyone got shy there.*,0
146,2:26 that time when you realized that the cameraman was a woman like um-,0
34,0:34 que voz kokkieğŸ’œ,0
26,"0:26 love this voice, RM. Miss u",0
80,1:20 I thought he's gonna sing Bahay Kubo ğŸ˜‚ğŸ˜‚,0
47,0:47 I thought for a while he is singing Hindi song ğŸ˜‚ğŸ˜‚,5
33,0:33 thank you,0
132,2:12 is my favorite part! When Taehyung started singing it is sooOoo ugh,189
58,"0:58 Yoongi enjoying JK's song...
Please save me! I'm soft!",6
170,2:50 Hobi is so handsomeğŸ˜ƒğŸ˜ƒğŸ˜ƒ,0
33,0:33 - 0:38 ok but that run...boy stop playing with my heartğŸ˜ŸğŸ’œ,0
6,0:06 me when my my mom says why do u like them,0
34,0:34 me everytime I don't know their korean lyrics,0
34,0:34 again...Jks vocal chords almost bias wrecked me ğŸ˜‚â¤ï¸,12
97,"1:37 ç¬‘ã£ãŸ
å¹¸ã›ãã†ã§ãªã«ã‚ˆã‚Šï¼",0
54,"0:54 
Lmao they sounded like the minions to me",0
34,0:34 me singing kpop song,0
170,2:50 Look for Hope  it looks sadğŸ˜­ğŸ˜­,0
62,1:02 all my uwu's for suga's smile uwu,0
132,"2:12 omgggg
He is so cuuuute I can't-",0
44,0:44 cuando tienes que hacer todo para ganar la clase de mÃºsica Jajajaj,0
0,"0:00 tu belleza nada igualara jaMAAAAAAAAS 
ahre",0
1,"0:01 Jungkook trying to say 
Real line :-*for all that times that u rain on my parade*
Jk's line :- for all that times .... for all that times ....na na naa na na...ğŸ˜‚ğŸ˜‚",4
35,0:35 Jungkook representing every International ARMYs trying to sing in Korean,13
63,"1:03 
Jungkook: *sings made up words*
Yoongi: *smiling at the corner* yah stop!!imma put this in our next album! *gets his phone to record*now sing next justin seagull!
Namjoon:thats my kid! *claps*
Seokjin:we made him bish!",2
135,2:15 omg is this guy even a human or a vampire !!! taehyung looks soo handsome and hot  aishhh I can't take away my eyes from himğŸ˜­..he looks hella  gorgeous in Blonde hair,68
164,2:44 just me who love Jimin hair?,0
34,"0:34-0:39
is me singing any bts song in koreanğŸ˜‚ğŸ˜‚ğŸ˜‚",2
133,2:13 min Teahyungun elindeki saz mi kizlar?  Saza beziyor,4
145,"2:25 look at mirror
Is she the girl who shoot video ğŸ“¹ for us? Thanks ğŸ˜ŠğŸ˜ŠğŸ˜Š",1
23,"0:23 I have some flashbacks when Jimin and Jungkook sing 'Love Yourself' ğŸ˜ª
MEMORIEEEES ğŸ’œ",2
165,"2:45
Army: i don't like it when people are staring at me.

Jimin: Am i a Joke to you?",0
102,1:42 jungkook why so cuteğŸ˜­ğŸ˜­ğŸ˜­ğŸ˜­ğŸ˜­,0
114,1:54 jin dont have to do anything.. ğŸ˜. Just his appearance make me faint...,0
88,"1:28 taehyung wearing white T-shirt with plain hairs 
2:09 v wearing black and white shirt with curve hairs 




Choose now ğŸ˜†ğŸ’œ",197
36,0:36 me trying to sing korean lyrics ends up gibberish.,0
109,1:49 yes tae is the new guitar professional ğŸ˜‚ğŸ˜‚,0
132,2:12 I need a full coverğŸ˜­,0
132,2:12 Taehyung singing my fave Jason Mraz songğŸ’œ,29
130,2:10 may oppa,1
147,2:27 Ğ§Ğ¸Ğ¼Ğ¸Ğ½ Ñ Ğ±Ğ°Ğ»Ğ°Ğ»Ğ°Ğ¹ĞºĞ¾Ğ¹ ??? ĞœĞ½Ğµ Ğ½Ğµ Ğ¿Ğ¾ĞºĞ°Ğ·Ğ°Ğ»Ğ¾ÑÑŒ ğŸ˜²,0
132,2:12 omg did he just sing i'm yours by Jason Mraz DJKFHDSF,0
111,1:51 He plays guitar so good sjsbsubd8sbe9,0
58,0:58 the suga was sitting there lolğŸ˜‚ğŸ˜‚ğŸ˜‚,0
61,"1:01 Suga , Cutest thing in the world my god , my Cutest utt in the  world â¤ï¸â¤ï¸â¤ï¸â¤ï¸â¤ï¸â¤ï¸â¤ï¸â¤ï¸ I  LOVE YOU MIN YOONGI â¤ï¸â¤ï¸â¤ï¸ğŸ˜ğŸ˜

Sou brasileira mais escrevi em inglÃªs â¤ï¸â¤ï¸

Traduzindo : Suga , Coisa mais fofa desse mundo meu Deus , meu utt mais lindo e fofo do mundo â¤ï¸â¤ï¸â¤ï¸â¤ï¸â¤ï¸â¤ï¸â¤ï¸â¤ï¸â¤ï¸â¤ï¸
Te amo Min Yoongi â¤ï¸â¤ï¸",1
144,"2:24
When Jhope does nothing.

Me: OMG! I really can't believe this is real. I've never seen anyone so perfect! I'M CRY!",0
132,2:12 TAEHYUNG SINGING I'M YOURS OMFG,0
112,1:52 may oppağŸ˜ğŸ˜˜ğŸ‘½ğŸ‘½,0
34,0:34 - JK was just messing around but that note at the end was still pure perfection. I could never...,0
132,2:12 - 2:17 What song is this?,1
34,0:34 gosh jiminie's veins in his hands ğŸ˜,0
5,0:05 jungkookâ€™s little What!? Is so frickin cute like ahhh!,0
140,2:20 that is the exact same shirt V wore in idol only the colour is different..lol i just realised they're wearing the idol outfits because they're at the jimmy fallon show,0
132,2:12 KING TAEHYUNG YES,1
84,1:24 Kookie? What are you doing?ğŸ˜‚ğŸ˜‚,4
44,0:44 jungkook is actually me when I try to play the guitar lmao,1
132,2:12 - 2:17 What song is this?,0
46,0:46 *DON'T BROKE THE GUITAR OMG*,1
42,0:42 Namjoon's laugh is so cuteğŸ¥º,0
62,1:02 yoongiğŸ˜‚ğŸ˜‚ğŸ˜,0
34,"0:34 *HOW DARE U CAN MAKE A SUCH ADORABLE VOICE LIKE THESE JUNG, HIS VOICE IS TOO SOFT AND GENTLE IN THE SAME TIME SHIT I'M CRYING* ğŸ˜­",1
102,"1:42 
Jungkooks eyooo ooooo is so cute -.-",0
38,0:38 minutes were my best minutes of today... JIMIN playing it so beautifully and JK singing so blissfully... It's all I need... My daily dose of HAPPINESS...,0
131,2:11 Taehyung. ğŸ’œğŸ˜Š,1
93,1:33 to 1:38 how did kookie change his singing way so fast?,4
133,2:13 what song ? Im forget,0
112,"1:52 like saying ""jual seblak"" Namely Indonesian specialties of BandungğŸ¤—",0
146,2:26 Jimin rocking a mandolin made me want a string septet featuring all 7 members. Festa idea post military service maybe?,5
27,0:27 jk humming love yourself by justin bieber,1
45,0:45 what song?? JK singing ğŸ¤?,1
164,2:44  ì§€ë¯¼ì´ ê·€ì—¬ì›Œ ğŸ¤£ğŸ¤£ğŸ¤£ğŸ¥ğŸ¥ğŸ¥ğŸ¤,0
145,"2:25 now i can't stop seeing jimin
LOVE YOU SOOOOO MUCH JIMIN",9
101,"1:41 Kook's LAUGH!!! I CANT---

Edit: My replay button is stuck there.",15
91,"1:31
That highnote ğŸ˜ğŸ˜ğŸ˜
We stan a talented king ğŸ™‡ğŸ™‡ğŸ™ğŸ™",7
133,2:13 I want the song name,0
98,1:38 cuteeee Jungkookiie,1
167,2:47 ğŸ¤£ğŸ¤£Jimin,0
33,0:33 - 0:39 can't get over on Jungkook's vocal runs.. ğŸ’“ğŸ’–,1
42,0:42 RM shying away! UwU UwU UwU UwU UwU UwU UwU!!!,1
97,1:37 my favorite version of butterfly ever,0
77,"1:17 jungkook,  the group  busker busker (2012)",9
132,2:12 YES IM YOURS TAEHYUNG!!!,0
107,1:47 did anyone notice the Jimmy fallon sign in the back Â¯\(â—‰â€¿â—‰)/Â¯,0
145,2:25 cameraman nunağŸ˜‰,0
5,0:05 did jungkook yell at jimin ssi? XD,0
98,1:38 Jungkook Imao ğŸ˜­ğŸ˜­ğŸ˜ğŸ’œ,0
36,0:36 Sorry de Justin BieberğŸ‘Œ,1
165,2:45 omg jimin face ğŸ˜‚,0
32,"0:32 JIMIN HAD DID THAT SONG FOR THREE YEARS 

SAVAGE ğŸ˜‚ğŸ˜‚ğŸ˜‚",256
100,1:40 Jungkook is singing  Butterfly . Im dead ğŸ˜­,0
91,1:31 I felt thatğŸ˜” Did you all felt that too?,1
62,1:02 Yoongi gummy smile!!!!! ğŸ’œğŸ’œğŸ’œ,0
58,0:58 ë¯¼ìœ¤ê¸° ë„ˆë¬´ ì˜ìƒê²¨ì„œ ëª»ì•Œì•„ë³¼ë»” (ì›ë˜ ì˜ìƒê²¼ì§€ë§Œ,1
133,2:13 Tae singing I AM YOURS BY JASON MRAZ. Taetae has taste,12
145,2:25 so it's not a cameraman but a camerawoman ! How in the world she can survive these 7 angels at a time ğŸ˜­ğŸ˜­ğŸ’œğŸ’œğŸ˜­ğŸ˜­,0
132,"2:12,lagu zaman"" waktu tkğŸ˜…ğŸ˜‚",0
23,0:23 love my self,0
154,2:34 I'm dying why everything is small XD sorry jimin ğŸ˜‚ğŸ˜‚ğŸ’œ,23
154,2:34 the paintings of Basquiat at Jimin on a t-shirt are divine,0
111,1:51 garoto-,0
103,"1:43 That ""eoo"" HAHA i can't...",0
57,"0:57  I miss this cute cat
*Omg i just realize how much you miss me and I am so happy that you enjoy your free time Love ya*",0
11,"0:11 im realy inlove with jimin aghhhhh..!Ohmahgaaddd my bunny have a beautiful voice
Like this if you ship them #JiKook",13
62,1:02 ğŸ˜‚,1
127,2:07 Taehyung is so fuckin pretty and handsome that my eyes and heart can't handle his perfection.,133
61,"1:01 ahh I'm being Suga,well likely how I feels kkkkk. 2:25 suddenly I miss tht noona^_^
Thx for feeds these ""sides"" of Bangtan tooğŸ˜ğŸ’œğŸ’œğŸ’œğŸ’œğŸ’œğŸ’œğŸ’œğŸ’œ",0
143,2:23 Our Sunshine Hobi appears â˜€ï¸ğŸ’œğŸ’œğŸ’œğŸ’œ,0
5,0:05 ë­íí•´!!ê·€ì—¬ì›Œã… ã… ,1
161,2:41 jimin has a staring problem but its cuteeeğŸ¥°,0
98,1:38 that's definitely me trying to play it cool with a guitar :'),0
1,"0:01 into the video 
Jhope has left the chat",0
93,1:33 miss you so much :((,0
130,2:10 TAETAEâ€™S HAIRRRğŸ¥µğŸ¥°,0
5,0:05 Jungkookie scolding Jimin made my day!!!ğŸ˜‚ğŸ˜‚ğŸ˜‚,14
114,1:54 JINNğŸ¥°ğŸ˜ğŸ˜ğŸ˜­,0
145,"2:25 
Can we talk about that music in the background",0
140,2:20 look at how smol Jimins hands are compared to taehyung,80
49,"0:49
Tae looks so good",0
88,1:28 awww TAETAE LOOKS SO PERFECT HIS SMILE IS MAKING MY HEART MELTğŸ¥°ğŸ˜â™¥ï¸,5
62,1:02 that's me singingğŸ˜‚,0
48,"0:48 didn't jk's words sound like Hindi words here....""mere dam me..""",381
172,2:52 minutes of maknae line playing around with string instruments while hyung line watches with heart eyes... *Iâ€™M SOLD*,0
39,0:39 did they just blur out a  j u g,0
130,"2:10
Ø§Ø±Ø­Ù… Ù‚Ù„Ø¨ÙŠ Ø§Ù„ØµØºÙŠØ±ğŸ˜­ğŸ˜­ 
-Ø¬ÙŠÙ…ÙŠÙ† Ø³ØªØ§Ù† Ù…Ø±Øª Ù…Ù† Ù‡Ù†Ø§-  ğŸŒšâœŒğŸ¼ğŸ’œ",1
44,0:44~ ì•„ ê°œìš±ê¸°ë„¼ã…‹ã…‹ã…‹ã…‹ã…‹ã…‹ã…‹ã…‹ã…‹ã…‹ã…‹ã…‹ã…‹ã…‹ã…‹ã…‹ã…‹ã…‹ã…‹ã…‹ã…‹ã…‹í‚¬íŒŒëŠ” 1:20ã…‹ã…‹ã…‹ã…‹ã…‹ã…‹ì§€ë„ ì›ƒê¸´ë“¯ã…‹ã…‹ã…‹ã…‹ã…‹ã…‹ã…‹ã…‹ã…‹ã…‹,0
134,2:14 The way Taehyung is sitting there playing the guitar makes me feel some type of way ğŸ˜³ğŸ’•,29
143,2:23 ~ 2:52 I was really trying to peak at Hobi. Thank god got to see him at the end. Now I'm off to work ğŸ˜Š,0
35,"00:35 jk is so cute when saying ""jiny jony""",0
137,2:17 STARBUCKS GONNA SOLD OUT ğŸ˜‚,1
62,1:02 SUGAâ€™S SMILEğŸ˜­ğŸ¥ºğŸ’œ,0
34,"0:34 - 0:39 
I LOVE THAT PART SO FREAKING MUCH !!!! â¤â¤â¤â¤â¤â¤â¤â¤â¤â¤â¤â¤â¤â¤â¤â¤â¤â¤â¤â¤â¤â¤â¤â¤",0
108,1:48 ğŸ’œğŸ’œğŸ’œ,1
131,2:11 Stahp you can't combine Mraz and Tae I will combust,0
133,2:13 *mom that's my man* ğŸ˜­ğŸ˜­ğŸ˜­,0
132,2:12 wait i'm not ready,0
164,"2:44 jimin literally killed me
Ahh!ğŸ˜",0
155,2:35 am I tripping or is the photo in the background moving...?!ğŸ˜‚,0
35,"0:35 





HIS VOICE ğŸ¥ºğŸ˜ğŸ˜”ğŸ˜ªğŸ˜©",3
37,0:37ğŸ˜†ğŸ˜†ğŸ‘ğŸ‘ğŸ˜˜ğŸ˜ğŸ˜‰jungkookğŸ˜†ğŸ˜,0
89,"1:29 yoongi's smile tho,ğŸ’œğŸ˜˜",1
165,"2:45

The way Jimin looks at the camera tho! XD <3 lol I smiled :)",30
169,2:49 Jimin ğŸ‘€ğŸ‘€ğŸ‘€ğŸ˜‚ğŸ˜‚ğŸ˜‚ğŸ˜‚ğŸ˜‚,0
5,"0:05 
Jin: jungkookaaaaaa it's your hyung",0
145,2:25 opp camaraâ€‹ women why note me?,0
165,2:45 Jimin be staring right into my soul and killing me with those looks!,2
162,"2:42 the ""guitar"" (idk what it's called) Jimin and I need..ğŸ’œğŸ–¤",0
130,2:10 is that an oud?!,2
141,2:21 I just wanna be a ring...,0
106,01:46 are they on jimmy fallon?,0
134,2:14 taehyung cover â€œiâ€™m yoursâ€ plzzzzğŸ¥ºğŸ¥ºğŸ¥º,35
141,2:21  gosh i thought namjoon is saying manila manila lol,0
134,2:14 Yours by Jason Mraz all time favorite songğŸ’”,0
135,2:15 Ø³ØªØ§Ø±Ø¨ÙƒØ³ Ù‚Ù‡Ù‚Ù‡Ù‚Ù‡Ù‚Ù‡Ù‚Ù‡Ù‚Ù‡Ù‚Ù‡Ù‚Ù‡Ù‚Ù‡,0
62,1:02 *Min Suga so cute!*,0
22,0:22 jimin play guitarr.... and i'm dying â¤â¤â¤,8
25,0:25 song?,0
139,2:19 it really suit to jimin since his hands were smolğŸ¤­,0
126,2:06 I'm sorry V ğŸ˜‚ğŸ˜…,0
96,1:36 this is me when I tried to play butterfly on a guitar ğŸ˜…,1
166,2:46 i dont know why iam soooo shyyy :))),0
133,2:13 no one's gonna talk about tae's version of I'm yours it's perfect,2
169,"2:49 JIMIN U GOT TO STOP STARING INTO MY SOUL, IM NOT STRONG OKAY?",15
46,0:46 @/halfbasement95 you should see this! ğŸ¤£,0
150,2:30 JIMINâ€™s outfittttttttttttt,0
133,2:13 please make a cover thank u,1
167,2:47 oh jimin ğŸ˜ğŸ˜ğŸ˜ğŸ˜,0
16,0:16 did jk sing a song of justin bieber ?ARGGGHHHH I'M BELIEBERS AND ARMY AS WELL hm let me live in peace hm they such a boyfriend materialğŸ˜â¤,0
64,"1:04 tu beieza nada se igualaraaaa,un milagro eres y te voy a esperar *gallo* hasta el fin xdxd",0
63,1:03The most  beautiful JONGkook said AAAAAAAAAAAA HHHHHHH,1
91,1:31 cuteeeeeeâ™¥â™¡â™¥,0
127,02:07 My face when I see my test of math.,0
130,2:10 taehyung's voice hmmmmmm love it ğŸ’œğŸ’œğŸ’œ,0
52,"0:52 á¢áŸ’á“á€á›á€áŸ‹á›á¶áŸá›áŸá„á áŸ’á‚á¸áá¶
0:57 á†áŸ’á˜á¶á¢á„áŸ’á‚á»á™áŸáŸ’áá¶á”áŸ‹",0
137,2:17 NOW WATCH STARBUCKS GETTING SOLD OUT IN EVERY COUNTRY,96
144,2:24 Jhope busy studying EnglishğŸ˜,0
91,1:31 HAHAHAH jungkook making his hyung's laugh is the besttâ¤,0
75,1:15 reminds me run bts bts picnic ğŸ¤£,0
113,1:53 Jin so handsome I die,0
67,1:07 THAT HIGHNOTE..,0
5,0:05 DID HE JUST SHOUT 'WAE!' AT JIMIN?!!?!!?!!!! OMAYGHAWWWD ISTG,0
144,2:24 finally an instrument fit for jimins hands hehe,0
62,1:02 click if you wanna cry,0
144,2:24 Hobi looks so focus on that paper but at the same time he enjoys the musicğŸ˜† ohh I love his personality ğŸ¥°,0
60,1:00 YOONGLES?!?!?!??!,1
0,0:00 - 0:38 jungkook is me when singing BTS song. ğŸ¤©ğŸ¤©ğŸ¤©ğŸ¤©,0
171,2:51ğŸ˜ğŸ˜ğŸ˜it seemed like jiminie was looking at meğŸ˜…ğŸ˜…....saranghae jiminieğŸ’œğŸ’œ,1
34,0:34 i think they are giving us hints  -_-,0
144,2:24 I truly love Jimin with my entire heart ğŸ¥ºğŸ™ŒğŸ’—ğŸ™ğŸ’ Look at his faaacceeee,0
46,0:46 NAMAMASKO PO ğŸ˜‚,0
74,1:14 i found my new ringtone,0
167,2:47 this is how he stares inside your soul everytime,1
170,2:50 ê·¸ì™€ì¤‘ì— ì •í˜¸ì„ ê°œì´ì˜ë‹¤ ì§„ì§œ ğŸ’œğŸ’œğŸ’œğŸ¥º,1
100,1:40 Hes singing butterfly  lakskalsksjs,0
144,2:24 Jimin.......I truly love you with my entire heart,0
108,1:48 Taehyung my bias he looks so fluffyğŸ» Love himğŸ’•,182
34,"0:34
Wtf jungkook
JOHHNY JOHHNY?",0
62,1:02 I know he was playing around but like ThOsE vOcAlS,0
144,2:24 Finally an instrument the right size for Jiminâ€™s baby hands,260
93,1:33 jiminssi :(((,1
93,1:33,0
30,"0:30
Namjoon: LovE yoUrsElF
*_Me: and i OOP-_*",0
