77,"1:17 como quieren que me enfoque en el taejin teniendo atrÃ¡s a jungkook y su maquillista, yo lo siento, pero tengo que decir QUE ES DAMASIADON TIERNOOOO!!!!",0,0.2263
77,1:17 JK bends down a bit so the makeup lady can touch him up â˜ºï¸,0,0.6841
83,1:23 lucky staff member...lucky chapstick,0,0.2263
83,"1:23 Wait, ""lip service"" is also a loan word in Korean? That's hilarious hahaha",1,0.743
35,0:35 *an angel then appears*,1,0.0
21,"0:21 i can't even dare to ask my brother.. 
He will actually break my bones.. Doing his GENTLE massage",0,0.5622
102,1:42 I found y/n back there with Jungkook,1,0.0
79,1:19 look how thoughtful our kookie to crouch down so that noona stylists can reach him. ðŸ˜Š,1,0.8271
8,0:08ðŸ˜­ðŸ˜­cuuuteee,0,0.2263
69,"1:09 everyone: â€“noticing jin and v conversationâ€“
                Me: isn't that Kookie behind them with a lollipop?",43,0.0
71,1:11 aku ingin taehyung yang seperti dulu,0,0.2263
22,"0:22
0:58
taehyung at the back giving foods to the staff",75,0.34
97,"01:37 what is going on??
Can you all feel what I'm feeling from watching this??
They all (jin , Tae , JK , JH) they all look so tensioned.. 
Notice their eye movements , how JH looks back and forth between Tae and JK , jin looking from the corner of his eyes to JK ..
And not to mention Tae DOESN'T LOOK HAPPY 
seriously what is going on??ðŸ˜¥",0,0.6773
17,0:17 Aww men I wish I have a friend like that :(,0,0.6705
75,1:15 taem niye Ã¼zgÃ¼nsÃ¼n?? ðŸ˜­ðŸ˜­ðŸ˜­,0,0.2263
47,00:47 Koooookk ðŸ’œðŸ’œðŸ’œðŸ’œðŸ¥ºðŸ¥ºðŸ¥ºðŸ¥ºðŸ¥ºðŸ˜­ðŸ˜­ðŸ˜­ðŸ˜­ & the handsome ðŸ’œðŸ’œðŸ’œðŸ’œðŸ’œðŸ’œðŸ’œðŸ’œðŸ’œðŸ’œðŸ¥ºðŸ¥ºðŸ¥ºðŸ¥ºðŸ¥ºðŸ¥ºðŸ¥ºðŸ¥ºðŸ¥ºðŸ¥ºðŸ¥ºðŸ¥ºðŸ¥º,0,0.995
22,0:22 What will be if Jin's hand was cold? ðŸ˜‚ðŸ˜‚,0,0.8402
74,1:14 jin and his jokes / flirtingðŸ˜‚,0,0.2263
57,"0:57 
I love the way Taehyung shares his food with Jimin!",0,0.7712
73,1:13 .... Hight difference between jk and the makeup artist so damn cute...,0,0.1747
77,1:17 JUNGKOOK LOWERING HIMSELF FOR THE MAKEUP ARTIST IS THE MOST PRECIOUS THING I'VE SEEN IN MY LIFE,1,0.5756
86,1:26 YES Taehyung you are the prettiest of all ðŸ¥ºðŸ˜­,5,0.6166
0,0:00 2seok are cuteee,0,0.2263
104,1:44 asÃ­ me verÃ­a al costado de Jk ðŸ¤¨,0,0.2263
105,1:45 Jungkook is eating lollipop,1,0.2263
4,0:04 ohh hoseok you so cuteðŸ˜ŠðŸ˜ðŸ˜ðŸ˜ðŸ˜ðŸ˜˜ðŸ˜˜ðŸ˜˜ðŸ˜˜,0,0.9853
73,1:13 jungkook gril ðŸ¤” bts e oglanlar makyaj elesin,1,0.2263
86,1:26 it's the way tae kept staring at the camera that does it for me,0,0.0
78,"1:18 ì •êµ­ì´ ë§¤ë„ˆ ë‹¤ë¦¬
JK manner legs",0,0.2263
6,0:06 goofing around,0,0.0
72,"1:12 Ñ‚Ð°ÐºÐ¾Ðµ Ð¼Ð¸Ð»Ð¾Ðµ ""ì•„ë‹ˆ""",0,0.2263
34,0:34 Okay I  like the elegent sassy walk Jimin from there ðŸ˜‚,0,0.743
79,"1:19 behind jin and taehyung I noticed the female staff putting make up on jk's face and he see that the staff is small so the staff is up to reach jk's face and jk notice it so he goes down a little bit  so that the staff does not have a hard time putting make up on his face ... very kind and sweet, I wish I was that woman",1,0.8991
98,"1:38
Jin's faceu
INSTANT REGRET ðŸ˜‚",0,-0.1613
3,0:03 I was really very jealous at that time when the stylist came near jkðŸ˜­ðŸ˜­ðŸ˜­.LUCKY STYLIST(U can notice them behind),6,-0.8431
78,1:18 look how Jk lowered a bit just to make the make up artist comfortable and can do her work easier. Aaaaaaaack i can't ðŸ˜­,54,0.8424
98,"1:38 v ngomong ""nungguin ya?"" AWOKAWOKAOWK",1,0.2263
37,0:37 why does Jimin look like a giant all of a sudden lmao,0,0.7506
75,"1:15
Todos: Viendo a Tae y Jin 
Yo: PORQUE NO PUEDO SER LA MAQUILLISTA DE JK?!!",53,0.2263
12,0:12 isnâ€™t this yoongiâ€™s voice?,0,0.0
88,1:28 Baby bunny with styler noona at the bgðŸ¥ºðŸ¥º,0,0.0
40,0:40 did Seokjin say How Is It? IN ENGLISH?!,0,0.0
5,0:05 they're so cuteeeeee,0,0.0
83,1:23 quiero ser la chica de atrÃ¡s AAAaaaAaaAaAa :(,4,0.2263
78,"1:18 jungkook agachÃ¡ndose para que lleguÃ© la maquilladora, morÃ­ que cuteâ™¥ï¸ðŸ˜",6,0.2263
58,0:58 Taehyung the strawberry deliverer ðŸ“,1,0.0
2,0:02 when stylist noona fixed jks outfit I--,0,0.0
3,"0:03
Yo soy Jin cuando mis amigos intentan tomarse un foto xd",16,0.2263
50,0:50 Jin cuidando siempre de su bebÃ©,0,0.2263
64,"1:04 Jimin me representa en la vida XD
Todos con pareja y yo mÃ¡s soltera que nunca :'c pero con comida, beibi ;)",10,0.2263
67,"1:07 El TaeJin me grita, ahhhhhhhhhhhhhhhhhh ðŸŒšâ¤ï¸",12,0.2263
13,"0:13 El KookJin me grita we, ahhhhhhhhhhhhhhhhhh ðŸŒšâ¤ï¸",4,0.2263
77,"1:17 eu nÃ£o sei por quÃª eu sempre ouÃ§o o jin falar ""tava morto""",0,0.2263
103,1:43 Ginkok ðŸ™‚ðŸ’”?,0,0.2263
97,1:37 I'm actually crying at jins face of dedication,20,-0.4767
22,"0:22 / 0:57 - Omg i just noticed how Tae is giving out strawberries to the staff in the background. He is such a sweet, kind and caring soul. He looks after everyone.",15,0.9001
75,1:15 that stylist is lucky to be so close to jungkook ðŸ˜­ðŸ˜­,0,-0.5267
77,"1:17 - HAHAHA. Taehyung is so funny! The way he was playfully teasing Jin. Aww jin, that was an awesome compliment!",8,0.9593
77,1:17 Idk why but I thought it was cute when Jungkook shrank so the make up artist could reach him better ðŸ˜‚â¤ï¸,3,0.9127
38,0:38 alguien noto lo alto que se mira jimin al lado del staff... que hermoso ðŸ¤§ðŸ¥º,17,0.2263
37,"0:37 Jimin made me think he's really short by always being around taller people (most idols), when he's actually quite average-tall for the typical Asian! ðŸ‘€ðŸ‘€ðŸ‘€",39,0.0
35,0:35  the ar a blink with blackpink Tshirt behind jimin ????????????,0,0.0
77,1:17 Jk agachÃ¡ndose para que lo puedan arreglar bien :v,24,0.2263
36,"0:36 
did someone notice how tall is jimin",7,0.0
101,1:41While V and jin were talking..look at their back..jk and the staff...omg..i am so jealousðŸ˜…ðŸ˜…,1,0.1058
87,"1:27 Alguien mas se dio cuenta que Taehyung mira a la cÃ¡mara como si fuera su novia?

... no? solo yo tonces... :v",2,0.2263
77,1:17 the makeup artist went on her tippy toes because jungkook was a whole head taller and he bent down a bit to help her out MY HEARTUEðŸ¤§ðŸ˜­ðŸ’œ,22,0.5859
56,"0:56 TaeTae bringing drinks for staff
 members
1:17 Jungkook lowering for a staff member

This is one of the MANY reasons I adore them so much!",0,0.4389
65,1:05 jimin is eating lollipop...,1,0.0
76,1:16 idk where to focus,1,-0.1027
25,0:25 quiero un masaje de jinðŸ˜ðŸ˜ðŸ˜ðŸ˜ðŸ˜ðŸ˜ðŸ˜ðŸ˜ðŸ˜ðŸ˜ðŸ˜ðŸ˜ðŸ˜ðŸ˜ðŸ˜okey solo en mis sueÃ±os,5,0.2263
107,1:47 damn how lucky u r girl being vth my Kookie all day ðŸ¤¯ðŸ˜³ m kinda jealous of uðŸ˜’.....hmm but take care of my Kookie wellðŸ’œ,8,0.9177
37,0:37 Maybe our little Mochi is not that little ðŸ¥º,0,0.0
36,"0:36 To everybody who says Jimin is short, you have to put glasses on your blind eyes.",2,-0.4019
78,1:18  Anyone notice how Kookie bent down for the stylist to reach his face?ðŸ˜‚ðŸ’œ,2,0.802
2,0:02 miren dÃ³nde le agarra la chica de maquillaje a Jungkook 7u7 directo a la correa se va uhmmmm te atrape diablilla,2,0.2263
78,1:18 the way Jungkook lowered himself for the makeup lady ðŸ˜,1,0.3612
73,1:13 My newest (tho an year old)  favourite TaeJin moment! UWU,1,0.0
38,"0:38 jimin is tall or they're all small? No jimin is tall, smaller than the other members, but he's tall..guys trust someone who is just 159cm tallðŸ˜Š",46,0.9161
78,"1:18 The stylish tiptoed while jungkook  lowered himself so that she could reach his face ðŸ¥º
.
.
My future job stylish noonaðŸ˜“",21,-0.4939
80,1:20 it's cute when make up noona can't reach jungkook and tiptoeing while jungkook just lowered himself. I'm soft.,1,0.3455
79,1:19 kookie kinda bend down so that she could reach him awww ðŸ’•,2,0.6597
77,1:17 *the way Jungkook lowers himself for the artistðŸ¥º*,0,-0.128
105,1:45 staff with jungkook,0,0.0
67,"1:07
*No one can diss Kim Seok Jin the way Kim Taehyung always does* ðŸ˜‚",3,0.4404
73,"1:13
*Taetae's reaction when his Jin hyung touching his face* ðŸ˜‚",2,0.4404
67,"1:07-2:00
*TAEJIN having their typical teasing moment*
TaeJin stans: *partly laughing, but actually dying* ðŸ˜†",5,0.6191
67,"1:07
I'm seeing an Angel! Amy, do you see it too? ðŸ¯ðŸ’œ",1,0.2263
75,"1:15 Jin in action to phish complement for himself ðŸ˜…ðŸ˜‚
Poor Jin he didn't get what he wanted. gukjong hajima, Armys will always compliment you Jin. 
""Jin, you have a very giving heart for always appreciating and showing to the members how awesome they are. """,5,0.9616
71,1:11 that was smooth~,0,0.0
42,00:42  a 1:00    lo estÃ¡ masajeando o lo estÃ¡ matando xd,2,0.2263
105,1:45 Tae es la Ãºnica flor que quiero que me dÃ© alegrÃ­a ðŸ˜ˆðŸ‘Œ,1,0.2263
65,"1:05 everyone: watching jin & jungkook
Me: watching jimin eat a strawberry in the background",0,0.0
94,"1:34
Camera on taejin..And at back on jungkook..
Ahhh so many cameras... Don't u(bts) feel someone is watching all the time.. Can't do anything freely... ðŸ˜–",19,-0.3412
78,1:18 notice how jungkook is getting his makeup down and he plops down for the makeup artists,0,0.0
77,"1:17
Nadie:

Absolutamente nadie:

- JungKook agachÃ¡ndose para que la maquillista lo alcance.



Es un amor, un bebitooo, ðŸ˜­ðŸ˜­ðŸ˜­ðŸ’œðŸ’œðŸ’œ",0,0.2263
87,"1:27 ""Jin wants a compliment for his compliment..."" xD ðŸ¤£ðŸ˜‚ðŸ¤£ðŸ¤£ðŸ˜‚",0,0.9761
105,"1:45 
ì •êµ­ì´ë¥¼ ë³´ì„¸ìš” ì™€ìš° ~~~~",0,0.2263
80,1:20 That moment when my profile picture actually represents my bias. Blue Rose Tae ðŸ’™+ðŸŒ¹=ðŸ’œ,64,0.8402
82,1:22  soy la Ãºnica que escucho gemidos o estoY loca,0,0.2263
66,1:06 crazy for myself,0,0.2263
78,1:18 why i feel jealousy about jungkook and his staff .. ðŸ˜žðŸ˜¢ðŸ˜­ðŸ˜¢,0,-0.9287
58,0:58 baby taetae bringing strawberries ðŸ“ for Jimin and the staff  ðŸ¥ºâ¤ï¸ yes baby you are the prettiest flower ever ðŸ’œðŸ’œ,4,0.9413
38,0:38 jimin looks like a freaking giant is it just me?,12,0.2263
74,1:14 i screamed! Tae is so handsome. And jinâ€™s complimentðŸ˜‚ðŸ˜‚ðŸ˜‚,1,0.9314
101,1:41 Heâ€™s a flower.  ðŸ¥°ðŸ˜ŠðŸ˜ŠðŸ˜Š I died from sweetness.,1,0.9747
32,"0:32 KKKKK NÃƒO FUI SO EU QUE ESCUTEI O JIN FALANDO ""SEI LÃ TA?"" NÃƒO NE??",2,0.2263
86,1:26 Jin regretting himself for asking question to tae lol,1,0.0258
76,1:16 focus on Jungkook,0,0.0
37,0:37 proof that jimin is our little giant,5,0.0
25,"0:25 ÐºÐ°Ðº Ð±Ð¸Ð³Ñ…Ð¸Ñ‚ Ð·Ð°Ð¼Ð°Ð·Ð°Ð» Ñ‚ÐµÐ»ÐµÑ„Ð¾Ð½ REP MONSTERA ðŸ¤”
Ð­Ñ‚Ð¾ Ð¾Ñ‚Ð´ÐµÐ»ÑŒÐ½Ñ‹Ð¹ Ð²Ð¸Ð´ Ð¸ÑÑÐºÑƒÑÑ‚Ð²Ð° ðŸ˜‚ðŸ˜‚ðŸ˜‚ðŸ‘",1,0.2263
21,"0:21 Ð§Ð¾Ð½Ð³ÑƒÐº Ð¿Ð¾Ð¶Ð°Ð»ÑƒÐ¹ÑÑ‚Ð° Ñ€Ð°ÑÑÑ‚ÐµÐ³Ð½Ð¸ ÐµÑ‰Ñ‘ Ð¾Ð´Ð½Ñƒ Ð¿ÑƒÐ³Ð¾Ð²Ð¸Ñ†Ñƒ . 
Ð¯ Ñ‚ÐµÐ±Ñ Ð¿Ñ€Ð¾ÑˆÑƒ Ð¿Ð¾Ð¶Ð°Ð°Ð°Ð°Ð°Ð»ÑƒÐ¹ÑÑ‚Ð° .",1,0.2263
75,"1:15 Ø¹ÙØª ÙƒÙ„ Ø´ÙŠ Ùˆ Ø±ÙƒØ²Øª Ø¹Ù„Ù‰ Ø§Ù„Ø³ØªØ§Ù Ø§Ù„ÙŠ ÙŠÙ… ÙƒÙˆÙƒ ðŸŒš 










Ø­Ø¸ÙˆØ¸ ...",5,0.2263
101,"1:41 Ð¾Ð±ÑŠÑÐ½Ð¸Ñ‚Ðµ Ð¼Ð½Ðµ Ð¿Ð¾Ñ‡ÐµÐ¼Ñƒ ÑÑ‚Ð¾Ñ‚ Ð¾Ð¿ÐµÑ€Ð°Ñ‚Ð¾Ñ€ Ñ Ð·Ð°Ð´Ð¸ ÑÐ½Ð¸Ð¼Ð°ÐµÑ‚ ÐºÐ°Ðº Ð§Ð¾Ð½Ð³ÑƒÐº Ñ‡Ð¸ÑÑ‚Ð¸Ñ‚ Ð·ÑƒÐ±Ñ‹ , Ð¿Ð¾ÐºÐ° ÐµÐ³Ð¾ Ð¿Ð¾Ð¿Ñ€Ð°Ð²Ð»ÑÐµÑ‚ Ð´ÐµÐ²ÑƒÑˆÐºÐ° ÑÑ‚Ð°Ñ„. ?????? 
ÐœÑ‹ ÑƒÐ²Ð¸Ð´Ð¸Ð¼ ÑÑ‚Ð¾ Ð²Ð¸Ð´ÐµÐ¾ ???? 
Ð“Ð´Ðµ ÐµÐ³Ð¾ Ð¼Ð¾Ð¶Ð½Ð¾ Ð¿Ð¾ÑÐ¼Ð¾Ñ‚Ñ€ÐµÑ‚ÑŒ ????",1,0.2263
91,"1:31 ??? Ð§Ð¾Ð½Ð³ÑƒÐº Ñ‚Ñ‹ ÑÐ½Ð¾Ð²Ð° Ñ‡Ð¸ÑÑ‚Ð¸ÑˆÑŒ Ð·ÑƒÐ±Ñ‹ ??? 
ðŸ˜‚ðŸ˜‚ðŸ‘âœ¨ðŸ‘‘ðŸ’œðŸ‘‘ðŸ‘‘ðŸ‘‘ðŸ’œðŸ’œðŸ’œðŸ’œðŸ‘‘ðŸ’œðŸ‘‘ðŸ’œðŸ‘‘",1,0.2263
81,"1:21 Ð±Ð¾Ð¶Ðµ Ð¼Ð¾Ð¹ ÐºÐ°Ðº Ñ Ð·Ð°Ð²Ð¸Ð´ÑƒÑŽ ÑÑ‚Ð¾Ð¹ Ð´ÐµÐ²ÑƒÑˆÐºÐµ Ñ Ð·Ð°Ð´Ð¸ . 
ÐÐ¼Ð°Ñ‘ ÐºÐ°Ðº ÐµÐ¹ Ð¿Ð¾Ð²ÐµÐ·Ð»Ð¾ .",1,0.2263
102,1:42 jungkook eating a lolipop its so adorable ðŸ˜,0,0.2263
40,0:40 Salpok RM,1,0.2263
72,1:12 jungkook ðŸ˜‚ðŸ˜‚ðŸ­,0,0.2263
77,1:17 look at the backðŸ˜ Cuteee Kookie,0,0.4588
107,1:47 that girl is lucky in the back. she gets to see jungkook eat in person.,1,0.4215
36,0:36 Jimin Is actually tall....I was not ready.,182,-0.2755
73,1:13 mon maap saya sebagai jungkook stan cemburu woyyyyyyyyyyy!!!!!!!!!!,0,0.2263
39,0:39 Jimin actually looks so tall ðŸ˜­,2,-0.5209
78,1:18 Jungkook bending down so the lady of the staff can put makeup on him ðŸ’œ,0,0.6369
77,"1:17
Other : see V and Jin talk about flower
Me : watching JK and her together ðŸ˜­ ðŸ˜­ ðŸ˜­ ðŸ˜­",0,-0.8679
75,1:15 Jungkook and the staff are so cuteðŸ’œ how I wish I could be a makeup artist for them ðŸ˜”,14,0.9068
77,1:17 I want to ba a makeup noona. Bighit do u have any vacancies??ðŸ˜’ðŸ’”,0,0.4137
94,"1:34 Ø´Ù†Ùˆ ÙˆØ¶Ø¹ ÙƒÙˆÙƒ ÙˆÙŠ Ø§Ù„Ø¨Ù†ÙŠÙ‡ 

Ø²ÙˆØ¬Ø§Øª ÙƒÙˆÙƒ Ù„Ù„Ù‡ ÙŠØ¹ÙŠÙ†ÙƒÙ…",3,0.2263
24,"0:24 Jungkook is like a kid with Jin ..
Oldest member being sweet to his maknae..ðŸ˜ðŸ˜",22,0.2263
78,1:18 I wanna be a make up artist so bad ðŸ¥º,0,-0.6696
58,0:58 me awww-ing at Tae bringing the staff and JK drinks,3,0.3885
15,0:15 JK: at least he's giving me a massage ðŸ˜…ðŸ˜…ðŸ˜… that's how he like it..,0,0.886
78,1:18 to 1:46 Jungkook with his make-up artist at the back... She's so lucky,2,0.5598
77,1:17 Ø¬ÙˆÙ†ÙƒÙˆÙƒ Ù…Ø¹ Ø§Ù„Ø³ØªØ§Ø§Ø§ÙðŸ˜­ðŸ˜­ðŸ˜­ðŸ’”,4,0.2263
69,1:09 waaah this baby at the back is literally eating a lollipop.cuteeeeeee~~~,0,0.0
38,"0:38 JiMin si se ve alto.
1:17 JK se agacha para la maquillista
Todos son muy amables con el personal :')",0,0.2263
74,"1:14
Seok Jin:wouldn't this make two

The best pick up line I've ever heard.",21,0.6369
74,"1:14 this is a heart and soul proof from Jin Hyung...that V is a ""Flower""ðŸ˜‰ðŸ˜‰ðŸŒ¼ðŸŒ¼ðŸ’œ",6,0.8555
81,1:21Ù‡Ø§ÙŠ Ù„ØªÙ…ÙƒÙŠØ¬ jk. Ù†Ø±ÙØ²ØªÙ†ÙŠ Ø®Ù„Ùˆ Ø±ÙŠØ§Ø¬ÙŠÙ„ ØªÙ…ÙƒÙŠØ¬ÙƒÙ… Ù‚Ø­Ø· Ù„Ùˆ Ø§Ù„Ø§ Ù†Ø³ÙˆØ§Ù† Ø§Ø­Ù†Ù‡ Ù†ØºØ§Ø± ØªØ±Ù‡ Ø§Ù† Ø´Ø§Ø¡ Ø§Ù„Ù„Ù‡ ØªÙ…ÙˆØªÙ† Ø¨Ø§Ø¹ Ø´ÙˆÙ† Ù…ØªÙ‚Ø±Ø¨Ø§Øª Ø¹Ø§Ø¨Øª ØºØ³Ù„ ÙˆØ¬Ø¹ Ø§Ø³ØªØºÙØ±Ù„Ù„Ù‡ Ø§ÙÙ,4,0.2263
76,"1:16 Ø§ÙŠ ÙˆØ¶Ø¹ Ø§Ù„Ø¨Ù†Øª ÙˆØ±Ø§ Ù…Ø¹ Ø¬ÙˆÙ†ØºÙƒÙˆÙƒ ðŸŒšðŸŒšðŸŒšðŸŒšðŸŒšðŸŒšðŸŒšðŸŒšðŸŒšðŸŒšðŸ’”
Ø§Ø±Ù…ÙŠÙŠÙŠÙŠ Ø¹Ø±Ø±Ø±Ø¨",2,0.2263
75,"1:15
Others: ""V is indeed a flower together with Jin,They're so cute""
Me as a Jungkook stan: ""I envy that stylist unnie :( """,0,-0.0345
65,1:05 Jimin comiendo su fresita de forma tan tiny ðŸ˜ðŸ’œ,0,0.2263
41,0:41 THAT LAUGHH SKKEKSK,0,0.0
78,1:18 at back Jungkookie bending down so his makeup artist didnâ€™t have a hard timeðŸ¥ºitâ€™s adorable,46,0.4215
67,"1:07 the 1:16
Lol ðŸ˜¹ðŸ˜¹ðŸ˜¹",0,0.8885
76,1:16 *the background* what percentage lucky are you supposed to be to get that job ðŸ˜¢,0,-0.0772
18,0:18 Ø­Ø§Ø·ÙŠÙ† ØªØ´ÙÙŠØ± Ø¹Ù„Ù‰ Ù…ÙˆØ¨Ø§ÙŠÙ„ Ù†Ø§Ù…Ø¬ÙˆÙ† Ø§ÙƒÙŠØ¯ Ø§ÙŠÙÙˆÙ†ðŸ˜‚ðŸ’”.,1,0.2263
1,0:01 ì®€í™‰ ê°œì‹¬ì¿µâ™¥ï¸,0,0.2263
58,0:58 *omg look at taehyung in the back bringing food for his bff babie bear so so sweet* >â™¡<)/,2,0.8448
107,1:47 Jungkook in the back eating a lollipop cute ðŸ’œðŸ’œðŸ˜‚ðŸ˜‚,0,0.9531
77,"1:17 look at JK he adjust his height with make up artist noona....
plzzzz that's so cute",0,0.7579
110,1:50 ðŸ˜‚ðŸ˜‚ðŸ˜‚ðŸ˜‚yes you are,0,0.2263
37,0:37 look at that the mitche wookðŸ˜­ðŸ˜­ðŸ˜­,0,-0.8519
8,0:08 oh may guod you are beby boy ðŸ˜¢ðŸ˜¢ðŸ˜¢ðŸ˜¢i love you uuu uuu uuu,0,0.2263
78,1:18 stylish noona im jealous of you,0,-0.4588
64,1:04 a strawberry eating another strawberry,0,0.0
67,1:07  Jungkook and his stylist behind v and jin!  i baldy need that job ðŸ˜­ðŸ˜,0,-0.1007
81,1:21 He truly is our blue flower ðŸ’™ I love him so much :),0,0.939
36,0:36 u see Jimin? observe that and call him TINY CHIM again.,1,0.0
75,1:15 the way Kookie in the back stooped for the makeup artist so she could reach his face better cuz she is short. OMG ðŸ¥°ðŸ˜ A whole man!,3,0.9307
45,0:45 THE BEST COUPLE EVERRRRR,1,0.7125
40,0:40 my JINKOOK is so REALLLLLLL,1,0.0
35,0:35 Look how sweet they are! I wanna cry because of Jinkookkkkk,6,-0.1007
31,0:31 the best couple in my heart!!!,1,0.8827
77,1:17 KOOKIE & STYLIST..... So Frikkin Cute ðŸ˜,0,0.2263
68,"1:08: look at our adorable kookie enjoying his lollipop uwu

armys: ""i want to be that lollipop""

1:32: hairstylist noona putting lip balm (?) on kookie

armys: ""i want to that noona. ah, changed my mind. i want to be that lip balm""",28,0.8176
45,0:45 Ð¼Ð¾Ð¹ ÑƒÑ€Ð¾Ð²ÐµÐ½ÑŒ Ð¼Ð°ÑÑÐ°Ð¶Ð°ðŸ˜¹,0,0.2263
76,"1:16 how kind jungkook is he got down so the staff can reach him


Excuse me for my english",0,0.5859
77,1:17 when jk crouched down to her level I died ðŸ˜­â˜ ï¸â˜ ï¸,0,-0.7003
78,1:18 me focus on kookie in background,0,0.0
26,0:26 did they really blur out namjoons iphone LMAOOO,21,0.0
78,1:18 Kookie ðŸ™‚ðŸ’”ðŸ’”ðŸ˜­ðŸ¥º,2,0.2263
57,"0:57 V : bringing Jimin food
Me : ðŸ˜­ðŸ˜
Yeah... Soulmate thing...
He gave to jk and staff too...
He is really precious...",16,0.8977
57,0:57 AWWWWW TAEHYUNG IN THE BACK GIVING DRINKS TO JIMIN AND STAFF MEMBERS ðŸ¥ºðŸ¥ºðŸ¥ºðŸ¥ºðŸ¥ºðŸ¥ºðŸ¥ºðŸ¥ºðŸ¥ºðŸ¥ºðŸ¥º IM GONNA COMBUST-,18,0.4824
107,1:47 salfok sama yang di belakang,0,0.2263
102,1:42 jk enjoying lollipop ðŸ˜ðŸ˜ðŸ˜ðŸ’œðŸ’œðŸ’œðŸ’œ,0,0.2263
65,1:05 ìš°ë¦¬ ì§€ë¯¼ì´ (our jimin),1,0.2263
30,"0:30  mom: jin
Babe: kok",0,0.2263
77,1:17 å¥¥ã§ãƒ¡ã‚¤ã‚¯ç›´ã—ã—ã¦ã‚‚ã‚‰ã£ã¦ã‚‹ã‚°ã‚¯ãŒã€ãƒ¡ã‚¤ã‚¯ã•ã‚“ã®èƒŒã«åˆã‚ã›ã¦è‡ªåˆ†ã‚‚èƒŒä½Žãã—ãŸã®ãŒå¯æ„›ã„ã€‚ã€‚è‰¯ã„å­â˜ºï¸,1,0.2263
101,1:41 no one is talking how cute jungkookie is when he is eating that lollipop,70,0.2023
78,1:18 The way the girl stood up more just to reach jungkook and jungkook came down a little so the staff won't feel difficulty because he was too tall was the cutest thing,62,0.7351
45,"0:45 
Sasaengs in the airport when they see BTS be like:",1,0.3612
3,0:03J_OOOOPPPEEEEEðŸ˜­ðŸ˜­ðŸ˜­ðŸ˜­ðŸ’•love you ðŸ‡¸ðŸ‡¦ðŸ’œ,1,0.2263
78,1:18 knp gw harus salpok sama jeka si anjingðŸ˜­ðŸ˜­,0,0.2263
79,1:19  ÙƒÙŠÙ Ø§Ù‚ØªÙ„ Ø§Ù„Ø¨Ù†Øª ØŸðŸ’”ðŸ”ªðŸ˜­,3,0.2263
75,1:15 ......1:46 who is this girl koookkyaaaah my heart hurt me this is girl sooo lucky ...........TOT,1,0.5574
43,0:43 JINKOOK is realllllll ðŸ˜­ðŸ˜­,0,-0.7351
75,"1:15 Three Flowers I guessðŸ’œðŸ’œ
Jin gives compliment to V
I like tht ðŸ’œðŸ˜ðŸ˜ðŸ˜ðŸ˜",25,0.9837
90,"1:30Ø¯Ù‚ÙŠÙ‚Ø©
Ù…ÙŠÙ† Ù‡Ù†Ø§ Ø³Ø§Ø¨ ØªØ§Ù‰ Ùˆ Ø¬ÙŠÙ† Ùˆ Ø±ÙƒØ² Ø¹Ù„Ù‰ Ø¬ÙˆÙ†ØºÙƒÙˆÙƒ ÙˆØ±Ø§ðŸ™‚",3,0.2263
78,1:18 junkook Slightly lowered so the make up artist can work easly ðŸ˜­ðŸ˜­ðŸ˜­ðŸ˜­,2,-0.9119
80,1:20 i love blue and rose....... So love blue rose ðŸ˜»ðŸ’™ðŸŒ·,1,0.9569
96,1:36 I wish I was that girl that Jungkook who talks toâ€“ ðŸ˜‚,0,0.6808
96,"1:36 Ø§Ù†Ø¸Ø±Ùˆ Ø§Ù„Ù‰ Ø§Ù„Ø­Ù‚ÙŠØ±Ø© Ù„ÙŠ Ù…Ø¹ Ø¬ÙˆÙ†ØºÙƒÙˆÙƒ 
1:46 ÙƒØ§Ù†Øª ØªØ¶Ø­Ùƒ Ù…Ø¹Ø§Ù‡ .Ø§Ù„Ø¨Ù†Øª Ù†Ø³Øª Ø­Ø§Ù„Ù‡Ø§",3,0.2263
88,1:28 Tae you are the most beautiful flower I have ever seen in my life!!!ðŸ˜­ðŸ˜­ðŸ˜­ðŸ˜­ I love you so much and I PURPLE YOU MY LOVE.ðŸ’œðŸ’œðŸ’œðŸ’˜ðŸ’˜ðŸ’˜ðŸ’˜,4,0.9884
104,"1:44 
RJ is everywhere. ðŸ’œðŸ’œ",0,0.8555
102,1:42 jungkook ðŸ’œðŸ’œðŸ’œðŸ’œðŸ’œðŸ’œðŸ’œðŸ˜‹,1,0.2263
77,1:17 Ù‡ÙŠÙŠÙŠÙŠ ÙˆØ®Ø±ÙŠ Ø¹Ù† ÙƒÙˆÙƒÙŠðŸ˜‚ Ù„Ùˆ ØµØ¯ÙŠÙ‚ØªÙŠ Ø´Ø§ÙØªÙƒ Ø¨ ØªÙ‚ØªÙ„Ùƒ Ø§Ù„Ø¢Ù† Ø¨Ø§ÙŠØ³Ù‡Ø§ ÙƒÙˆÙƒ Ø§Ù†Ø§ Ù…Ùˆ Ø¨Ø§ÙŠØ³ÙŠ ÙƒÙˆÙƒ Ø¨Ø³ Ø§ÙˆÙƒâ˜º ÙˆÙŠÙ† ÙƒÙˆÙƒ Ø³ØªØ§Ù† ðŸ˜‚ðŸ˜‚,1,0.2263
2,0:02 hOW TO BE STYLIST NOONA?!,0,0.2263
102,1:42 jungkook's little áµƒâ¿â¿Ê¸áµ‰áµ’â¿áµÊ°áµƒË¢áµ‰Ê¸áµ’,0,0.2263
67,"1:07 
Taejin got two moods
1) Jin complimenting Taehyung as a flower ðŸŒ¹
2) Tae teasing Jin when he was asked to tell the viewers about the complimentðŸ˜‚",4,0.8402
42,0:42 this camera person is new at their work. They zoomed in too much and the lens went a little out of focus. They were probably learning and BigHit decided to use the video to encourage the newbie too,0,0.5106
63,"1:03 Nothing but...
Jimin casually eating a strawberry 

My mind: (in hobi's voice) strawberry,berry uWu",0,-0.1967
67,1:07 the most beautiful and adorable flower I've ever seen.. love you so much taeee,0,0.9162
37,0:37 when I realised that Jimin really should stop complaining about being short. ðŸ˜ Just look at the average male height around him ðŸ¤£,17,-0.088
101,1:41 no one is talking how cute jungkookie is when he is eating that lollipop,3,0.2023
76,"1:16  pareciera que jungkook se besa con la maquillista JAJAJJA :""v",1,0.2263
19,0:19 JINKOOK eraaaaaaa ðŸ˜­ðŸ˜­,1,0.2263
72,1:12 when jungkook lowered down for the makeup artist ðŸ’€,4,-0.128
100,"1:40 Jin is us rethinking about our life's decisions.
TaeJin is unbeatable to another level!",10,0.0
106,1:46 the moment that ever wished by ARMY,0,0.0
73,"1:13
Jinnie and Tae : arguing in the front
Then there's Kookie .... *Counting flies in the background* ...   *1 2 3 4 ... yeah that's it* ðŸ˜‚",0,0.2732
56,"0:56 Meanwhile Jungkook is satisfied with Jin's ""delicate"" massage
Meanwhile Jin: 0:57 - 0:58

Im totally for this hyung and maknae relationship and friendship.",0,0.7096
100,1:40 Baby Jungkook eats lollipop in the back,1,0.0
99,"1:39Ð¯ Ð½Ðµ Ð·Ð½Ð°ÑŽ, Ð¿Ð¾Ñ‡ÐµÐ¼Ñƒ Ñ‚Ð°ÐºÐ¾Ð¹ Ð”Ð¶Ð¸Ð½ Ð¼ÐµÐ½Ñ Ñ‚Ð°Ðº Ð·Ð°Ñ†ÐµÐ¿Ð¸Ð»,Ð½Ð¾ ÐšÐÐšÐžÐ™ ÐžÐ ÐœÐ˜Ð›Ð«Ð™, Ð¢ÐÐšÐžÐ™ Ð’Ð•Ð¡Ð¬ Ð¡ÐœÐ˜Ð Ð•ÐÐÐ«Ð™Â¿ Ð·Ñ…Ð°Ð·Ð°
Ð¯ ÐºÐ¾Ð½ÐºÑ€ÐµÑ‚Ð½Ð¾ Ð²ÐºÑ€Ð°ÑˆÐ¸Ð»Ð°ÑÑŒ Ð² WWHðŸ—¿",6,0.2263
85,1:25 I instead focused on Jungkook and staffðŸ™‚,0,0.6494
121,"2:01 of video smiling throughout the video and I am sure I will be happy rest of the day, they made my day",1,0.8402
2,"0:02 That was the most cutest thing i have ever seen, Hobi ðŸ¥º we need to protect him at all cost",6,0.7713
78,1:18 look how Jungkook lowers to allow the girl to put make up on him,0,0.1027
64,"1:04 Ù…Ø§ ÙƒØªÙ„Ù†ÙŠ ØºÙŠØ± Ø¬ÙŠÙ…ÙŠÙ† Ø´ÙƒØ§Ø¹Ø¯ ÙŠØ³ÙˆÙŠ 
ðŸ¤£ðŸ˜…ðŸ‘ŒðŸ˜¹ðŸ˜¸ðŸ˜ºðŸ¥°",8,0.2263
4,"0:04 Hobi so cute ðŸ¤§.and Joonie so cool ðŸ¤§ 
Jinie so funny ðŸ¤£. 
Kookie ðŸ¥º Taehyung ðŸ¤§",6,0.93
77,"1:17

ðŸ¹ : *tells a compliment* 
""Can u tell them how awesome that was?""

ðŸ¯ : ...
""Guys I'm a blue rose"" :D

ðŸ¹ : ...ðŸ‘ðŸ‘„ðŸ‘""No I mean my compliment-""",8,0.9364
2,"0:02
 am i the only one noticed ""THAT"" ?!! :<<",1,0.0
84,1:24 JIMIN MOANS?????? wtf idk,0,0.2263
109,1:49 why is he pointing at me ðŸ˜©,0,-0.2732
78,"1:18 Jin : Can you say to the camera how awesome that was ?â˜º
Taetae : Everyone, I'm Blue Rose

Omg TaeðŸ˜‚ðŸ˜‚ðŸ˜‚",13,0.9413
55,"0:55
ØªØ§ÙŠ Ù„Ø·ÙŠÙ Ø§Ù†Ù‡ ÙŠØ¹Ø·ÙŠ Ø§Ù„Ø§Ø¹Ø¶Ø§Ø¡ ÙˆØ§Ù„Ø¹Ø§Ù…Ù„ÙŠÙ† Ø§Ù„ÙØ±Ø§ÙˆÙ„Ø© Ù„ÙƒÙ†




Ù„Ù…Ø§Ø°Ø§ Ù„Ù… ØªØ¹Ø·Ù†ÙŠ ÙˆØ§Ø­Ø¯Ø© ðŸ’œðŸ“",5,0.2263
73,1:13 smooth~ðŸ˜…â£ï¸,0,0.7717
26,"0:26 Namjoon oppa using iphone
Bighit :blur the phone ðŸ˜†",4,0.3612
77,1:17 I jealous of that female staff ðŸ˜­ðŸ˜­but I am not hating her,1,-0.7578
55,"0:55
ØªØ§ÙŠ Ù„Ø·ÙŠÙ Ø§Ù†Ù‡ ÙŠØ¹Ø·ÙŠ Ø§Ù„Ø§Ø¹Ø¶Ø§Ø¡ ÙˆØ§Ù„Ø³ØªØ§Ù Ø§Ù„ÙØ±Ø§ÙˆÙ„Ø© Ù„ÙƒÙ†



Ù„Ù…Ø§Ø°Ø§ Ù„Ù… ØªØ¹Ø·Ù†ÙŠ ÙˆØ§Ø­Ø¯Ø© ðŸ’œðŸ“",1,0.2263
86,1:26. Ø´ÙˆÙÙˆ. Ø§Ù„Ø¨Ù†Øª ÙƒÙŠÙ Ø¢Ø®Ø°Ù‡ Ø±Ø§Ø­ØªÙ‡Ø§ Ù…Ø¹ ÙƒÙˆÙƒðŸ˜­ðŸ˜­ Ø§Ù†Ø§ Ù„Ùˆ Ù…ÙƒØ§Ù†Ù‡Ø§ ØªÙ„Ù‚ÙˆÙ†ÙŠ Ø§Ù„Ø­ÙŠÙ† Ù…ÙŠØªÙ‡,1,0.2263
105,1:45 i'm so jealous hahaha,0,0.2263
112,1:52 The prettiest flower in the whole universe ðŸ’™ðŸ˜™,0,0.9393
13,0:13 kookies smileðŸ˜ðŸ˜I'm in love,0,0.2263
85,1:25 Me searching on google how to be a stylist noona.,1,0.0
18,"0:18
Ð¯ ÐÐ• Ð”Ð–Ð˜ÐÐ“Ð£ÐšÐ•Ð 
Ð¯ ÐÐ• Ð”Ð–Ð˜ÐÐ“Ð£ÐšÐ•Ð 
Ð¯ ÐÐ• Ð”Ð–Ð˜ÐÐ“Ð£ÐšÐ•Ð 
Ð¯ ÐÐ• Ð”Ð–Ð˜ÐÐ“Ð£ÐšÐ•Ð 
Ð¯ Ð’Ð•Ð”Ð¬ ÐÐ• Ð”Ð–Ð˜ÐÐ“Ð£ÐšÐ•Ð ?",2,0.2263
55,0:55 Taehyung was giving strawberries to staff and members on the set. He's so sweet and thoughtful,0,0.8454
58,0:58 Taehyung was giving strawberries to staff and members on the set. He's so sweet and thoughtful,20,0.8454
57,0:57 Taehyung was giving strawberries to staff and members on the set. He's so sweet and thoughtful,14,0.8454
56,0:56 Taehyung was giving strawberries to staff and members on the set. He's so sweet and thoughtful,5,0.8454
75,1:15 taeâ€™s face after receiving that compliment is what I live for,31,0.4767
102,1:42 I SEE YOU JKðŸ˜³,0,0.2263
78,"1:18
Ð—Ð°Ð´Ð½Ð¸Ð¹ Ð¿Ð»Ð°Ð½ Ð²ÑÐµÐ³Ð´Ð° Ð¸Ð½Ñ‚ÐµÑ€ÐµÑÐ½ÐµÐµ, Ð§Ð¾Ð½Ð³ÑƒÐº ÐµÑÑ‚ Ð»ÐµÐ´ÐµÐ½ÐµÑ†, Ð° Ð´ÐµÐ²ÑƒÑˆÐºÐ° - ÑÑ‚Ð°Ñ„Ñ„ ÐµÐ³Ð¾ ÐºÑ€Ð°ÑÐ¸Ñ‚....",9,0.2263
107,"1:47 kookie at the back so cute eating lollipopðŸ˜ðŸ˜ðŸ˜ðŸ˜ 
Jin most handsome and cuteðŸ˜ŠðŸ˜ŠðŸ˜ŠðŸ˜˜ caretakerðŸ˜ðŸ˜ðŸ˜only BTS can haveðŸ˜˜ðŸ˜˜",1,0.9951
14,0:14 Jk im dying ðŸ˜ˆ,0,0.2263
62,"1:02
ÐžÐ¾Ð¾Ð¾Ð¾Ð¾, Ð‘ÐžÐžÐžÐ–Ð•Ð•Ð•, Ñ‚Ð¾ ÐºÐ°Ðº SEXY Ð§Ð¸Ð¼Ð¸Ð½ ÐµÑÑ‚ ÑÑ‚Ñƒ ÐºÐ»ÑƒÐ±Ð½Ð¸ÐºÑƒ ÑÑ‚Ð¾ Ð¿Ñ€Ð¾ÑÑ‚Ð¾, Ð’ÐÐ£..... 
ðŸ—¿ðŸ˜ðŸ”¥ðŸ’¦",14,0.2263
48,"0:48
JK be like wtf Hyung? Everyone is looking at us now.. You call this relaxing? Seriously, why the eff are you massaging me so rough like I'm a pizza dough?! 
1:13 Smooth.... xD 
1:34 V you lil tease. You made Jin lose faith in humanity again. Like for reals why does it feel like Jin was thinking of strangling V like Homer does to Bart.",0,0.9441
77,"1:17 koo did the manner leg to bighit noona who fixes his makeup ðŸ˜­ im okhAYðŸ˜­ðŸ‘ðŸ»ðŸ‘ðŸ»ðŸ‘ðŸ»

Bighit how do i apply for that job being his noona too?ðŸ˜­",0,-0.8519
76,1:16 Ù‡ÙŠÙŠÙŠÙŠ Ø´Ù‚Ø§Ø¹Ø¯Ù‡ ØªØ³ÙˆÙŠ Ø°ÙŠÙƒ Ù…Ø¹ ÙƒÙˆÙƒðŸ˜­ðŸ˜­ðŸ˜­ðŸ˜­,1,0.2263
21,0:21 Did they just blurred RM's phone? Jajaja,0,0.0
90,1:30 why m I jealous of that girl behind with jungkookðŸ™„ðŸ¤ðŸ˜ðŸ˜­,0,-0.7269
85,"1:25 She's so lucky, cant relate",1,0.5598
62,"1:02 Um Jin can Iâ€”
Can I get one too pleaseðŸ™‹ðŸ½â€â™€ï¸",5,0.6705
115,1:55 Jk with lollipop....BunnyðŸ°,0,0.2263
82,1:22 Unnie putting lipstick to Jungkook. ðŸ˜,0,0.4588
74,1:14 TaeJin Nation ðŸ˜ðŸ”¥,1,0.1531
57,0:57 taetae brings strawberries.... So sweet ðŸ˜­,1,0.2263
121,2:01 minutes video become longer when I watch it ... cuz I keep on going back to focus on every member at the back too,0,0.0
78,1:18 Quisiera ser maquilladora para tenerlo asi de cerca a jk:(,1,0.2263
72,1:12JUNGKOOKKKKKKðŸ˜ªðŸ˜ªðŸ˜­ðŸ˜­,1,0.2263
93,"1:33till end ""I WANNA BE MAKE UP ARTIST~ SO FREAKING BAD~""ðŸ˜‚ðŸ˜‚ðŸ˜‚",1,-0.6068
73,"1:13
Jinnie and Tae : arguing in the front
Then there's Kookie .... *Counting flies in the background* ...   *1 2 3 4 ... yeah that's it* ðŸ˜‚",3,0.2732
78,1:18 Ð§Ð¾Ð½ Ð“ÑƒÐº Ð¾Ð¿Ð¿Ð° Ñ‚Ñ‹ Ñ€Ð°Ð·Ð±Ð¸Ð» Ð¼Ð½Ðµ ÑÐµÑ€Ð´Ñ†Ðµ,2,0.2263
89,1:29 the disappointment in Jins face PAHAHAHA,0,-0.5106
85,1:25 btw yg dibelakang ngapain tuhh,0,0.2263
73,"1:13 ""Â¿No serÃ­a esta la segunda?""

JAJAJA, todo un galÃ¡n Jin",0,0.2263
78,1:18 i love how jk bend low for to help staff to put makeup on...,1,0.7717
43,0:43 Ø¬Ø¹Ù„Ù†ÙŠ ÙƒÙˆÙƒÙŠ,2,0.2263
105,"1:45 the girl is doing kooie's makeup and kookie is talking with her 
Aahhhh....it's melting meeeeðŸ’œðŸ’œðŸ’œðŸ’œðŸ’œðŸ’œðŸ˜­ðŸ˜­ðŸ˜­ðŸ˜­ðŸ˜­ðŸ˜­ðŸ˜­ðŸ˜­ðŸ˜­",0,0.2263
78,1:18 jk have to make himself small so stylist noona can reach him hahahhaa,0,0.25
72,1:12 seokjin asked taehyung about his outfit and he thought the second flower was taehyungâ€™s face. seokjin being smooth,0,0.0
101,1:41 Ms. staff and Jungkook ðŸ˜­ðŸ˜­ðŸ¤§,1,0.2263
69,1:09 seokjin asked taehyung about his outfit and he thought the second flower was taehyungâ€™s face. seokjin being smooth,0,0.0
57,0:57 tae with his precious strawberries,1,0.5719
108,1:48 Isn't it cheese?,0,0.2263
99,"1:39...
I am looking at jk and the stuff instead of jin and VðŸ˜‚ðŸ˜‚",0,0.7717
72,1:12 jk,0,0.2263
38,"0:38  
what? it's just tom massaging jerry so he won't break another plate...",0,0.0
3,0:03 stylist noona is winning,0,0.743
73,1:13 that little soft hand gesture made me explode,3,0.4445
79,"1:19
Wow the make up artist was lucky to work in BTS/BIG HIT ENT. :)",0,0.8625
18,0:18 can someone tell me what is joonie doing?ðŸ¤£ðŸ¤£ðŸ¤£ðŸ¤£ðŸ¤£ðŸ¤£ðŸ¤£,0,0.9698
38,0:38 ok just look at the jimin height behind... He is tall,0,0.296
74,"1:14 







R.I.P me ! 
I'm dead!!! XD",0,0.2263
71,"1:11 
I wanna be jk's makeup artist",1,0.2263
78,1:18 and 1:20 jungkook had do kinda squat for the girl to touch up his make up because she was short and sanding on her tip toes aww ðŸ˜Š ðŸ¥º,1,0.7184
37,0:37 I just realise Jimin is actually not a little mochi. Look how tall he is comparing with other staffs =))),33,0.0
52,0:52 lmao those bright neon shoes caught me off guardðŸ˜‚,1,0.8658
35,0:35 my baby is coming ðŸ¥°ðŸ¥°,1,0.9393
77,1:17 aww the staff had stand on her toes to reach jungkook's face so he bent down to her level uwu I'm crying,6,-0.4588
105,"1:45 I died, imagine if you are that girl talking to Jungkook.",4,-0.5574
90,"1:30 
Lol !! Jk is eating a *lollipop* in the background!",0,0.6784
1,"0:01 ÐºÐ°Ð¶ÐµÑ‚ÑÑ,ÐµÐ³Ð¾ Ñ€ÑƒÐºÐ¸ Ð¶Ð¸Ð²ÑƒÑ‚ Ð¾Ñ‚Ð´ÐµÐ»ÑŒÐ½Ð¾Ð¹ Ð¶Ð¸Ð·Ð½ÑŒÑŽðŸ—¿",2,0.2263
76,1:16 that stylist in the back is living every Army's dream,34,0.25
105,"1:45 girls don't need boyfriends, girls need Jin to stare at them the way he stared at Tae ;D",0,0.368
56,0:56 yeah yeah.. d e l i c a t e   M a s s a g e,0,0.2263
19,0:19 i don't even know who i would want to be there: Jin or Jungkook ã…‹ã…‹ã…‹ã…‹ã…‹ã…‹ã…‹,0,0.0772
62,"1:02

Why no one is talking about Jimin eating strawberry???",0,-0.4098
77,"1:17 jungkook bending down a little so that the makeup artist could reach,, 
ðŸ˜­ðŸ˜­ðŸ˜­",10,-0.8481
56,"0:56 ""delicate massage"" ðŸ¤£ðŸ¤£ðŸ¤£ðŸ¤£ðŸ¤­ðŸ¤­ðŸ¤­
Yeah indeed its a DeLiCaTe MaSsAgE for our kookie ðŸ¤£",0,0.9803
74,1:14 omg its so cute how jungkook lowered down even after the makeup artist tip toed to fix his make up,0,0.5214
85,1:25 she is holding THE jungkook.... How to apply for this jobðŸ˜­,0,-0.4767
103,1:43 Jungkook in the back reminds us of how tall he is,0,0.0
76,"1:16
Koo was too tall for the makeup artist to do his makeup, so he bent a bit. My lil kookie is soo cute and caring someone pls protec him!!!!!!!!!!",3,0.8257
104,1:44 i'm wondering how tall JK irlðŸ˜¶,0,0.3885
109,1:49 ack taehyungiieeeðŸ˜ðŸ’œ,0,0.2263
13,"0:13 yo tratando de seducir a mi oppa cuando llegue a Corea ðŸ˜

Jin: sientate bb te voy a dar un lindo e inocente masaje ðŸ˜ðŸ˜„ðŸ˜

Jungkook:(por dentro)
ðŸ˜ðŸ˜“ðŸ˜

Jin: tu sientate que no te voy a violar o si ðŸ˜ okno xd pero tu tranquiloðŸ˜³

Jungkook:  buuueeeno ðŸ˜ ya que insistes tanto ðŸ˜ŒðŸ˜ðŸ˜¢ðŸ˜ðŸ™ 

Okno xdxd ðŸ˜… asÃ­ lo veo yo ðŸ˜‰ 

Pd: que chulos se ven mis chamacosðŸ˜¢ðŸ˜ƒðŸ˜‰ðŸ˜ðŸ˜ðŸ˜†b",0,0.2263
64,"1:04
Jimin eating strawberry ðŸ¤§",1,0.0
73,1:13 Jungkook he is a baby~~~,1,0.0
106,1:46 *ahhem* *ahhem* jungkook *ahhem* *ahhem*,1,0.2263
25,0:25 they did not just blur out the fact that namjoon is on his phone lmaooo,3,0.0
63,1:03 jimin in background UwU,3,0.0
17,"0:17 que bonito ver que no se anden peleando cabrones : "")",0,0.2263
77,1:17 my heartðŸ˜­ðŸ˜­,0,-0.25
77,1:17 Kookie being small so that Noona can put him the gloss.,7,0.0
93,1:33 ðŸ˜­ðŸ˜­ðŸ˜­ðŸ˜­ I wanna be that girl who put liplus to Jk ðŸ¥ºðŸ¥ºðŸ¥ºðŸ¥ºðŸ¥ºðŸ’œðŸ’œðŸ’œðŸ’œ,0,0.8074
79,1:19 for a moment i got shocked and my heart skipped 6272748484949 beats. I mean look at Jungkook behind Jin and V,0,0.4404
87,1:27 all I can focus on is JK flirting with the stylist in the back,0,0.5319
48,0:48 aferin jin kardeÅŸine maÅŸaz yap canÄ±m biasÄ±m ( JÄ°N) YERÄ°M SENÄ° BENðŸ‘‰ðŸ’•,1,0.2263
100,1:40 This lucky girl next to jk ðŸ¥º,0,0.5719
102,1:42 how to be a lollipop??,0,0.0
105,"1:45 
she is so luuuuccccckkkyyyyy.",1,0.2263
76,1:16 jungkook be eating lollipopsðŸ‘€,0,0.2263
78,1:18 jungkook lowering himself a bit so the stylist can reach better ðŸ¥ºðŸ¥ºðŸ¥º,0,0.25
37,0:37 jimin looks so tall next to the people in the back omg,0,0.0
100,1:40 this blue flower is soooooo unique ðŸ˜ŽðŸ˜ŽðŸ˜ŽðŸ˜Ž taehyung oppa ðŸ’œðŸ‡®ðŸ‡³ðŸ‡®ðŸ‡³ðŸ‡®ðŸ‡³ðŸ‡®ðŸ‡³ðŸ‡®ðŸ‡³ðŸ‡®ðŸ‡³ðŸ‡®ðŸ‡³ðŸ‡®ðŸ‡³ðŸ‡®ðŸ‡³ðŸ‡®ðŸ‡³,1,0.9001
35,"0:35
OUR CHIM CHIM ISN'T SMALL ANYMORE",0,0.0
111,1:51 taeðŸ™ŠðŸ˜ðŸ‘‘ðŸ’•ðŸŒ¸,0,0.2263
76,"1:16
NOBODY AIN'T GONNA TELL ME HOW CUTE THE STAFF MEMBER AND JUNGKOOK INTERACTED?!!?
The staff member went on her tiptoes because she is short compared to jungkook and jungkook bent dOWN A LITTLE AND AND... nobody talk to me I'm soft.",0,0.6885
190,"3:10am
LOS AMITO AH TODOSâ¤",1,0.2263
101,1:41 staring at jungkook :'),0,0.2263
77,1:17 the noona tiptoed in the back and kookie bended his knees a bit so she could do the makeup ðŸ˜‚ðŸ˜‚,2,0.7003
78,1:18 wrong focus when jungkook lowered body position while in grooming coordi noona,3,-0.5574
103,"1:43 ÙˆØ´ ØªØ³ÙˆÙŠ Ù…Ø¹ ÙƒÙˆÙƒÙŠ Ù„Ø§ ÙˆØªØ¶Ø­Ùƒ Ù…Ø¹Ù‡ ÙˆÙ„Ø§ØµÙ‚Ù‡ ÙÙŠÙ‡ Ø¨Ø¹Ø¯




Ø£ÙŠÙ† Ø§Ù†ØªÙ… ÙƒÙˆÙƒ Ø³ØªØ§Ù† Ù„Ù†Ù‚ØªÙ„Ù‡Ø§ ðŸ¤¯ðŸ˜–ðŸ˜©",0,0.2263
91,1:31 That is how short i will look infront of jiminie only...How much more short will i look infront of jungkook or the tallest...Rm???,1,0.0
36,0:36 did anyone notice jimin at the back looking tall than everyone there  i-,0,0.0
81,"1:21
V : i m blue rose
Me: jin then ur a purple rose",1,0.0
104,1:44 JUNGKOOKâ€™S EATING A LOLLIPOP (Â´Â°Ì¥Ì¥Ì¥Ì¥Ì¥Ì¥Ì¥Ì¥Ï‰Â°Ì¥Ì¥Ì¥Ì¥Ì¥Ì¥Ì¥Ì¥ï½€),1,0.0
30,0:30 Do yâ€™all see how wide Taehyungâ€™s shoulders areðŸ˜²ðŸ˜³,1,0.3818
33,"0:33 
looked at namjoon and taehyungðŸ’œðŸ¥",1,0.2263
19,0:19 I thought Rm was smokingðŸ¤£ðŸ’œ,0,0.8126
97,1:37 Ø¨Ù†Ø§ØªØªØªØª Ø´ÙˆÙÙˆØ§ ÙˆØ±Ø§ ÙƒÙˆÙƒ Ùˆ Ø§Ù„Ø³ØªØ§Ù ðŸ˜­ðŸ˜‚ðŸ˜‚ðŸ˜‚,1,0.2263
88,1:28 Jinâ€™s mind: donâ€™t test me bratâ—ï¸â—ï¸,0,0.0
57,"0:57
*subtitles* : Â«Â [Jungkook is satisfied with Jin's *delicate* massage]Â Â»
Jin : ðŸ° ðŸ¥Š ðŸ¥Š 
*delicate*
Me: ðŸ‘ðŸ‘„ðŸ‘",31,0.4939
120,2:00 how to be stylish noonaðŸ™‚,0,0.4033
90,"1:30
jk lam dead  ðŸ’”ðŸ’”ðŸ’”",0,0.2263
68,1:08 How the lights reflected on Jin's hair and it made it purple... I miss purple hair Jin,0,-0.1531
79,1:19 Ate masarap?,0,0.2263
78,1:18 look at jungkook he is so cute â™¥â™¥,0,0.9266
78,1:18 that girl doing jungkooks makeup is the luckiest person on earth.,12,0.5994
66,1:06 Ñ ÐºÐ¾Ñ‚Ð¾Ñ€Ð°Ñ ÑÐ¼Ð¾Ñ‚Ñ€ÐµÐ»Ð° Ð½Ð° Ñ‡Ð¾Ð½Ð³ÑƒÐºÐ°,0,0.2263
77,1:17 Ø´ÙØªÙˆØ§ ÙƒÙŠÙ ÙƒÙˆÙƒ Ù†Ø²Ù„ Ù„Ù„Ø¨Ù†Øª Ù„Ø§Ù†Ù‡Ø§ Ù‚ØµÙŠØ±Ù‡ Ø¹Ø§Ø§Ø§,0,0.2263
11,0:11 í˜¸ë¹„ ì´ë ‡ê²Œ ì›ƒì„ë•Œë§ˆë‹¤ ë‚´ ë§ˆìŒ ë»ë ì³ì„œ ë¯¸êµ­ê¹Œì§€ ê°”ë‹¤ì˜¤ìž–ì•„ã… ,0,0.2263
36,0:36 JIMIN IS TALL Y'ALL,0,0.0
125,2:05 de la madrugada y sigo despierta y me dormirÃ© feliz ðŸ˜,2,0.2263
51,"0:51 RM's shoes is lighting
Wow!!!",0,0.6884
75,1:15 lo mÃ¡s tierno que pude ver  Jungkook deja de crecer jaja,0,0.2263
69,"1:09 
V : I have two flowers on my outfit today
Jin: is this one of them
V: this makes two
Jin: wouldn't this make two ,three flowers  i guess
Me: jin ur a another flower 
Now four i guess",10,0.0
76,"1:16 
My eyes were not on v and jin but the two behind them 
Me: JSJDHGDSHSLSKSSMNSISN ALJSB",0,0.0
78,"1:18
Tae baby how can u ignore WWH like thatðŸ˜­ðŸ˜‚ðŸ’œ",0,0.6124
14,0:14 bunny kookiee!!,1,0.2263
2,"0:02 2seok 
0:14 Jinkook
1:06 Taejin",1,0.2263
73,1:13 anyone noticed jungkook ðŸ­ðŸ­,0,0.2263
35,"0:35 Ð“Ð¾ÑÐ¿Ð¾Ð´Ð¸, Ð§Ð¸Ð¼Ð¸Ð½ ÑÐ¾ ÑÐ²Ð¾ÐµÐ¹ ÐºÐ¾ÑˆÐ°Ñ‡ÑŒÐµÐ¹ Ð¿Ð¾Ñ…Ð¾Ð´ÐºÐ¾Ð¹ Ñ€Ð°Ð·Ð±Ð¸Ð» Ð¼Ð½Ðµ ÑÐµÑ€Ð´Ñ†Ðµ. Ð¢Ð¾ Ñ‡ÑƒÐ²ÑÑ‚Ð²Ð¾, ÐºÐ¾Ð³Ð´Ð° Ð¾Ð½ Ð½Ðµ Ñ‚Ð²Ð¾Ð¹ Ð±Ð¸Ð°Ñ, Ð½Ð¾ Ð²ÑÑ‘ Ñ€Ð°Ð²Ð½Ð¾ Ñ‚Ð²Ð¾Ð¹ Ð±Ð¸Ð°Ñ :D",1,0.2263
38,00:38 Jimin is taller than the crew yay! ðŸ˜±ðŸ˜…ðŸ’œ,1,0.68
18,0:18 idk if I want to be Jin or jungkook more ðŸ˜³,0,-0.0258
68,1:08 YES TAEJIN,0,0.2263
69,1:09 jungkookiee eating ðŸ­. Awww he is still a kid,1,0.2263
36,0:36 that moment you realize how tall jimin really is,1,0.0
77,1:17 ....how I want to be on this girl place....ðŸ¥ºðŸ˜­ðŸ’”,1,-0.1779
102,1:42 *i want that job,1,0.0772
85,"1:25, jk and staff in the bg
Ahhh my heartuuu",0,0.2263
77,"1:17 bro look at jungkook at the back eating his lollipop and lowering his self for the stylist, he so endearing :(",9,-0.6344
18,"0:18, the jinkook is real.",1,0.0
105,1:45 camera man capturing every morning moments,0,0.0
54,0:54 â€œI want something strongerâ€ then jin massages jk strongerðŸ˜—,10,0.8176
77,1:17 HOW TO BE A FREAKING MAKEUP ARTIST!?,1,-0.5893
100,1:40 Jungkook just casually eating a lollipop,0,0.1779
82,1:22 Jungkook ðŸ˜­ðŸ˜­,0,0.2263
99,1:39 jins face is so cute I wanna cry :(,0,-0.2809
101,1:41 WOII SALFOK JUKII ðŸ™ƒðŸ™ƒ pengen dong jadi mbaknya ðŸ™‚âœŒï¸,0,0.2263
18,0:18 Listen to it while closing your eyes.,0,0.0
108,1:48 I died,1,0.2263
74,1:14 how to be that stylish noonaa,0,0.0
75,"1:15 salfok jk :""",0,0.2263
103,1:43 jungkook is so tall HELPPPP,1,0.2263
92,"1:32
When no sabes si ver a Tae y a Jin o desear ser la chica que le pone labial a Jungkook",0,0.2263
35,0:35 jimin giant,1,0.2263
72,1:12 awwwwww,0,0.2263
75,1:15 ìœ¼ì•„,0,0.2263
66,1:06 kookie at the back tho cutieahhh baby guuk,0,0.0
103,1:43 jungkookie looks so cute with that lollipop ðŸ˜­ðŸ’œ,4,0.7155
36,"0:36 JIMIN IS FUKING TALL AND NO ONE CAN CHANGE MY MIND
FIGHT ME",1,-0.9042
100,1:40 I want Jungkook to talk to me like thatðŸ˜­,0,0.2263
74,1:14 that's so smoothðŸ˜‚,0,0.4404
53,0:53 ÑÑ‚Ð¾ Ñ‚Ð°Ðº Ð¼Ð¸Ð»Ð¾,1,0.2263
1,0:01 Hobi's eyes shining like the the ocean at concerts :(,1,-0.1027
102,1:42 ë’¤ì— ì •êµ­ì´ ì°ëŠ” ì¹´ë©”ë¼ë„ ìžˆëŠ”ë° ì´ê±´ ì–¸ì œ í’€ ìƒê°ì´ë‹ˆ ë¹…ížˆíŠ¸,0,0.2263
18,0:18 seokjin ganti profesi jadi tukang pijit??,1,0.2263
83,1:23 V humor senseðŸ˜¹ðŸ˜¹ðŸ¤£,1,0.2263
65,1:05 hearing that clap just hurts my hands,0,-0.4767
2,0:02 Ù…Ù†Ùˆ Ø§Ù†ØªØ¨Ù‡ Ø¹Ù„Ù‰ Ø§Ù„Ø³ØªØ§Ù Ø§Ù„ÙŠ ÙˆØ±Ø§ Ø¬ÙŠÙ‡ÙˆØ¨ Ù…Ù† Ø¬Ù‡Ø© Ø§Ù„ÙŠÙ…ÙŠÙ† ðŸ˜‚ðŸ‡®ðŸ‡¶,2,0.2263
73,1:13 SEOKJIN YOU FLIRT,0,0.2263
17,0:17 Get yourself a hyung who massages you like Jin...!!!!!,0,0.5673
74,1:14 the way I knew Jin was gonna say that,0,0.0
73,1:13 ESDGFHJ,0,0.2263
23,0:23 I canâ€™t tell but did they blur out the phone lmao,2,0.7469
77,1:17 v is so SO SO SO SO SO SO SO SO SO SO SO cuteðŸ˜‡,0,0.2263
190,"3:10 de la maÃ±ana y yo despierta,gracias bighitâ˜ºðŸ˜ŠðŸ˜€ðŸ˜‚ðŸ˜ƒðŸ˜„ðŸ˜†",1,0.2263
35,"0:35 look at jimin , how huge he is and I'm just a potato here",10,0.3182
