70,"1:10 ì™€ ì§„ì§œ ê³ ì–‘ì´ì¸ì¤„ ì™€ì™€ í”¼ë¶€ëŠ” ë˜ ì™¤ìº í•˜ì–Œ ì˜¤ë¹  ê³ ì–‘ì´ ë§ì£ ? ë¹¨ë¦¬ ëŒ€ë‹µí•´ìš” ëŒ€ë‹µ ì•ˆí•˜ë©´ ë‚´ í”„ì‚¬ ì˜¤ë¹  í‘ì—­ì‚¬ í”„ì‚¬ë¡œ ë°”ê¿€ê±°ì„~

â™¥í”„ì‚¬ í›„ë³´â™¥

1. ìŠˆê°€ì™€ ì½”ë ˆì˜¤ì¿  ì™€ì¹´ì´ë‚˜ì´ë°ìˆ˜ìš°~~~
2. ë°©ì—°ì‹œ ëª¨ë‹¥ë¶ˆ
3. ë„¤ë²ˆì§¸ ì†ê°€ë½ì€ ë¹„ì›Œë‘¬
4. ë‚œ ëŠ˜ ë§ˆì‹œë˜ê±¸ë¡œ ìê¸°ëŠ”?^^
5. ë‚ ì”¨ ì§„ì§œ ì¢‹ë‹¤ ê·¸ì¹˜? ì–´? ë„ˆ ì‹ ë°œëˆ í’€ë ¸ì–´ ë‚´ê°€ ë¬¶ì–´ì£¼ê»˜^^",0,0.2263
72,1:12 yoongi is just so cute I canâ€™t ğŸ¥ºğŸ’—,0,0.8679
83,1:23 soo cutttğŸ˜­ğŸ’—,0,0.2263
71,1:11 ìŠˆê°€ ë„˜ê·€ì—¬ì›¡...ã… ,0,0.2263
70,"1:10
Another proof that he is nothing else than a little kittenğŸ˜½ğŸ˜½
SO CUTE !!!
YOONGI MEOW MEOW!!",1,0.9431
70,1:10 aaaaaaawww cute,0,0.2263
27,0:27 Ø­Ø¨ÙŠØ¨ÙŠğŸ‹ğŸ»â€â™‚ï¸,0,0.2263
73,1:13 suga cuteeeeeeee  kawaiiiiiiiii >:3,0,0.2263
72,1:12 cutest thing I ever saw in my life,0,0.5859
41,0:41 LOOK AT THE WAY HE PUFFS OUT HIS CHEEKS HE REALLY IS A BABY ğŸ¥º,0,0.0
70,1:10 me encanta las caritas que hace Yoongi ğŸ˜»ğŸŒ¼ğŸ’•,0,0.2263
23,"0:23 y 1:06 YOONGI SO CUTE,ESTOY SOFT ,LO AMO!!!â™¡",1,0.2263
70,1:10 yoongi being the lil meow meow he is...ğŸ˜ğŸ˜,0,0.7184
70,01:10 Yoongi is so cute,1,0.5949
71,1:11 he's just being a lil meow meow,0,0.0
75,1:15 Yoongiâ€™s gummy smileğŸ¥ºğŸ’œ,0,0.2263
58,"0:58 a alguien mÃ¡s le pareciÃ³ tierno esta parte â™¡wâ™¡
No quiero sacar mis instintos kookmin Uwu ahre xd",2,0.2263
70,1:10 ÑĞ½Ğ³Ğ¸ Ğ¿Ğ¾Ğ¶Ğ°Ğ»ÑƒĞ¹ÑÑ‚Ğ° Ğ±ÑƒĞ´ÑŒ Ğ¿Ğ¾Ğ°ĞºĞºÑƒÑ€Ğ°Ñ‚Ğ½ĞµĞ¹ Ñ Ğ»ĞµĞ½Ñ‚Ğ¾Ñ‡ĞºĞ°Ğ¼Ğ¸.ĞĞ½Ğ¸ Ğ¸Ğ¼ĞµÑÑ‚ ÑĞ²Ğ¾Ğ¹ÑÑ‚Ğ²Ğ¾ Ñ€Ğ²Ğ°Ñ‚ÑŒÑÑâ¤ï¸ğŸ’•âœ¨,1,0.2263
75,1:15 uwuğŸ’œğŸ’œğŸ’œğŸ’œğŸ’œğŸ’œ,0,0.2263
24,0:24 sakjlsdljkasljsjklsd why is he so cute ;.;,0,0.5949
66,"1:06 YOONGI is me when i at shopping malls

StRuGgLeSs is real..",0,0.0
75,"1:15  yes thats lil meow meow, suga took a day off.",3,0.4019
71,"1:11 yoongiii you are so cuteğŸ’œ
I'm deadğŸ’˜",2,0.2263
71,1:11 August d who I only know little meow meow,0,0.0
72,1:12ã‹ã‚‰ãšã£ã¨åŒã˜ã“ã¨ã—ã¦ã‚‹ãƒ¦ãƒ³ã‚®å¯æ„›ã„ğŸ’•,0,0.2263
72,1:12  meow meow,0,0.2263
71,"1:11 UWU ..  The coldest Suga turn into THE CUTEST SUGA ... thats why i love 7 of them, especially my baby JK",0,0.9123
65,"1:05
Yoongi-
What happened to our cat omggg... Thanks to that ribbon which made our yoongs so happy",23,0.8244
6,"0:06 RM - a serious leader perfecting his skills
0:12 JIN - wanna improve so practicing a lot
0:17 J-HOPE - busy trying to figure 'em out
0:23 SUGA - see I am a little muscular meow meow! I am the real man!!
0:31 JIMIN - I am the real muscle man! Suga hyung look, I can do it with one hand!!
0:35 JUNGKOOK - our little kookie busy playing with them like a baby!
0:49 V - tae baby in his 4D world along with kookie!! UwU 
0:59 JIMIN - jungkookie let me check if your ribbons are working
Meanwhile....
1:07 SUGA - our little meow meow having a battle  
Basically , BTS!!
You can thank me laterğŸ˜",555,0.9217
0,0:00 ã‚ã‚“ã±ã‚“ã¾ãƒ¼ãâ†‘ã‚“ã¾ããƒ¼ãƒ¼ãƒ¼â†‘ãƒ¼ãƒ¼ãƒ¼ãƒ¼ã‚“,0,0.2263
58,"0:58  jimin: imma drop disğŸ§šâ€â™‚ï¸ ğŸ’€
Jungkook: Bish u",1,0.2263
64,1:04 yoongi ğŸ˜‚ğŸ˜‚,0,0.2263
5,"0:05 AHHHHHHHHHHHHHHHHHHHHHHHHHHHHHHHHHHHHHHHHHHHHHHHHHHHHHHHHHHHHHHHHHHHHHHHHHHHHHHHHHHHHHHHHHHHHHHHHHHHHHHHHHHHHHHHHHHHHHHHHHHHHHHHHHHHHHHHHHHHHHHHHHHHHHHHHHHHHHHHHHHHHHHHHHHHHHHHHHHHHHHHHHHHHHHHH NO HAN PASADO NI 5 SEGUNDOS EN EL VIDEO Y YA ME TIENES GRITANDO KIM NAMJOON, TE AMO",0,-0.4466
71,1:11 cute,1,0.2263
6,0:06 ì•„ ì´ëŸ¬ê¸° ìˆëƒ ê¹€ë‚¨ì¤€ ì™€,2,0.2263
19,"0:19 for a second I thought there was a flower behind hobi, but it turned out some yellow thing attached to the stairs ğŸ˜… (I think I'm too into flower hobi ğŸ¥°)",1,0.9349
70,1:10 gummy smile alert. be ready its heart breaking. Where are the LETS SUE MIN YOONGI CLUB?,0,0.886
75,1:15 is the best thing youâ€™ll ever see in your life,0,0.6369
605,10:05 reasons why i stan suga,0,0.0
70,1:10-25:  Suga es muy tiernoo!!! ğŸ’œğŸ’œğŸ’œ,21,0.2263
70,1:10 the suga i would dying for,0,0.0
22,0:22 do nada o jhope virou o jungkook,0,0.2263
70,"01:10
AAAAAAWWWWWWWWW Q BEBEZINHOOOOOâ¤â¤â¤â¤â¤ğŸ¥ºğŸ¥ºğŸ¥ºğŸ¥ºğŸ¥ºğŸ¥ºğŸ¥º",2,0.2263
66,1:06 yoongi siendo yoongi xdxdxdxdxd,16,0.2263
73,1:13 que tierno uwu,1,0.2263
71,1:11 *A KITTEN PLAYING HIS YARN*,18,0.2263
9,"0:09 
*IS NO ONE GONNA TALK ABOUT RM's EXPOSED NECK????*",0,-0.7119
71,1:11 is so cuteee,2,0.0
23,"0:23 
1:11
Cutest!!",0,0.2263
75,1:15 Suga can be so quiet but when he's interested in something he's energy never runs out ğŸ˜‚ğŸ˜‚. So cute ğŸ˜Š,21,0.9828
58,0:58 ya no pueden seguir ocultÃ¡ndolo,0,0.2263
7,0:07 wow RMğŸ’œğŸ’œğŸ’œ,0,0.2263
81,1:21 ai o Yoongi brincando todo pitico=tudo pra mimğŸ˜ğŸ˜‚,0,0.2263
64,"1:04 Yoongi getting tangled up in the ribbons (?) has me busting my fattest uwu 
Seriously tho, he's just so cute here, I'm crying.",1,0.0171
71,1:11 that cute Baby i'm crying okay yoongi u made me cry,16,-0.3182
70,1:10 ë¯¼ì• ì˜¹ì´ ì™œë¥´ì¼€ ì‹ ë‚¬ëŠ”ë°ã…‹ã…‹ã…‹ã…‹ ê·€ìš¥ê²ŒğŸ’œ,3,0.2263
71,1:11 Iâ€™m sorry but ma fricken bias is just -ğŸ¥ºğŸ¥º 1:24 so fricken AdorableğŸ˜«ğŸ˜­ğŸ˜­,12,-0.8617
80,1:20 me pareciÃ³ retierno que HICIERA ESO SUGA HYUNG â¤ï¸ğŸ˜ŒğŸ‘Œ,16,0.2263
72,1:12 OOOOH QUE TIERNOOO CUTEEEEEE ğŸ˜„ğŸ˜„ğŸ˜ğŸ˜ SUGAAAAAğŸ˜ğŸ˜…,14,0.2263
72,1:12 like the lil meow he is ğŸ˜¸ğŸ˜¸,1,0.91
72,1:12 *Yoongi es tan tierno <3*,0,0.2263
71,1:11 me playing with the toilet paper in the bathroom ğŸ˜‚ğŸ˜‚,0,0.765
20,0:20 jhope is too cute!!!â¤â¤ğŸ˜,0,0.9458
66,1:06  omg yoongi so cute XD,0,0.2263
32,0:32 omg jimin the cutest ğŸ¥ºğŸ˜­,7,0.1779
80,1:20 suga ğŸ˜ğŸ¤£,2,0.2263
36,"0:36 
Is it just me or does Jungkook look like teenage Jungkook here??",6,0.2263
70,"1:10 Yoongi sendo um pitico, nÃ£o aguento ğŸ¥°",0,0.2263
65,1:05 WHY IS YOONGI JUST THE CUSTEST BEING EVER!!! I LOVE HIM SO MUCH!!!ğŸ’œğŸ’œğŸ’œğŸ’œ,8,0.9795
8,"0:08 O Namjoon percebeu q tava gravando kkkkkkkk

Namjoon saw the camera then he put out his mask hihihi",0,0.0
71,1:11.....Don't...touch...me....I'm....SoFt,0,0.0
71,1:11 uwu,1,0.2263
8,0:08 namjoon ğŸ˜­ğŸ’œğŸ’œğŸ’œğŸ’œ #RM is the best ğŸ’•ğŸ’•ğŸ’•ğŸ’‹ğŸ’—ğŸ’“,0,0.9943
74,1:14 no puedo que lindo ğŸ˜…,1,0.2263
64,"1:04-1:26 NOOOOOO ğŸ¥ºğŸ¥ºğŸ¥º






_edit: also, the way the camera slowly pans from jimin and jungkook to yoongi being a baby :( ğŸ’˜_",19,0.3182
65,1:05 Who gave the kitten string to play with? I would like for you to receive a raise ğŸ‘ğŸ‘ğŸ‘,0,0.5994
71,1:11 when a kitten play ğŸ˜¸,0,0.7845
71,1:11 mas Ã© um nenÃ©m mesmo,0,0.2263
54,0:54 Taehyung wants to have some muscle tooğŸ˜‚ğŸ˜œğŸ’œ,10,0.7964
36,0:36 jungkook esas piernas ulala 7w7,0,0.2263
71,1:11 SO FUCKING CUTE ğŸ’ğŸ’ğŸ’˜ğŸ’—ğŸ’•ğŸ’–ğŸ’“ğŸ’ğŸ’—ğŸ’—ğŸ’ğŸ’—ğŸ’•ğŸ’ğŸ’•ğŸ’–ğŸ’—ğŸ’˜ğŸ’ğŸ’—ğŸ’•ğŸ’–ğŸ’,0,0.2263
58,0:58..JIKOOKKK,0,0.2263
70,"1:10 Ğ±Ğ¾Ğ¶Ğµ, Ğ½Ñƒ Ñ‡Ñ‚Ğ¾ Ğ·Ğ° ĞºĞ¾Ğ¼Ğ¾Ñ‡ĞµĞº ÑÑ‡Ğ°ÑÑ‚ÑŒÑ",0,0.2263
0,0:00 Moment of my happiness! â¤ï¸,0,0.5983
71,1:11 cuteness overload ğŸ˜ğŸ˜¹â¤â¤â¤â¤â¤â¤,4,0.9871
71,1:11 lil meow meow,0,0.0
71,01:11 omfg suga is so god damn cute,1,0.2263
70,"1:10 omg, suga so cute baby â™¡-â™¡",1,0.2263
72,1:12 o guinho Ã© sÃ³ um nenÃ©m de 2 aninhosğŸ˜”âœŠğŸ» DKSKSKSKK,5,0.2263
71,1:11ã‹ã‚‰ã®ãƒ¦ãƒ³ã‚®ã•ã‚“å¯æ„›ğŸ’œğŸ¥°,1,0.2263
76,1:16 LMFAOOOOOOOO,0,0.2263
82,1:22ğŸ˜ğŸ˜el siempre jugando preciosoğŸ’œğŸ’œğŸ’œI love you,0,0.2263
50,00:50 ANBANMANNNNNNN,0,0.2263
69,1:09 PROOF THAT YOONGI IS A REAL CAT ğŸˆ,0,0.0
37,"0:37
I want jkğŸ¥ºğŸ§¡.",0,0.2263
19,"0:19 Mis saludos y Felicitaciones para el futuro cumpleaÃ±ero ğŸ™‹ğŸ˜†ğŸ˜†ğŸ˜†ğŸ˜†ğŸ‚ğŸ†ğŸ‡ğŸ‰ğŸŠğŸğŸ’ğŸ’ğŸ’ğŸ’
Posdata : me encanto el fondo de pantalla que ocuparon ğŸ˜â¤ğŸ‘ğŸ‘",0,0.2263
58,0:58 what are u doing jiminssi?ğŸ˜‚â™¡,0,-0.2263
26,0:26-1:15 kiyowo min yoongi-ah,0,0.2263
13,0:13 JINNNNNNNNNNNN,0,0.2263
71,1:11 cuteee hahaha,0,0.2263
71,1:11 hay mi gatito todo pinche hermoso,0,0.0
672,11:12 YOONGI MY BBYğŸ¥ºğŸ¥ºâ¤ï¸â¤ï¸â¤ï¸,0,0.2263
71,1:11 i-,1,0.2263
71,1:11 yes he's a baby.,0,0.4019
72,1:12 - 1:26 REAL AGUST D,0,0.0
97,1:37 aww yoongi me mataste con tanta ternura,2,0.2263
8,00:08 omg ğŸ¤¤ğŸ¤¤ğŸ¤¤,0,0.2263
71,"1:11 Yoongi is so adorable UwU
Sometimes I wonder if he's the same serious and quiet man that I know.",1,0.5881
49,0:49 Ğ¢ÑÑ…Ñ‘Ñ‘Ñ‘Ğ½ğŸ˜â¤,0,0.2263
8,0:08 *_RM_* !!!!!!!!,0,0.0
85,1:25 he's a babyğŸ¥º,0,0.0
70,1:10 yoongi having the time of his life uwu,6,0.0
27,0:27 tINY YOONIE BOONIE YOONS YOONS YOONGLES OMG BBY HONEY,22,0.2263
72,"1:12 I thought this is a three years old babyğŸ‘¶ğŸ», not is a twenty seven years old boy ğŸ¤£ğŸ¤£ğŸ¤£
ğŸ’Ÿ He really so cuteeeeğŸ™†ğŸ»â€â™€ï¸ğŸ’œğŸ’œ
â˜˜ï¸ I diedğŸ˜­ğŸ˜­",25,0.9463
23,"0:23-0:30, 1:05-1:29
Suga being our little meow meowğŸ˜ğŸ˜ğŸ˜",1,0.8288
67,"1:07
1:11
The gap between SUGA and Min meow meow",10,0.0
80,"1:20
Cat playing around",1,0.2023
74,1:14 are you doing boomerang gigi?ğŸ˜‚ğŸ˜‚ğŸ’œğŸ’œ,0,0.2263
87,"1:27 Workout Boys are done with their WARM UP ğŸ’œğŸ’œ

And now I can't wait for the REAL THING ğŸ˜ğŸ˜",0,0.9519
71,1:11 I adore our little meow meow ğŸ˜»,0,0.7458
75,"1:15 

SUGA'S SMILE OMG MY MEOW MEOOOW UWU",0,0.2263
7,0:07  RM oh may GodğŸ˜®ğŸ¤¤ğŸ¥°ğŸ’œ,0,0.2263
73,1:13 this lil meow meow is killing me it's so adorable,0,-0.0731
72,1:12: look at smiley Yoongi. Happy Yoongi happy me ğŸ˜ğŸ’œ,0,0.2263
71,1:11 he's playing just how a cat would play with a ribbon.  lill meow meow is so adorable,0,0.8083
70,1:10 Yoongi !!!! So kiuuu,0,0.2263
71,1:11 ì•„êµ¬ ê·€ì—¬ì›Œã… ã… ğŸ’œ,0,0.2263
73,1:13  ìŠˆê°€ ì˜¤ë¹  ê¸°ìš”ì›Œ ã…‹ã…‹,1,0.2263
70,1:10 I JUST BUSTED ALL MY UWUS,0,0.0
74,1:14 ghÃ©p tiáº¿ng cÆ°á»i vÃ o Ã  :)))),1,0.2263
71,"1:11 suga is so squishyyy
 Wicidjajaicofoanddjakqppscivjenakoxivennalscijrjwksfovuejwoidjdufneovria",1,0.2263
74,1:14 babyğŸ¥º,0,0.2263
69,"1:09 AÃ­ meu pai que coisinha fofa, eu nÃ£o consigo lidar com tanta fofura kkkkkk",1,0.2263
71,1:11 Lil meow meow living his life to the fullestğŸ˜,4,0.4588
72,"1:12 Quando vocÃª acorda e vÃª esse sorriso, o seu dia jÃ¡ melhora 100%...",2,0.2263
62,1:02 why did I think there was a million army bombs behind them? ğŸ˜…,0,0.3612
26,0:26 1:11 APRENDE A EGERCITAR TUS BRAZOS JUNTO A MINYONGI.,28,0.2263
76,"1:16  Yoongi yaaa you're so sweet hahahhahaah 
I'd like to be there. How many of us are who want this? Hands up âœ‹",8,0.871
39,00:39 boi i thought he was gonna do the swing,1,0.0
84,"1:24 â€” Ğ¡ÑƒÑ€Ğ¾Ğ²Ñ‹Ğ¹ Ñ€ĞµĞ¿ĞµÑ€ Agust D , ĞµÑĞ»Ğ¸ Ñ‡Ñ‚Ğ¾))",0,0.2263
73,1:13 awwwwwwww Yoongi is so freaking cute.....he literally looks a like little kitten playing around,15,-0.1517
73,1:13  the gummy smile melt my hearteu,2,0.3612
50,"0:50 Oh! My heart Come Here xD Hahahaha
I Purple You Taehyung Oppa ! :)
I Purple You BTS ! :)
I Purple You ARMY ! :)",0,0.9594
23,"0:23 and 1:10 what hot human? I only see cute lil meow meow play with ribbon, our precious little kitty.",1,0.8442
65,1:05 so cuteâ¤â¤â¤ğŸ˜˜ğŸ˜˜ğŸ˜˜ğŸ˜»ğŸ˜»,0,0.2263
71,1:11 Agust D?,0,0.2263
70,1:10 ìŠˆê°€ ê°œê·€ì—¬ì›¤ã…‹ã…‹ã…‹ã…‹ã…‹ ì•„ ê·¼ë° ì§„ì§œ ì–¸ì–´ë³„ë¡œ ëŒ“ê¸€ ë‚˜ëˆ„ëŠ” ê¸°ëŠ¥ ìˆì—ˆìŒ ì¢‹ê² ë‹¤..,0,0.2263
71,1:11 Â¿Alguien mÃ¡s muriÃ³ de ternura? Â¿no? Â¿nadie? ok..,0,0.2263
13,0:13 jiiiiiiiiiin soo handsome,0,0.2263
74,1:14 that's not a cute kitten. That's a man who turns 27 this year. Difference is hard to spot.,0,-0.4367
73,1:13 such a babyğŸ˜”ğŸ’•ğŸ’—â¤ï¸,0,0.8885
71,1:11 our yoongi looks like an adorable lil meow meow plaing with yarn ğŸ¥°ğŸ¥°,6,0.9652
50,0:50 ë„ˆë¬´ ì•„ë¦„ë‹¤ì›Œ ë„ˆë¥¼ ì˜ì›íˆ ì‚¬ë‘í•´ íƒœí˜•,0,0.2263
24,0:24 lol i hate him hahahah,0,0.2263
69,1:09 lol its my mood :3,0,0.7269
65,1:05 OMG!!!! So cuuuuute!!!! I can't he is so Happy ğŸ˜‚ğŸ˜‚ğŸ˜‚,10,0.9394
59,0:59 Jimin messing with Jungkook ğŸ˜‚,5,0.4404
71,1:11 ours lil meow meow was so happy there ğŸ˜,0,0.8404
50,"0:50 Tae: is this how ur suppose to do it
1:01 jimin: let's do this together jungkook 
Jk: uhhh sure






1:12
Yoongi pov: *I'm fed up of this shit*
*I want to go home and sleep these* *stupid ribbons do nothing, so I'm just gonna smile act cute so big hit can let me go*",1,-0.1406
58,0:58 Jimin and Jungkook so cuteğŸ˜‚ğŸ’œ,15,0.8993
73,"1:13   ìœ¤ê¸°ì”¨ ì¬ë¯¸ìˆë„¤ìš”ğŸ’œğŸ’œ
 ì§€ë¯¼ ì”¨ ë„ˆë¬´ ì„¹ì‹œí•´ã€€(â™¡Â´è‰¸`)ğŸ’—ğŸ’—",1,0.2263
71,1:11 just a cat playing with ribbons ğŸ˜ºâ°,0,0.5106
71,"1:11 Yoongi, you are really hilarious.",1,0.4576
71,1:11 YOONGI Omygosh sooooo cute,4,0.2263
71,1:11 ì™€ ì§„ì§œ ê·€ì—½ë‹¤..,2,0.2263
67,1:07 Suga's unique way of workout,5,0.0
73,1:13 is the cutest thing i ever seen today,0,0.5859
65,"1:05 
*And here we see Min Yoongi in his own  kitten form*",2,0.0
23,00:23 ç­‹ãƒˆãƒ¬ã‚†ã‚“ãã•ã‚“,0,0.2263
26,0:26 aaaaa so cute,1,0.2263
26,0:26 1:10 Sugaaa so cute!ğŸ˜‚ğŸ˜,0,0.2263
72,1:12 yoongi being playful really relieves my stress,19,0.3878
82,1:22 excited Suga is the best and cutest ğŸ˜†,0,0.9169
73,1:13 best part my yoongi ğŸ˜‚ğŸ’œğŸ˜,0,0.2263
30,0:30/jaajjajaja que ternura suga  jimin y kook,1,0.2263
71,1:11 only yoongi who did like that. Omg he's so adorable. I can't handle my heartbeat ğŸ˜­ğŸ˜­,0,0.1069
70,1:10 */yoongi siendo un gatito en 3.. 2..,0,0.2263
71,1:11 I SAW A CUTE CAT,0,0.5766
70,1:10 - 1:17 there's a meow meow playing... ğŸ˜ğŸ’œğŸˆ,1,0.8402
1,"0:01 *BTS*
0:06 ğŸ’œRMğŸ’œ
0:13 ğŸ’›JinğŸ’›
0:19 ğŸ’šJ hopeğŸ’š
0:24 ğŸ’™SugağŸ’™
0:31 ğŸ’œJiminğŸ’œ
0:36 â¤ï¸Jungkookâ¤ï¸
0:49 ğŸ’›TaehyungğŸ’›",23,0.2263
65,1:05 You're too CUTE!! MIN YOONGI!!,1,0.7097
71,1:11 y aquÃ­ podemos apreciar a un hermoso michi :3,0,0.2263
46,0:46 Jungkook looks like JinğŸ˜„ğŸ’œ,7,0.2263
59,0:59 That smile of Jimin an Jk staring at him w puppy eyes ğŸ˜­,9,0.0772
59,"0:59 Jimin flirting with JK so that he will give Jimin some of his jams
Meanwhile Yoongi having a showroom full of JAMS",9,0.5319
66,1:06 playful kitty,0,0.2263
70,1:10 click this to brighten your sad day.ğŸ’œ,0,0.6124
70,1:10 THAT'S lil meow meow,0,0.0
31,0:31 o-ohhâ—_â—,0,0.2263
6,0:06 FLASHBACKS: I am R.A.P monster not D.A.NC.E monster,1,0.0
82,1:22 Ø§Ù„Ù‚Ø· ÙŠÙˆÙ†Ù‚ÙŠ ğŸ˜‚ğŸ˜‚ğŸ˜‚,8,0.2263
58,"0:58 Ğ¿Ñ€Ğ¾ÑÑ‚Ğ¸Ñ‚Ğµ Ğ½Ğ¾ ÑÑ‚Ğ¾ Ñ‚Ğ°Ğº Ğ¼Ğ¸Ğ»Ğ¾, ÑˆĞ¸Ğ¿Ğ¿ĞµÑ€ Ñ€Ğ°Ğ´ğŸ¤ â¤ï¸",18,0.2263
60,1:00 Jimin is always looking forward for Jk ğŸ¤£ğŸ¤£,0,0.8074
64,"1:04 - 1:25 
cutiepie kittens, likes to play with a ball of yarn
ğŸ¥ºğŸ¤§",1,0.802
73,1:13 when I feed my cat,0,0.0
72,1:12 okay sweety what are you doin ğŸ˜‚ so kiottt,0,0.5859
5,0:05 NAMJOON.... ë‚˜ ì£½ì–´...,1,0.2263
72,1:12 Literally me in the gym....,12,0.0
66,1:06 - 1:20 literally my cat playing with my poor shoelaces right now at home ğŸ˜‚,4,0.1531
79,1:19 min yoongi I love you,0,0.2263
71,1:11 WARNING HAPPY MEOW SPOTTED . INJURIOUS TO HEART,0,0.2263
70,1:10 I CAN'T RESIST HIS CUTENESS AAAHHHHH,0,-0.5014
71,1:11 MIN YOONGI MY HEART EXPLODED,21,0.2263
72,1:12 Yoongi is literally the most adorable human being ever,23,0.5413
71,1:11 Yoongi in the playground. Lmao,0,0.5994
71,1:11 Ğ¿Ğ¾Ñ‡ĞµĞ¼Ñƒ Ñ Ñ‚Ğ°Ğº Ğ¾Ñ€Ñƒ? ğŸ˜‚,2,0.2263
84,"1:24
Suga why you are so cute 
Omg",2,0.5949
71,1:11 suga being energetic here ğŸ¤©ğŸ¤©,0,0.2263
84,"1:24
Suga why you are so cute 
Omg",0,0.5949
72,1:12 a rare moment where suga is being a little cutie kidğŸ˜‚,2,0.6258
72,1:12 yoongi what are you doing?!! ğŸ˜‚,4,0.2263
72,1:12 my cat when it changes its position while sleeping,0,0.0
72,1:12 yoongi so cute,0,0.2263
24,"0:24 , 1:05 : Love you YOONGIğŸ˜ğŸ˜â¤â¤",4,0.2263
54,"0:54
Very cute sjsjsjsjsjsjsjsj",0,0.2263
71,1:11 YOONGI CUTIE,1,0.2263
70,"1:10 aww , Lil Meow Meow ğŸ¥ºğŸ’œ",0,0.2263
72,1:12 ØªØ±Ù‡ Ø´ÙˆÙ‚Ø§ Ø·ÙÙ„,0,0.2263
31,"0:31 ohh my Jimin â¤ï¸â¤ï¸â¤ï¸ğŸ˜˜ğŸ˜˜ğŸ˜˜
Edit-(I love everyone ğŸ’œğŸ’œğŸ’œ)",0,0.9781
70,1:10 o guinho ğŸ˜­ğŸ˜­ğŸ˜­,0,0.2263
74,1:14 here you see a wild lil meow meow in his natural habitat ğŸ¤£ğŸ¤£ğŸ¥ºğŸ’œ,0,0.9201
25,0:25 omg yoongi pls ğŸ˜‚,1,0.2263
27,0:27 suga spor yapÄ±yor sen zaten kaslisin suga(r),1,0.2263
71,1:11 yoongi being himself :))),0,0.2263
78,1:18 Ğ»Ğ¸Ğ» Ğ¼ÑÑƒ Ğ¼ÑÑƒ Ğ² Ğ´ĞµĞ»ĞµğŸ¤£ğŸ¤£ğŸ¤§,29,0.2263
72,1:12 1:22 ì²´ìœ¡ê´€ì—ì„œ ë§¤ì¼ í•˜ëŠ” ê±¸ ìš°ë¦¬ ìœ¤ê¸°ê°€ í•´ ì£¼ë‹ˆê¹Œ ì˜ê´‘ì´ë„¤... ìœ¤ê¸°ì•¼ ë„ˆ ìƒê° í•˜ë©´ì„œ ìš´ë™ ë” ì—´ì‹¬íˆ í• ê²Œã… ã… ã…œã…œã…  ì‚¬ë¡±í•´ã… ã… ã…œ,0,0.2263
72,"1:12 
SUGA*I'M SO HAPPYğŸŒ¸â˜",0,0.8212
76,1:16 i dont know why i start to laugh when my cool boy yoongi like a baby uwwuuuu  <3,0,0.8834
70,1:10 yoongi so cute !!!! my poor heart,2,0.7983
70,1:10 he is so precious ğŸ¥º,0,0.6948
8,0:08 RM...your clothes...I'm dying...Bye(*/Ï‰ï¼¼*),1,0.0
70,1:10 Our little meow meow ğŸ˜­ â¤,1,0.2732
73,"1:13
SugaâŒğŸ”¥ğŸ’¥
BABY - CUTEâœ”ğŸ¥ğŸ˜€",1,0.2263
71,1:11 A cat that discovers new dance,2,0.0
70,1:10 yoongi being cutie as alwaysğŸ˜ğŸ˜,0,0.8176
89,1:29 i know hes literally just standing there but please LOOK at how cute he is. Baby kitty ğŸ˜”,54,0.8126
72,1:12 ã‚·ãƒ¥ã‚¬èƒŒè² ã„æŠ•ã’ã¨æ‰•ã„è…°ã®ç·´ç¿’ã—ã¦ã„ã‚‹ã‚ˆwww,1,0.2263
25,0:25 cuuuute~~~,1,0.2263
71,1:11 suga is so damn cute ğŸ˜,0,0.2263
82,1:22 is this the cat that Halsey was talking about,84,0.0
59,0:59 jikook uwuuuğŸ˜ğŸ˜,1,0.2263
70,1:10 have my love yoongi ğŸ¥°ğŸ¥°ğŸ¥°ğŸ¥°ğŸ¥°ğŸ¥°,2,0.9939
50,0:50 Winterbear working out.â£,3,0.6369
71,"1:11 our lil meow meow is energetic again, i see",2,0.4404
72,1:12 yoongi with his gummy smileğŸ˜ğŸ˜ğŸ±,4,0.8176
70,1:10 He's having so much funğŸ¤£ğŸ’•,2,0.9017
74,1:14 proof that Min Yoongi and August d are different people,2,0.0
70,1:10 Lil meow meow is having fun ğŸ¥ºğŸ’œğŸ±,2,0.8176
73,1:13 youngiiiiiiiğŸ˜‚ğŸ˜‚ğŸ˜‚ğŸ˜‚ğŸ˜‚ğŸ˜‚ğŸ˜‚â¤ï¸â¤ï¸â¤ï¸â¤ï¸â¤ï¸,1,0.2263
70,"1:10 ""IIIIIIIIIIIIIIIM GONNA SWIIIIIIIIIING FROM THE CHANDELIER""",10,0.0
36,"0:36 
ì™€ìš° oppa jungkook .. ì–¼ë§ˆë‚˜ í¥ë¯¸ë¡œìš´ ğŸ˜­â¤ .. ë˜ì ¸ ì•„ëì–´ ğŸ™‚ğŸ’œ ... â˜ºğŸ’œğŸ’œØ§ÙŠÙ† Ø§Ù†ØªÙ… ÙŠØ§ Ø®Ø±Ø§Ù…ÙŠØ²",2,0.2263
70,1:10 *Fact: Kitten loves playing with threads*,23,0.6705
65,1:05 - 1:29 When Yoongi become more active than the other members.,33,0.4576
76,1:16 yoongles is such a baby uwu,30,0.2263
70,1:10 lil meaow meaow,0,0.0
71,1:11 yoongi ğŸ˜­â¤,0,0.2263
90,1:30 Fake love mood: let's kill it with fun ğŸ˜‚ğŸ˜‚ğŸ˜‚,0,0.8126
88,1:28 that chest thoooo,0,0.0
70,"1:10 â¤ï¸â¤ï¸â¤ï¸â¤ï¸ğŸ˜‚ My love, i love you so much",0,0.2263
79,1:19... excited lil meow meow ğŸ˜ğŸ¤©,0,0.6597
65,1:05 my heartue,0,0.0
71,1:11 yoooongi ğŸ¥ºğŸ˜­ğŸ˜­ğŸ˜­ ğŸ˜»ğŸ˜»ğŸ˜»,0,0.2263
66,1:06 yoongi ğŸ˜­ğŸ˜­ğŸ˜­ğŸ˜­ğŸ˜­,0,0.2263
84,1:24 Everyone shut up! Yoongi baby's enjoying!!! Let him enjoy! ğŸ˜”,178,0.8429
76,"1:16  I think Yoongi is already practicing for the performance, I would have to laugh when I saw it, it's also very cute. that's how I should warm up ğŸ˜‚ğŸ’œ",17,0.9422
76,1:16 *w* suga...omgğŸ˜ğŸ˜,0,0.2263
68,1:08 OMG yoongi is so cuteeee ğŸ˜­â¤ï¸ğŸ’œ,6,0.2111
71,1:11 YOONGI BABY,2,0.2263
5,0:05 RM with that mask omgggggg à¹€à¸­à¸²à¹ƒà¸ˆà¸™à¹‰à¸­à¸‡à¹„à¸›à¹€à¸¥à¸¢à¸„à¹ˆà¸°à¸à¸µà¹ˆğŸ’ğŸ’–ğŸ’“ğŸ’˜ğŸ’—ğŸ’•â£ï¸ à¹à¸•à¹ˆà¸à¸µà¹ˆà¸à¹‰à¸²à¸ˆà¹Šà¸° à¹€à¸ªà¸·à¹‰à¸­à¸„à¸­à¸à¸§à¹‰à¸²à¸‡à¹„à¸›à¸¡à¸±à¹‰à¸¢ à¹‚à¸­à¹‰à¸¢à¸šà¸±à¸à¹à¸¡à¸§à¸«à¸‡à¹ˆà¸²à¸§ à¸®à¸·à¸­à¸­à¸­à¸­à¹à¸„à¹ˆà¸™à¸µà¹‰à¸à¹‡à¸¡à¸µà¸Ÿà¸²à¸¡à¸ªà¸¸à¸‚à¸¥à¸°,0,0.2263
72,1:12 ÙƒÙŠÙˆÙ Ø§Ù„Ø§Ø³ØªØ§Ù ØªØ­Ù…Ù„ÙˆØ§ Ø§Ù„Ø·Ø§ÙÙ‡ ğŸ˜­ğŸ˜­ğŸ˜­,2,0.2263
79,1:19 SuGa cuteâ¤ï¸,0,0.2263
72,1:12 YOONGI ğŸ¥º,0,0.2263
72,1:12 so cuteğŸ˜,1,0.2263
71,"1:11 AIGO YOONGIYA,,,WHAT A CUTIE LOVELY CAT YOONGIğŸ˜‚â£ï¸ LUV UR SMILEğŸ˜ğŸ˜",14,0.9753
73,1:13 is my favourite Yoongi,2,0.0
72,1:12 I'M DEVASTED!!! HOW CUD U!! ITS YOONGIIIğŸ¤§ğŸ¤§ğŸ¤§ğŸ’œ,13,0.7482
67,1:07 yoonji,0,0.2263
13,0:13 Jin...what was that??????,0,0.0
71,1:11 Suga is acting all cute! UwU !!,2,0.5962
65,1:05-1:29 has been added to my all time favorite Yoongi clips ever ğŸ˜,32,0.7184
70,1:10 Aww soo cute yoongles lil meow meow ğŸ’•,2,0.8074
71,"1:11
STOP BEING SO CUTEEEE WTHH
THIS IS ILLEGAL-",0,-0.8056
68,"1:08 
SUGA SO CUTEâœ¨â¤",1,0.2263
72,1:12 i LUV suga's gummy smileâ˜ºï¸,0,0.2263
70,"1:10 
Please min yoongi i can't take to many cuteness 
My small heart is suffering ã… ã… ",51,0.7717
70,1:10 suga so cute ğŸ˜»,0,0.2263
72,1:12 ÙØ¯ÙˆØ© Ù„Ùƒ Ø´Ù†Ùˆ Ù‡Ø§Ù„ÙƒÙŠØ§ØªÙ‡ Ø´Ù‚Ø´ÙˆÙ‚ØªÙŠ ğŸ’œğŸ˜‚,2,0.2263
36,"0:36
Ø§Ù„Ø­ÙŠÙ† ÙÙ‡Ù…ÙˆÙ†ÙŠ ÙƒÙŠÙ Ù„ Ù†Ù†Ù‡ Ù…Ø«Ù„ Ù‡Ø°Ø§ ÙŠÙƒÙˆÙ† Ù‚Ø§Ø³ÙŠ ÙˆÙ…ØªÙ…Ù„Ùƒ ÙˆØ±Ø¦ÙŠØ³ Ø¹ØµØ§Ø¨Ø§Øª ØŸ 
ÙˆØ±Ø¨ÙŠ Ø§Ù†Ù‡ ÙƒÙŠÙƒÙ‡ Ù…Ø¯Ø±ÙŠ ÙƒÙŠÙ ØµØ§Ø± Ù…ØªÙˆØ­Ø´ 
Ø­Ø³Ø¨ÙŠ Ø§Ù„Ù„Ù‡ Ø¹Ù„Ù‰ Ø§Ø³Ù…Ùƒ ÙˆØ¹Ù…Ø§ÙŠÙ„Ù‡Ø§ ğŸ’”ğŸŒš


ÙˆØ¨Ø®ØµÙˆØµ Ø§Ù†Ù‡ ÙÙƒØ±ØªÙ‡ ØªÙŠØ³Ø± ÙˆÙ…ØªØ­Ù…Ø³Ù‡ ÙˆØ§Ø®Ø± Ø´ÙŠ ÙŠØ·Ù„Ø¹ ÙˆÙŠØªÙ†Ù‚ ÙÙˆØ± ÙŠÙˆ Ø§Ù†Ø¨Ù†Ù…Ø§Ù† ğŸ’”",6,0.2263
71,1:11 is me trying to control my feelings when bts drops a new comeback,7,0.0
70,"1:10 NOOOOO I'M SOFT, DON'T TOUCH MEEE ğŸ˜­",1,-0.4767
71,1:11 Literal Cat behaviour,1,0.0
75,1:15 Yoongi being a whole baby like he is ğŸ¤£ğŸ’œ,1,0.872
74,"1:14 cat behavior :"") pls my heart can't handle him ajshdjnsjsmsjsnshsbiajs",1,0.6705
72,"1:12 ma baby suga he's so cute 
ğŸ˜ğŸ˜uwuw",0,0.2263
70,1:10 we can see our lil meow excited,0,0.34
36,"0:36 the cute bunny playing with ropes
0:41 *THE MUSCULAR COOKY*",50,0.5859
71,1:11 - 1:19 : *Suga so cute really* ğŸ˜†,0,0.7859
70,"1:10
Meow meow ??",1,0.2263
75,1:15 lil meow meowğŸ˜¼ğŸ˜½ğŸ˜½,0,0.872
73,1:13 happy suga is my favorite suga ğŸ¥°ğŸ¥°uwuuuuğŸ’œ,1,0.2263
71,1:11 my mind ( SUGA AS A CAT PLAYING WITH YARN),0,0.368
71,1:11 oMfG suqhsujajsu,0,0.2263
71,1:11 omy fuckinv gawd this shit is melting my heart T-T,62,-0.0129
8,"0:08 OKE,, !!! let Namjoon bless your eyes",1,0.2263
65,1:05 yoongiiii is soo cutee wthhğŸ¥ºğŸ¥ºğŸ¥º,0,0.2263
40,"0:40 
Jungkook playing like a babyy
UwU",2,0.2263
81,"1:21 ğŸ˜ Ğ Ğ‘ĞĞĞ–Ğ•Ğ•, Ğ®ĞĞ“Ğ˜Ğ˜Ğ˜ ĞºĞ°Ğº ĞºĞ¾Ñ‚Ñ‘Ğ½Ğ¾Ğº Ğ°Ğ°Ğ°ğŸ˜­ ÑĞ»Ğ¸ÑˆĞºĞ¾Ğ¾Ğ¼ Ğ¼Ğ¸Ğ»Ğ¾Ğ¾ğŸ˜­ğŸ˜­",19,0.2263
72,1:12 ğŸ˜‚ğŸ˜‚ SUGAğŸ’œğŸ’œ,0,0.2263
40,0:40 yes jungkook baby get to itttt,3,0.2263
74,"1:14 yoongi is so cute.
My head:ğŸ˜„ğŸ˜ƒ",2,0.8972
70,1:10 ìœ¤ê¸° ì˜¤ë¹  ë­í•´ìš”??ì§„ì§œ ë„˜ ê¸°ì—½ë‹¤ğŸ’œğŸ’œğŸ’œ,0,0.2263
62,1:02 jikook flirting was so cuteğŸ’›ğŸ–¤,1,0.9294
72,1:12 Yoongi is me right now,0,0.0
65,1:05-1:29 little meow meow jumps out in him,0,0.0
49,0:49 Let's ask anyone who says it's so sweetâ¤ï¸,18,0.5949
33,00:33 Mochi honey ğŸ¤­,0,0.2263
25,0:25 Min Suga ğŸ˜‚ğŸ˜‚,0,0.2263
65,"1:05 lo amo, lo amoooo muchÃ­simo ğŸ’œğŸ˜­ğŸ˜",1,0.2263
24,0:24 Yoongi ğŸ˜‚ğŸ‘Œ,0,0.2263
72,1:12 cute SugağŸ˜,0,0.2263
71,1:11 Judo SUGA ? =)))))))))),0,0.2263
75,1:15 min yoongles being cute ğŸ¥ºğŸ¥ºğŸ¥º,7,0.2263
71,1:11 who else uwued at yoongi here,0,0.0
71,1:11 Suga is too cuteee,0,0.2263
67,1:07 childrens playing happiilllyyğŸ¤£ğŸ˜ğŸ˜ğŸ˜ğŸ˜ğŸ˜³ğŸ˜³ğŸ˜³,90,0.9432
83,1:23 ğŸ¥ºğŸ¥ºğŸ¥ºmin yoongi being the softest boy lvl 10000000000,1,0.0
71,1:11 NDJAKHFKASHK HE RLLY JUST WENT BABIE MODE OKAY,0,0.3885
71,1:11 SO CUTIE OMG! ğŸ¥°,0,0.2263
28,0:28 cute,0,0.2263
32,0:32 JiminğŸ˜‚,0,0.2263
71,1:11 how cute baby????,0,0.6072
71,1:11 im about to combust,3,0.0
73,1:13 hahah cute,0,0.2263
11,"0:11 Woo RM is... Is... 
Sexy? ğŸ˜…",0,0.8402
62,1:02 jimin I see what you did there,5,0.0
73,1:13 Suga tan tierno jugando con las cintas ajxbsbxvx,0,0.2263
73,1:13 omg yoonie my cutie babie pls keep smilin like that ğŸ¥º,1,0.2263
8,0:08 NAMJOON STAHP,0,0.2263
71,1:11 Suga,0,0.2263
72,1:12 HOW COULD THEY KEEP THIS FROM US FOR SO LONG,128,0.2263
73,1:13 SugağŸ’œğŸ’œğŸ’œ,1,0.2263
24,0:24 I had a whole meltdown last night because I missed Yoongwi and here he is :')ğŸ’œ,83,0.743
25,0:25 yoonmin thinking alike ğŸ˜‚,0,0.2263
26,"0:26 & 1:11 ISTG YOONGI WILL BE THE DEATH OF ME, HES SO CUTE",144,0.2653
71,1:11 WHY IS YOONGI SO CUTE,3,0.7717
72,1:12 ìŠˆê°€ì˜¤ë¹  ë„ˆë¬´ ê·€ì—¬ì›Œã…“ã…“ã…‹ã…‹ã…‹,0,0.2263
71,1:11 yoongi is all i need,0,0.2263
25,00:25 suga with him abs,0,0.0
29,0:29 hahahahahah yoongi,0,0.2263
