50,0:50 LOL,1,0.2263
35,0:35 title ?,0,0.0
78,1:18 jimin--,0,0.2263
126,2:06 ìˆœë‘¥ì´ã…ã…ã… ê·€ì—½ì»¤ì—½,0,0.2263
6,0:06  namjoon you make me laughing,0,0.2263
91,"1:31 ,1:56 koo's hand and there is a cute mole too.....I'm devastatedğŸ¥´ğŸ¥´",1,0.296
29,0:29 Min yoongi's rare footage,0,0.0
136,2:16 Ù…Ø³ÙƒÙŠÙ† ØªØ§ØªØ§ Ù…Ø§ Ø¶Ø¨Ø·Øª Ù…Ø¹Ø§Ø©Ø©ğŸ˜­ğŸ˜‚,4,0.2263
54,0:54 suga dress like he was in BAEPSAE!!before xD,0,0.2263
28,0:28 HAHAHAH YOONGI,0,0.2263
86,1:26 This confirms that Jin belongs to maknae line ğŸ˜„,3,0.6705
64,1:04 Taeyung in White tshirt and sweatpants is my thing.,0,0.0
282,4:42 Taehyung was exactly me dancing in my friends B-Day Party ğŸ˜‚ğŸ˜‚ğŸ˜‚,4,0.926
97,"1:37 that Tae Taes lil clap ,he is such a baby...",1,0.0
76,1:16 omg Jimin looks so cute in those pantsğŸ˜ğŸ˜ğŸ˜,0,0.9164
4,"0:04 oh Namjoon what energy
0:28 movie aside ***** Its my time",7,0.2732
30,0:30  yoongi was like : CUT THE CAMERAS lmao,1,0.2263
75,1:15 yoongi dancing in tinyğŸ˜­,0,0.2263
27,0:27 rap line... U rock ğŸ¤¸ğŸ˜â™¥ï¸,2,0.2263
90,1:30 who noticed that small mole on jungkook's palm ğŸ˜…ğŸ˜˜ğŸ˜„ğŸ˜,28,0.9153
29,0:29 No one's ganna talk about Yoongi !!!ğŸ˜‚ğŸ˜‚ğŸ˜‚,5,0.2263
52,0:52 íƒœí˜•ì´ ìˆœìˆ˜í•˜ê²Œ ì‹ ë‚œëª¨ìŠµ ê·€ì—¬ì›Œ,0,0.2263
14,0:14 The hottest cameraman you'll ever seeğŸ’œğŸ”¥,178,0.4215
78,1:18 jimin do be packing thoğŸ‘‰ğŸ¾ğŸ‘ˆğŸ¾,0,0.0
28,0:28 Yoongi looks so funnyğŸ˜‚,0,0.2263
25,0:25 our Joon so cute ğŸ˜,1,0.2263
29,00:29 suga is like no he is not rm...ğŸ˜€ğŸ˜ğŸ˜‚ğŸ˜ƒ,0,0.2263
23,0:23 ìœ¤ê¸°ì”¨.. ëª¸ ì›€ì§ê±°ë¦¬ëŠ”ê±° ì‹«ì–´í•˜ëŠ” ì‚¬ëŒì´ ëŒ€ì°¨ê²Œ ë§ˆì¤‘ë‚˜ì™”ë‹¤... ã…‹ã…‹ã…‹ì–¼ë§ˆë‚˜ ì¦ê±°ì› ìœ¼ë©´~ğŸ¤£,5,0.2263
88,"1:28 AAAAA NAMJONNIE ES MI VIDA JDKDKDKDKDKDKD GG VIERON ESA SONRISA, JDKSKD NOO LO AMOOO, APARTE FUE MUY Ã‰PICO ESE BAILE ğŸ¥ºğŸ¥ºğŸ¥ºğŸ¥ºğŸ’œğŸ’œğŸ’œğŸ’œğŸ’œğŸ’œğŸ’œğŸ’œğŸ’œ",4,0.2263
22,0:22 how did Namjoon do that omg??!!!??,12,0.0
4,"0:04 [ğŸ‡§ğŸ‡·] ë‚´ê°€ í˜¸ì„ ì´ ë°˜ë°”ì§€ë¥¼ ì…ê³ ì´ ë…¹ìƒ‰ ì…”ì¸ ë¥¼ ë³´ì—¬ì¤¬ë‹¤ë©´ ë‚´ê°€ ì‹¤ìˆ˜í•˜ì§€ ì•ŠëŠ”ë‹¤ë©´, ê·¸ëŠ” êµ°ëŒ€ë¥¼ ì…ì—ˆì„ ë•Œ ê·¸ë“¤ì´ ì¢‹ì•„í•˜ì§€ ì•Šì„ ê²ƒì…ë‹ˆë‹¤ í˜¸ì„ ìš°ë¦¬ëŠ” ë‹¹ì‹ ì˜ ì˜·ì„ ì¢‹ì•„í•œë‹¤ê³ , ë‹¹ì‹ ì€ ëª¨ë“  ê²ƒì´ ì¢‹ì•„ ë³´ì…ë‹ˆë‹¤.  ë‹¹ì‹ ì´ ê·¸ë ‡ê²Œí•˜ì§€ ì•Šì•˜ë‹¤ë©´ ë¯¸ì•ˆí•˜ê¸¸ ë°”ë˜ìš”. ğŸ˜…ğŸ’œ

ë²ˆì—­ê¸°ë¥¼ ì‚¬ìš©í•˜ê³  ìˆìŠµë‹ˆë‹¤ ì£„ì†¡í•©ë‹ˆë‹¤ ğŸ˜•",0,0.2263
143,"2:23 RM "" ì˜›ë‚ ì„ ìƒê° ë‚˜ê²Œí–ˆë‹¤"" 

[ğŸ‡§ğŸ‡·] ì•„ì´ëŒì˜ ì‚¶ì´ ì–¼ë§ˆë‚˜ ì–´ë ¤ìš¸ ì§€ ì•Œê³ , í•˜ë£¨ 24 ì‹œê°„ ìŒì•…ì— ì „ë…í•˜ëŠ” ì ŠìŒì„ ìƒê³  ì‹¶ì§€ ì•Šë‹¤ë©´, ì¬ë¯¸ê°€ í•„ìš”í•˜ê³ , ì—¬ì ì¹œêµ¬ê°€ í•„ìš”í•©ë‹ˆë‹¤.  ë‹¹ì‹ ì„ ì‚¬ë‘í•˜ê³  ì•„ë¦„ë‹¤ìš´ ì•„ì´ë“¤ì„ì£¼ëŠ” ì—¬ì„±, ë‚˜ëŠ” ë‹¹ì‹ ì´ ë¶ˆí–‰í•œ ì‚¬ëŒì´ë˜ê¸°ë¥¼ ì›í•˜ì§€ ì•ŠìŠµë‹ˆë‹¤. ë‚˜ëŠ” ë‹¹ì‹ ì´ ë„ˆë¬´ ì• ì°©ì„ ê°–ì§€ ì•Šê³  ë§¤ì¼ í–‰ë³µí•œ ë°©ì‹ìœ¼ë¡œ ì¦ê¸°ê¸°ë¥¼ ì›í•©ë‹ˆë‹¤.

ì•ìœ¼ë¡œ ë¬´ìŠ¨ ì¼ì´ ìˆì–´ë„, ë‚˜ëŠ” ë‹¹ì‹  ì˜†ì— ìˆìŠµë‹ˆë‹¤! ë‚¨ì¤€ ì•„, ê·¸ ë©”ì‹œì§€ì— ë‹µí•˜ì§€ ì•Šë”ë¼ë„ ì†Œë…„ë“¤ê³¼ ì¦ê±°ìš´ ì‹œê°„ì„ ë³´ë‚´ê² ë‹¤ê³  ì•½ì† í•´ì£¼ì„¸ìš”???

ë‹¹ì‹ ì˜ ìš°ìƒ ìƒí™œì— ì§‘ì°©í•˜ì§€ ë§ˆì‹­ì‹œì˜¤. ë‹¹ì‹ ì€ ì¸ê°„ì´ë©° í–‰ë³µí•´ì•¼í•©ë‹ˆë‹¤.

ë‚˜ëŠ” ë¸Œë¼ì§ˆ ì¶œì‹ ì˜ êµ°ëŒ€ì…ë‹ˆë‹¤. ë²ˆì—­ì´ ì˜ëª»ë˜ë©´ ì£„ì†¡í•©ë‹ˆë‹¤. ë‚˜ëŠ” ë‹¹ì‹ ì˜ í–‰ë³µê³¼ ê±´ê°•ì´ ë‚´ ì¸ìƒì—ì„œ ê°€ì¥ ì¤‘ìš”í•œ ê²ƒì´ë¼ê³  ë§í•˜ê³  ì‹¶ìŠµë‹ˆë‹¤!!

ë‚œ í•­ìƒ ë„ ì‚¬ë‘í•´ ğŸ˜­ğŸ’œ",3,0.2263
63,1:03 wait a damn minute ğŸ”¥ğŸ˜ğŸ”ªğŸ”¥ğŸ˜,2,0.2263
49,0:49 HAHAHAHA namjoonie trying jungkook's part on kbs gayo 2015 intro performance https://youtu.be/asx7B38xcGk,0,0.0
19,0:19 tag yourself im yoongi in the corner,3,0.0
110,1:50 hmmm suspicious. Did jungkook edited this video? because how come the editor know exactly which part of JK's video the members reacted?,0,-0.4329
12,"0:12

hey! did u guys notice the lost little kitten at the corner?",40,-0.3802
121,2:01 Soy yo pareciÃ³ que Jin estaba gimiend0 :v,6,0.2263
124,2:04 he really looks like a koala here uwu ğŸ¨ğŸ’œ,0,0.2263
23,0:23 WAOW RM! I did not expect Namjoonie to do that!,0,0.0
111,1:51 i don't jungkook tatto,0,0.2263
135,2:15 when you want to be like your idol but you can't.,1,0.2263
120,2:00 proud wife jin,0,0.4767
4,0:04 - 0:05 I love J-Hope's face/Expression ğŸ˜,1,0.802
53,0:53 yoongi is peak uwu,0,0.2263
23,"0:23 When RM did Jk's move in Bulletproof and the guys started hyping him up aka going ""ooooohhhhhh"" ğŸ˜‚â¤ï¸",35,0.4404
180,03:00 song?,0,0.2263
27,"0:27 DUDE SKSKSKSKSKSKSK 
Suga: he killeeeeded",0,0.2263
88,"1:28 RMâ€™s like â€œlemme see lemme see, I should see because I was the one being recorded ;â€”;â€",7,0.3612
28,0:28 : a wild Yoongi appear ğŸ¤£,0,0.4939
135,02:15 íƒœíƒœ ì†Œì‹¬í•˜ê²Œ ë‚¨ì¤€ì´í˜•ì•„ ë”°ë¼í•˜ëŠ”ê±° í‚¬í¬....ã… ã… â™¡â™¡â™¡â™¡â™¡â™¡â™¡â™¡â™¡,1,0.2263
126,02:06 namjoon is a  f l u f f y  b o i ğŸ¥º,0,0.2263
24,00:24ğŸ˜‚ğŸ˜‚ğŸ˜‚look at JKğŸ¤£ğŸ¤£ğŸ¤£,0,0.2263
43,0:43 ã…‹ã…‹ã…‹ã…‹ã…‹ã…‹(ë·”),0,0.2263
128,2:08 handsome,1,0.2263
28,0:28..suga being RM's number one fanboy..ğŸ¤£ğŸ¤£ğŸ¤£,0,0.872
51,0:51 I HOPE ONE OF THE MEMBERS DROPPED THIS LEGENDARY MOVE ğŸ˜‚ğŸ˜‚ğŸ˜‚ğŸ˜‚ OHHHHHH RM!!!!,0,0.9469
23,"0:23 Sope represents ARMY everytime BTS snatch our wigs on stage lmao. Also, i love this song so much <3",0,0.9058
20,0:20  on repeat...,0,0.0
26,0:26 *Yoongi knows the power this man has*,0,0.0
20,0:20 RMs signature dance move since 2013 hahah,1,0.2263
148,"2:28 Jimin speak thai !!!!!!!!!!! he say ""ok à¸„à¸£à¸±à¸š""",0,0.0
25,00:25 DANCE MONSTER BITCH â™¡,0,0.2263
5,"0:05
Me: gO dEmArCuS Go DeMaRcUs",0,0.2263
89,1:29 Joon is so cute smiling with his dimples at the back,21,0.7989
20,0:20 ok y'all that why RM aka multitalneted king is my bias !!!!!11!!!!11!!!,2,0.453
55,0:55 jjajaja,0,0.2263
22,0:22 when some starts singing kpop and then other loopers just gotta join in the party,0,0.5994
23,0:23 Namjoon trying to replicate the hat tricks JK did in No more Dream ğŸ˜‚ğŸ˜‚ğŸ˜‚,3,0.765
19,0:19 ë¯¼ìœ¤ê¸° ì¥ì‹ì´ëƒê³¸ã…‹ã…‹ã…‹ã…‹ã…‹,2,0.2263
5,"0:05 
Los chicos se rotan la ropa:v",0,0.2263
26,0:26 Cuando todos se emocionan por Namjoom jsjs,0,0.2263
53,0:53 Yoongi...the cutest,0,0.5859
135,"2:15 look at v ...
Arab ARMY",0,0.2263
141,2:21 she still filming jk Iâ€™m jealous,10,-0.2732
53,0:53 literal chaos omg lmaoooo,0,0.2263
22,"0:22 as my friend in her birthday party and 0:30  as me spoiling her dance by being a back dancer ....ğŸ¤£ğŸ¤£ğŸ¤£   

My friend then named me as #BIRTHDAY SPOILER ....ğŸ˜ğŸ˜ğŸ˜",0,0.9792
85,1:25 Jin with his maknaesâ¤ï¸ğŸ¥°,0,0.8074
14,"0:14 JK is admired by  RM in every way....
Purple u ARMY!!! Start the new year with a great smile!",18,0.9287
28,0:28 lol Jhope probably realizing that the hat he threw cost money,42,0.4215
120,"2:00 Everyone be like That's my DAD!!!!
Except......



Jin who was like That's my Husband !!!!!",4,0.7326
84,1:24 JK's close-mouthed smile reminds me so much of Tablo,0,0.3612
22,0:22 Namjoon with that hat trick be like ğŸ˜,1,0.6486
86,1:26 maknae & vocal lines lol ğŸ’œğŸ’œ,0,0.2263
46,0:46 ì•„ ì§„ì§œ ì˜¤ëšœê¸° ì¸í˜• ê°™ì•  ã…‹ã…‹ã…‹ã…‹ã…‹ã…‹ã…‹ã…‹ã…‹ã…‹ã…‹ã…‹ã…‹ã…‹ã…‹,1,0.2263
46,0:46 Vâ€™s reaction is literally me right now,19,0.0
53,0:53 Yoongi hyping Namjoon in TINY.,0,0.2263
26,0:26 Now little meow meow enters,0,0.0
6,0:06 Yes this is my idol ğŸ˜‚ğŸ˜‚ğŸ’œğŸ’œ,0,0.9509
53,0:53 *iM SCREAMING LOOK AT YOONGIâ€™S LITTLE DANCE HEâ€™S DOING*,116,0.2263
135,2:15 v trying to do itğŸ¤£,0,0.4939
54,0:54~yoongi hahahağŸ¤£ğŸ˜‚ğŸ˜„,0,0.2263
39,0:39 now that was a hot dance move :).,0,0.0
102,"1:42
Min Yoongi being anti-social 
It's ok I can relate ğŸ¤£",8,0.6597
92,1:32 no habÃ­a notado ese lunar,0,0.2263
62,1:02 thank me later ğŸ˜Š,1,0.8176
136,"2:16 Taehyung attempting the stunt is literally me attempting anything in my life...only difference is he's perfect at everything else and I'm just an expired leftover that should've been disposed the moment it was left-over....

ğŸ˜happy New Year...",5,0.7717
136,2:16 V is representation meğŸ˜‚,0,0.4404
36,0:36 hahahhaha sempre mim vais ri o V,3,0.2263
29,"0:29 yoongi really said â€œcut the cameras, deadassâ€",3,0.0
110,"1:50
Look at jungkook right hand ğŸ™ƒ",1,0.2263
21,"0:21 RM todo rudo y tierno pero al hacer ese paso me sentÃ­ como que pff... ""Sentimiento indescriptible"" pero todos eran de wooooo...!!
Mi suga todo sorprendido
Y jhope igual hasta tira su gorro ğŸ˜‚ğŸŒ¹ğŸ’œğŸ’œ",0,0.2263
49,0:49 RM tried he really did..,2,0.0
57,0:57 once upon a time suga..kekeke,1,0.2263
89,1:29 namjoonie atrÃ¡s viendo como quedo si video jaja,5,0.2263
28,0:28 Hoseok y Yoongi me representan ğŸ¤£â™¥ï¸,143,0.2263
56,0:56 Suga is such a mood lolğŸ˜‚,1,0.6908
136,2:16 Tae is me trying to recreate BTS' dances and being amazed anyway xD,0,0.7906
20,"0:20 look this swag, damn!",0,0.2263
28,0:28 yoongi is literally the cutest thing ever omg,14,0.5859
22,0:22 0:49  DANCE MASHINE ğŸ˜,0,0.2263
29,0:29 Yooongiii es adorableeee.,5,0.2263
29,"0:29 Suga shoookğŸ˜…ğŸ˜‚
Ohh It's very cool ğŸ˜",3,0.8826
52,0:52 oh no a cat on the lose ğŸ˜‚,0,-0.25
24,"0:24 everyone went OoOoOoO  
0:27 jhope went like: yeah baby tHiS iS mY jAmMmMm 
0:29 suga looked like a reporter in area 51: we cant believe this is actually happening the most powerful got everyone",0,0.8516
53,0:53 Suga's legs kkkk,1,0.2263
29,"0:29 o yoongi kskskskskkskskskskkss morri
 
0:35 o tae todo pitico kkkkkkk

0:53 AAAAAAAAAAAAAA dancinha do yoongi que lindu",6,0.2263
23,"0:23 

SUGA: nope
SUGA: nopee
SUGA: still nope
SUGA at 0:27: SHIT, THIS AIN'T NOPE *and the meow meow starts jumping around from his place*",0,-0.6523
23,0:23 OMG NAMJOON JJSKAKJAKSLWWLKSPWNWNSLSLOAMSOSON,0,0.2263
125,2:05 las greÃ±as de RM hay que hermoso ğŸ’–ğŸ’–ğŸ’–ğŸ’–ğŸ’–ğŸ’–,2,0.2263
35,0:35 that's our rapline ğŸ˜›âœŒ,1,0.4939
91,"1:31
Thanks JK,my super short nails don't look so bad to me anymore.They are bliss now since you have it too.",2,0.7192
53,0:53 Taehyung dancing at the back really caught my attention.,1,0.0
53,0:53 I'm sorry but THOSE PANTS MAKE YOONGI'S LEGS LOOK LIKE SPAGHETTI ASDFHJK,0,0.6369
26,0:26 cap drop ğŸ˜… ğŸ‘ğŸ‘ğŸ‘ğŸ‘,0,0.2263
52,0:52 I am yoongi every time there is a BTS comebackâ¤,2,0.6369
29,0:29 - Yoongi was like *turn that shit off boi it's over for all of us*,1,-0.2732
25,"0:25 you can see Yoongi at the corner getting up like, my babe is the real dance monster now",1,0.3612
31,0:31 You can see how the charisma of a rapper RM ğŸ’œğŸ’œğŸ˜‚,0,0.9062
30,"0:30 mori con esa parte kajaja, amo sus sonrisas son tan extras ahre",0,0.2263
53,"0:53
Look at Yoongi.
El meme no muere, solo evoluciona.",6,0.2263
30,0:30 eu depois do ver esse magnÃ­fico vÃ­deo do Namjoon danÃ§ando,11,0.2263
48,0:48 he tried jumping over his legğŸ¤£ğŸ¤£ğŸ˜­ğŸ˜­,9,0.0516
13,0:13 I see a fanboy! Oh no... Is just jungkook jajsjjsjf,617,0.2263
53,0:53 : the reborn of the yoongi meme,1,0.0
28,0:28 descontrol ğŸ˜‚,1,0.2263
1,"0:01 *Why did you even bother to blur him.We know damn well, that blurred mustache in the back belongs to SON SUNG DEUK*",0,-0.4588
27,0:27 jhope and suga turn to black people.,0,0.0
52,"0:52 
TAE IS *EXCITED* WITH NAMJOONIE HYUNG DANCEğŸ¥º",0,0.2263
21,"0:21  for new ppl, RM is THE normal one in the group.",0,0.0
110,"1:50 maknae line reacting to bts crackheadness, ( jin is the fake maknae dont fight me)",0,-0.2302
78,1:18 that girl luck afğŸ˜­ğŸ˜­ğŸ˜­ğŸ˜­ğŸ˜­ğŸ˜­ğŸ˜­ğŸ˜­,0,-0.9674
73,1:13 son adorables sus piernas de Suga :-) â¤â¤ğŸ’‹âœŒ,1,0.2263
43,0:43 Taehyung is me at 3am teaching my sleep paralysis demon how to twerk.,2,0.0
23,0:23 ok but that was so smooth that it even made Yoongi get up and jump all over the place,0,0.1531
29,0:29 Ø¨Ù…ÙˆØªØªØªØªØª ÙŠÙˆÙ†ØºÙŠ Ø´ÙƒÙ„Ø© ÙŠØ¶Ø­Ùƒ ğŸ˜‚ğŸ˜‚ğŸ˜‚,1,0.2263
27,0:27 a wild yoongi appears from nowhereğŸ¤£ğŸ¤£ğŸ’œ,8,0.891
3,"0:03 I love our 94L together ğŸ’œğŸ’œğŸ’œ
Namjoon/jhope- dancing
Jk- I shall love you namjoon",10,0.9774
27,0:27 Look how sope hyping their Namjoon up!ğŸ˜­â¤ï¸,38,-0.5255
51,0:51 yoongi,2,0.2263
23,0:23 i laugh so hardğŸ¤£,0,0.2263
27,"00:27 - Mr. Son didn't see that coming ğŸ˜‚
01:03 - Mr. Son ğŸ˜",1,0.7096
101,1:41 unbothered yoongi hahaha,0,0.2263
52,0:52 yoongi's dance is so cute and hilarious at the same timeğŸ˜‚,24,0.8667
53,0:53 no one's gonna talk abt how energetic yoongi is?ğŸ˜‚ğŸ˜‚ğŸ˜‚,219,0.8555
40,0:40 DID ANYONE ELSE JUST SEE THIS BEAST???,0,0.0
0,"00:00 SO EU QUE OUVI ""AÃ Ã³""???KKKKK MORTAA STO",0,0.2263
25,"0:25 *_The power of rap line._* I really love the relationship so close and wonderful that Joonie, Yoon, and Hobi have. There is always support, companionship and trust. They are three very special boys.",80,0.9549
19,0:19 RM ğŸ”¥ğŸ”¥ğŸ”¥ğŸ”¥ğŸ”¥ğŸ”¥ğŸ”¥ğŸ’œğŸ’œğŸ’œğŸ’œğŸ’œğŸ’œğŸ’œ Dance Monster ğŸ¤£ğŸ˜‚ğŸ˜,5,0.9792
22,0:22 killing part,0,0.2263
22,"0:22 wuaooooo


Bts :wuaooo


Suga : ğŸ’œ",2,0.2263
29,0:29 HE'S LIKE JZ HE'S LIKE JZ OMYGOD,0,0.7555
96,"1:36 
*Jimin-ssi* ğŸ˜ˆ
*My Not Innocent Eye'sğŸ™ˆ* ğŸ˜‚",0,0.5946
73,1:13 ğŸ˜­ğŸ˜­ğŸ˜­ğŸ˜­ğŸ˜­YAHH! YOONGI -AH! STOP BEING THAT CUTEEEEEE!,18,-0.9602
23,"0:23 PLEASE I CANT STOP REPLAYING THIS THEIR ""OOOOOHHHHHH!!!!!"" SJJSJSJSSJ",5,0.7671
29,0:29 you'll! Remember something! This scene came once again by our meow meow ğŸ˜ğŸ˜,0,0.7639
22,"0:22 At that moment, I knew RM was the main dancer of BTS! I'm Amazed! ğŸ‘ğŸ»ğŸ’œ",8,0.8395
88,1:28 Okay I find Jk extremely attractive from this angle,1,0.7178
29,"0:29 
Yoongi: *dying*",1,0.2263
90,1:30 drop the whole video you coward,1,-0.6249
21,0:21 Joon did Kook's step in We are Bulletproof pt2 haha ğŸ’œğŸ’œğŸ’œğŸ’œ Namjoon i love youğŸ˜ŠğŸ˜ŠğŸ’œğŸ’œğŸ’œğŸ’œğŸ’œ,1,0.9958
28,0:28 suga is so extra ordinary ğŸ˜‚ğŸ˜†ğŸ˜,0,0.8126
52,0:52 Yoongi-ah wut are u doin' HAHAHAHA,0,0.2263
29,"00:29

Everyone: OhhoooOhhhjfjfjejfncnjdsjsjjfjfjfjdjjs

Jhope: Ok..Guys let me take my expensive hat far from Namjoon..",0,0.2263
52,0:52 Yoongi dancing in little ğŸ¥ºğŸ¥º,0,0.0
58,0:58 omg suga looks so cute ğŸ˜‚ his leg so funny lol,4,0.9272
25,0:25 when ur exam ended,1,0.0
27,0:27 Nuestro suga ğŸ˜‚ğŸ˜‚ğŸ˜‚ğŸ˜‚ğŸ˜‚ lo amo,0,0.2263
29,"0:29 wth was that yoongi-ssi ğŸ¤£ğŸ¤£ğŸ¤£ğŸ¤£ğŸ¤£ omg i love you yoongi, thank you for making me laugh so hard ğŸ˜‚ğŸ˜‚ğŸ˜‚ğŸ˜‚ğŸ˜‚ğŸ˜‚ğŸ’œğŸ’œğŸ’œ

Btw 2:12 cutie jiminie ğŸ¥ºğŸ’›",0,0.9955
53,0:53 why is no one talking about suga's lazy dance ğŸ˜‚,3,-0.2023
21,0:21 Jhope who I ONLY KNOW RM as main dancer ğŸ˜‚ğŸ˜‚ğŸ˜‚,1,0.8271
20,0:20 OMFG LMFAOOO,0,0.2263
20,0:20-0:24 Wait I was feeling that part tho ğŸ‘€,0,0.128
28,"0:28 YoonGi-ah, why are you so cuteeeee? ğŸ˜…â¤",1,0.2263
28,"0:28 YoonGi-ah, why are you so cuteeeee? ğŸ˜…â¤",0,0.2263
23,"0:23 Expectativa 
2:15 Realidad 
En mi vida soy v jaja lo amoğŸ˜‚ğŸ’•",3,0.2263
29,"0:29 suddenly i remembered that video when jin said he raps like jay-z then yoongi lose his mind and went ""oh my god he's like jay-z!! He rap like jay-z oh my god!!""ğŸ˜‚ğŸ˜‚",0,0.9321
22,0:22 Namjoon is killing it,0,0.2263
28,0:28 you ' re crazy ğŸ˜‚,0,0.2263
23,"0:23 ohhhhhh!!~~ğŸ˜‚ Rmm so cool, lol",0,0.8464
28,0:28 me everytime Hyungline perform their mixtape on stage!!! ğŸ¤ğŸ‘ğŸ»,1,0.0
88,1:28 OMG JK ... Why ..why are you so handsome.ğŸ’œğŸ¤Ÿ,1,0.9045
22,0:22 that cap trick though....fireeee ğŸ‘‘ğŸ‘‘ğŸ”¥ğŸ”¥ğŸ’•ğŸ’•ğŸ’œğŸ’œ,1,0.9325
86,1:26 vocal line kuuğŸ˜­ğŸ’“,0,0.2263
23,0:23 the hype man..,1,0.0
13,0:13 JUNGKOOK: *you did amazing sweetie*,4,0.2263
80,1:20 *Jungkook is a professional cameraman*,22,0.0
0,0:00 a free replay ğŸ˜Š,0,0.8519
28,0:28 Yoooooongiiiiii you precious beanğŸ˜£ğŸ’œ,1,0.2263
57,0:57 yoongi wtfğŸ¤£ğŸ¤£ğŸ¤£,1,0.2263
87,1:27 is it just me or Kookie looks wayy different than before?? Like... wayy too handsome & manly?? Well I'm not complaining tho!,0,0.8639
28,0:28 suga moodğŸ˜‚,2,0.2263
10,0:10 look how hobi came in so happy. Im soft,0,0.6948
62,"1:02 
Jin looking at the rest of bts

Jin: I'm gonna miss these crackheads when I'm going away in the military
ğŸ˜¢ğŸ˜¢ğŸ˜¢",3,-0.872
52,0:52 Suga is an amazing dancer ğŸ˜‚,0,0.2263
135,"2:15 Tae gon be like :"" I'mma copy everything everyone does "" 
Seriously I can't with this 24 y/o baby tiger, he is sooooooo frikin CUTE.ğŸ˜‚ğŸ˜ğŸ˜ğŸ˜ğŸ… I just stan himğŸ˜˜ğŸ˜˜ğŸ˜˜
I purple you BTSğŸ’œğŸ’œğŸ’œ and ğŸ‰ğŸ‰Happy New Year!!!!ğŸ‰ğŸ‰",3,0.9937
52,"0:52 Omg SUGA ğŸ˜‚ğŸ˜‚ his dance, Iâ€˜m laughing so hard",3,0.7983
23,0:23 we all agree that this dance move was the hypeğŸ‘ğŸ‘ amazing!!!!! No capğŸ§¢ğŸ˜ğŸ¤ª (do u get it?....)ğŸ˜‚,0,0.8469
22,0:22 WOOOAAHHHHHHHHHHAHAHAHAHAHAHHA,0,0.2263
120,"2:00
Jin be like: tHAT'S MY HUSBAND!!!!!!",2,0.2263
23,0:23 the hype is real omg,0,0.0
60,"1:00 *BTS dancing weirdly*
Yoongi: time to work out",53,-0.296
97,1:37 sorry but jimin don't tuck ur clothes in HAHAHAH omg my dirty mind,0,-0.6124
28,0:28 0:53 *_wow yoongi is such a mood_*,1,0.5859
53,0:53 All this point we all know what is Yoongi's Go-to dance steps ğŸ˜‚,1,0.4404
62,1:02 jimin you can't attack me like that â¤,3,0.6852
22,0:22 Is Namjoon's momentğŸ’œğŸ’œğŸ’œ,0,0.9274
15,0:15:Look at jungkook's excitement while taking the video. That's passion,2,0.7351
60,1:00 jimin ğŸ˜­ğŸ˜‚ğŸ˜‚ğŸ˜‚,0,0.2263
13,"0:13 - 1:34  HE KNOWS HE HAD TO TAKE A VIDEO OF THIS MOMENT.
I AM LIVING FOR THE GCF THAT JUNGKOOK MIGHT MAKE FOR HIS HYUNGS. I M  N O T C R Y I N G.",1,0.0
26,0:26 the rapline being a whole mess,0,-0.3612
30,0:30 n there goes yoongi with his iconic shocked gesture.... I CAN'T STOP LAUGHING!,0,-0.5158
24,"0:24 
namjoon: * shows his cap tricks * 

yoongi: *launches himself at the speed of light * AAAHHHHHH",73,-0.128
26,0:26 Daebak woow chincha ğŸ‘ğŸ‘,0,0.0
104,1:44 excited jungkook ã…‹ã…‹ã…‹,0,0.2263
30,"0:30 Suga here gave me ""He raps like Jay-Z"" vibes ğŸ˜‚ğŸ˜†",20,0.2263
97,1:37 I LOVE HOW THEY ALL HYPED TO EACH OTHER ğŸ˜‚ğŸ˜‚ğŸ˜‚,2,0.9278
30,00:30 IM DYING :))))))))))))),0,0.2263
91,1:31 jungkookâ€™s director skills are popping: *all filmmakers were found jobless*,2,0.0
28,0:28 Yoongi be lookin thicc today,0,0.0
11,0:11 jhope hair ğŸ¥°,0,0.8074
102,1:42 Yoongi is at the back like i dunt giva shittu,0,0.3612
79,1:19 ouuu suga hi is soo cuteeeğŸ˜¯ğŸ™‚ğŸ™‚ğŸ™‚â˜º they is so  cuteeeeğŸ˜‚ğŸ˜ğŸ˜—ğŸ˜—ğŸ˜—ğŸ˜—ğŸ˜—ğŸ˜—ğŸ¤—,0,0.2263
85,1:25 Ğ§ĞĞĞ“Ğ£Ğš Ğ¢ĞĞšĞĞ™ Ğ”ĞĞœĞĞ¨ĞĞ˜Ğ™ ĞĞœĞĞ“ĞĞĞĞ”ğŸ˜ğŸ˜ğŸ˜ğŸ˜ğŸ˜ğŸ˜,0,0.2263
26,0:26 why i laugh so hard?ğŸ¤£ğŸ¤£ğŸ¤£,0,0.9069
87,1:27 JK LOOKS SO BOYFRIEND MATERIAL OH GOD,1,0.2263
104,"1:44 Can we talk about JUNGKOOK...?

His face....OMG....",5,0.0
12,"0:12 - how director kook ran to get everything on film...
1:01 - how jimin and jin is chilling in their seat watching their bros being their normal crackhead selves...
2:16 - was that tae trying to copy what joon did with his version of the hat trick?",0,-0.0772
27,0:27 *SUGA simply got me*,1,0.0
112,"1:52
namjoon: * does a hip thrust *
taehyung: wHOAAA

same taehyung, sAME.",334,0.2263
4,0:04 RM too energetic omg love u RM,1,0.2263
53,0:53 lil meow meow hereğŸ˜ğŸ˜‚,0,0.7096
60,01:00 SUGA ğŸ˜‚ğŸ˜‚,0,0.2263
25,0:25 THEY ARE SO CHAOTIC LMAO,0,-0.0877
27,0:27  ğŸ˜‚ğŸ˜‚ğŸ˜‚ğŸ˜‚ğŸ˜‚ğŸ˜‚Sugaaa,0,0.2263
56,0:56 i can't stop laughing at Suga sorry ğŸ˜‚ğŸ˜‚,1,0.2263
27,0:27 this is what I mean when I say boys will be boys,0,0.0
9,0:09 í˜¸ë¹„ ë„ˆë¬´ ê·€ì—¬ìš´ë° ë©í•˜ëŠ”ê±° ë°œë¦°ë‹¤ã… ã… ã… ã… ã… ğŸ’œğŸ’œğŸ’œ,0,0.2263
91,"1:31 Am i living under a ROCK ????
JK has a Mole on his left hand ğŸ’œğŸ’œğŸ’œğŸ’œ",1,0.9766
13,0:13 JUNGKOOKIE SKSKSJKSKSSJ,0,0.0
91,1:31 closest and clearest view of JK's hand,1,0.4939
25,"0:25 my new replay button, HOW I LOVE THESE CRACKHEADS",0,0.7125
40,00:40 did he just i-,1,0.2263
155,2:35 minutes of rapline being crackheads,0,0.0
53,0:53 omgg YoongiiiiiiğŸ˜‚ğŸ˜‚ğŸ˜‚ğŸ˜‚,0,0.2263
61,"1:01 is see jimin
then i become really happy
i love him soo much",2,0.8576
27,0:27 reminds me of that meme you know if you know,0,0.0
55,0:55  yeeting yoongi is back,1,0.2263
70,1:10 *Okay but J-Hope in that outfit makes me feel some things smh-*,2,-0.3612
24,0:24 leader you nailed it,0,0.0
85,1:25 Jeon Jungkook serving us looks,0,0.2263
23,0:23 When you have supportive friends ğŸ˜‚,0,0.802
22,0:22 Whoever says that RM can't dance let me face meğŸ˜’,2,0.0
30,0:30 yoongi oppağŸ¤£ğŸ¤£ğŸ¤£ğŸ¤£â™¥â™¥â™¥â™¥,0,0.2263
25,0:25 LOOK AT YOONGI HYPING UP JOON IN THE BACK,0,0.0
102,1:42 Yoongi at the back again playing with his phone ğŸ˜­ is he really stalking army ğŸ˜‚,1,0.1531
21,0:21 I need Namjoon as the center for their next comeback.,0,0.0
85,1:25 *Vocal Line *ğŸ˜ğŸ’–,0,0.2263
27,0:27 rapline omgggğŸ˜‚ğŸ˜‚ğŸ˜‚ğŸ˜,0,0.2263
0,0:00 to 1:15 chaos created by dance monsterğŸ˜‚ğŸ˜‚,0,0.4767
27,0:27 OMG i can't with them--they are extra af...eye-,1,0.0
26,0:26 RAP LINE GONE WILD,0,0.2263
60,1:00 *I wasnâ€™t ready for Jiminâ€™s forhead* ğŸ˜®ğŸ˜,2,0.6705
43,"0:43  ì •êµ­ ê°ë…~~ğŸ˜
Happy New year~ğŸ€ğŸ€",1,0.7717
96,"1:36

Them praising namjoon is so pure. We love seeing supportive brothers with a matching clap from tae ğŸ˜š",1,0.9308
53,0:53 MIN SUGA~,0,0.2263
25,0:25 same yoongi,0,0.2263
27,0:27 never seen yoongi this excited in my life omfg,0,0.4118
0,"0:00-2:35 
best moments",1,0.2263
