46,0:46 what do you think taetae is listening to? ğŸ¤”,0,0.0
125,2:05 I love how the moment jimin went to Namjoon for translation and he immediately sat down and told him about his father's message  in the sweetest voice.He is the best leader.,0,0.8555
116,"1:56 
Jimin's dad:- **writes letter in English**
2:00
Jimin:- Hyung, plz translate thisğŸ˜—
2:04
RM:- Yeah sure
ğŸ˜‚ğŸ˜‚ğŸ˜‚ğŸ˜‚ğŸ˜‚ğŸ˜‚ğŸ˜‚ğŸ˜‚ğŸ˜‚ğŸ˜‚ğŸ˜‚ğŸ˜‚
Just imagining if BTS wouldn't have had such a great leaderğŸ˜…ğŸ’œ",1,0.9943
74,1:14 .am I the only one who feels itâ€™s better if he says â€˜â€™Cake loveâ€,1,0.4404
98,1:38 ... junkookie omo is so cute ğŸ˜˜ look how he is looking at the cake & pating his stomach...ğŸ˜‚ğŸ˜‚ğŸ˜˜ğŸ’œ..poor baby..jkğŸ˜£,1,0.9356
15,"0:15
No one: 
Literally no one:
Tae 2 secomds before singing 
HappyğŸ˜…ğŸ¤£",0,0.7184
97,1:37 jk is hungry feed him some cakeğŸ¥º,0,0.2263
34,0:34 j hope sound ğŸ¤£ğŸ”¥,0,0.5719
93,1:33 Did any one notice how jungkook rub his tummy when jimin eat cake  ğŸ˜‚ğŸ˜‚ğŸ˜‚ğŸ˜‚ğŸ˜‚ğŸ˜‚ğŸ˜‚ğŸ˜‚plzz give him also,15,0.9545
121,"2:01 is the cutest thing i have ever seen
It's like chimchim asking a word to translate which he cant understand namjoon is definwtly going to be a best dad and he is now like a dad",0,0.9186
59,"0:59 jimin:my lovely son was the cutest
1:01 here comes jin:my lobely sonğŸ˜…ğŸ¤£",0,0.9231
97,"1:37 jungkook watching jimin eating a bittt from the cake: im hungry ğŸ˜‚ğŸ˜‚

plus the members after:
jh: don't hope (ask?) for any event during performance, okay?
j: we had event?

jimin's dad letter: to my beloved son, take care of your body (health). i hope you get everything you want in your life. i love you (2:06)",64,0.9625
75,"1:15 ""Fake cake"" by Jin ğŸ˜‚ğŸ˜‚",0,0.4019
1,0:01 he looked as if he was going to propose y/n,3,0.0
76,"1:16 that ""fake cake""ğŸ¤£ğŸ¤£ğŸ¤£",1,0.7579
128,2:08 lol RM again became translator,0,0.4215
75,1:15 is where he says â€œmAkE a CaKel,0,0.0
74,1:14 *FAKEU CAKE*,0,0.0
133,"2:13 ""wahh appa romantic""",0,0.4019
122,2:02 I don't speak korean but I can bet it was something written in English and jimin went straight to joon to translate,3,0.3291
58,"0:58 that was so cute 
My lovoly soenğŸ˜€ğŸ˜‚",0,0.8506
58,0:58 Did they just write in the card my lovely son ?,0,0.5859
75,"1:15
Jin singing â€œfake cake, fake cakeâ€ in â€œfake loveâ€ rhythm is EVERYTHING ğŸ˜‚ğŸ˜",0,0.4215
115,1:55 the letter is English and he need Namjoo's to translate it,0,0.0
63,"1:03
JK: give the folower on the folower my love lisa/lisanğŸ’œ
its my thought no hate,ARMYğŸ’œ",2,0.9081
104,1:44 bruh namjoon you kidding HAHAHA what are you doing in the back,0,0.694
74,1:14 ok they have to switch the lyrics and make that the lyrics instead FAKEU CAKE,1,0.296
120,2:00 the cutest part when jimin give the latter to RM to read for himğŸ¥ºâ˜ºğŸ’œ,51,0.9001
120,2:00 chim looks so cute approaching leader namjoon for him to translate his father's letter uwu,716,0.5949
134,2:14 is the only thing i understand and it's ok,2,0.296
73,"1:13 xD Fake Cake, the new MV",70,0.1779
96,"1:36 JK always hungry, u'r so cuteeee ğŸ˜‚",225,0.6739
75,1:15 is the only thing I came for,0,0.0
32,0:32 wtf aren't ya'll profesional singers,1,-0.5859
96,"1:36-142 Jinâ€™s brain: it might just be as handsome as me..





Like if u get the joke",3,0.7845
76,1:16 I'm so sorry but it's FAKE CAKE FAKE FAKE CAKE,0,-0.9591
95,"1:35 
the way jungkook look at the cake..
jungkook mind: 
cake bogoshipta... ğŸ¤¤
ğŸ¤£ğŸ˜†ğŸ¤£ğŸ˜†ğŸ¤£ğŸ˜†ğŸ˜‚ğŸ˜…",1,0.9661
75,1:15 what you came for,1,0.0
122,2:02 he wents to RM for the translate it ğŸ˜‚ you are so lovely,0,0.8301
44,0:44 Taehyung not bothered about the world.... Just stuffing his mouth.  ğŸ˜‚ğŸ˜‚,177,0.7758
98,"1:38 Bias Jhope

ME: sees jhope's arms 
Also Me: oH mA GOd..... ThOsE MuSclEs

JIN:FAKE CAKE FAKE CAKE",0,-0.4824
32,0:32 this high note oh myyğŸ˜ğŸ˜‚ğŸ˜‚,2,0.8316
97,1:37 give this cute little bunny to eat somethingğŸ’œğŸ’œğŸ˜˜ğŸ˜˜,621,0.9552
143,2:23 UKAL MAN HAHAHA,0,0.6523
76,1:16 FAKE COOKEY,0,-0.5904
124,2:04 suga was also transltingğŸ˜‡ğŸ˜‡ğŸ˜‡ğŸ˜‡ğŸ˜‡ğŸ˜‡ğŸ˜‡ğŸ˜‡,1,0.9719
80,1:20 The way jungkook stands is really interesting ğŸ˜‚,13,0.7089
122,2:02 did Jiminnie called Jonnie-hyung to translate him the little message im soft,6,0.0
1,"0:01 Why does JK look like he's about to propose?!!ğŸ˜‚ğŸ˜‚ğŸ˜‚
Cute!ğŸ’•",2704,0.9683
48,0:48 sooooo tae just out here wearing fake airpods huh,0,-0.4767
14,"0:14 wtf , for a second I thought that a sexy girl is sitting but it is actually J hope like look at himğŸ˜‚ğŸ˜‚ğŸ˜‚ğŸ˜‚",0,0.9729
75,1:15 Seokjin is one very special young man.,0,0.4576
14,0:14 i keep repeating this part and i'm just laughing. why? :'),1,0.7579
74,1:14 OMG JIN ğŸ˜‚ğŸ˜‚. FAKE CAKE FAKE CAKE,0,-0.434
7,"0:07 ğŸ˜‚ I just noticed how taehyung is always eating his sandwiches without the crust!! Aww babyy,ğŸ’œ",0,0.8264
57,"0:57 ""my lovely son"" omg that was so cute",3,0.8256
97,"1:37 Jungkookie Xoa xoa bá»¥ng
JKssi said :'I want to eat your cake, Jimin ssi' ğŸ˜‚",0,0.4939
75,1:15 Fake cake ğŸ˜‚ itâ€™s funny. Lovely Worldwide Handsome Jinâ£ï¸,3084,0.9313
95,1:35 Jin stares at the cake haha maybe he wants to eat it. ğŸ˜‚,0,0.7096
75,"1:15 LMAO I FXXKING DIED XDDDD ""F-FAKEU CAKE~ FAKEU CAAAKKE~"" ğŸ˜‚ğŸ˜‚ğŸ˜‚ğŸ˜‚ğŸ˜‚ğŸ˜‚ğŸ˜‚ğŸ˜‚ğŸ˜‚ğŸ˜‚",0,0.9805
75,1:15 WHY IS JIN SO CUTE FOR MY HEART IS GONNA EXPLODE,48,0.9124
57,0:57 â€œmy LuVEly sOnâ€,0,0.0
126,2:06 when oppa Namjoon is a translatorğŸ˜‚ğŸ˜‚ğŸ˜‚â¤ï¸ğŸ¥°,0,0.9432
13,0:13 happy birthday bitchin,1,0.5719
74,"1:14 fake cake
Me : *chokes on cake* ğŸ˜‚ğŸ˜‚",0,-0.0772
55,"0:55
Jin: Hurry up!! I wanna eat it!!",2,0.0
47,"0:47 V be showing off his airpods..




canâ€™t relate..",2,0.0
41,0:41 he blew the candle with his nose ğŸ˜‚,0,0.4404
10,0:10 *screams*,1,-0.296
75,1:15 I'm waiting for the memes ğŸ¤£ğŸ˜‚,1,0.7269
49,0:49 so we not gunna talk about taeâ€™s AirPods?,0,0.0
79,1:19 awww why is Jin so cute ):,1,0.1994
34,0:34 damn jhope really went for that noteğŸ˜‚,1,0.0516
74,"1:14 LOL
Jin is the best hyung foreverâ¤",7,0.9175
133,2:13 RM EL TRADUCTOR ğŸ‘,0,0.0
75,"1:15

SONG= FAKE CAKE
ARTÄ°ST=KÄ°M SEOK JÄ°N
YOUTUBE LÄ°CENSE= (BTS, BÄ°GHÄ°T, KÄ°M SEOK JÄ°N ) ğŸ˜‚ğŸ˜‚ğŸ˜‚",0,0.595
33,0:33 the most beautiful birthday celebration Ä± have seen in the worlod ğŸ˜‚ğŸ˜‚ğŸ˜‚ğŸ˜‚ğŸ˜‚ğŸ˜‚ğŸ˜‚ğŸ˜‚ğŸ˜‚ğŸ˜‚,0,0.9851
40,0:40  nice shot,1,0.4215
123,2:03 you can hear yoongi translating the letter in bg...,0,0.0
121,"02:01 the way jimin called ""namjoon hyung"" and RM look at jimin immediately made me soft. my gadh my heartuuu...",13,0.0
82,1:22 FAKE CAKEEEEE FAKE CAKEEEEE ğŸ˜‚ğŸ˜‚ğŸ˜‚ğŸ˜‚ğŸ˜‚ğŸ˜‚ğŸ˜‚ğŸ˜‚ğŸ˜‚,0,0.9471
75,1:15 FakeU ChAKeE,1,0.0
99,1:39 pardon me but Jin wants some too,0,0.1655
47,0:47 is Taehyung wearing black airpods? Dope,0,0.0
20,00:20 Tae eating his banana I love him,0,0.6369
113,1:53 Volvic water is actually disgusting but if bts drink it I might change my mind,0,-0.296
57,"0:57 him reading ""my lovely son"" in engğŸ˜ŠğŸ˜ŠğŸ˜Š so adorableeeeeee",0,0.9674
75,"1:15 i call ryuseralover to remix this ""fakeu cake"" part",0,0.0
122,2:02 *awww Joonie translating is the cutest* ğŸ˜Š yâ€™all here yoongi start it though... _heâ€™s secretly fluent_ lol ğŸ’œ,1,0.9501
20,0:20 Iâ€™m that friend whoâ€™s always eating at partys ğŸ¤£,0,0.7506
123,"2:03 jimin ask leader dad to read the letter,it is meaningfulâ¤",0,0.7579
32,0:32 woah did their voices just changeğŸ˜¯,2,0.0
40,"0:40 Did he just blow the candle with his nose..?
I'm not surprised tho, it's just BTS :D
Love you Jiminie (and everyone else) :3 â¤",0,0.9439
10,0:10 Thats all im gonna say,0,0.0
97,1:37 Jungkook rubbing his stomach staring at that cake is a MOOOOOOOD,0,0.0
74,"1:14 *im so sorry for this FAKE CAKE,FAKE CAKE*",0,-0.6782
9,0:09 when its Jimins bday and v is eating sandwiches,0,0.0
40,0:40 omg my man jimin blew the candle with his noseğŸ˜ŠğŸ˜‚ğŸ˜‚ğŸ˜‚ğŸ˜‚ğŸ¤˜ğŸ¾â¤,210,0.9674
135,2:15 â€œApPa RoMaNtIcâ€,0,0.0
121,"2:01 that ""namjoon hyung"" killed me ğŸ˜­ğŸ˜­ don't tuch me i'm softğŸ’œ",0,-0.7579
58,"0:58 the way he says ""my lovely son"" ğŸ˜­â¤",0,0.7096
63,1:03 DiD I heard My lovely son asshole??xD,0,0.6322
98,1:38 jin look at the cake a long tineğŸ˜‚,0,0.4404
78,1:18 Jin really looking like he wants to eat the fakeu cake,0,0.4173
97,1:37 Jungkook â€˜I want to eat that cakeâ€™,0,0.0772
33,0:33 - 0:36 the ğŸ¤£ğŸ¤£ğŸ¤£ the greatest vocal,0,0.93
57,0:57 that's cuteğŸ˜­ğŸ˜­ğŸ˜­ğŸ˜­ğŸ’œ,0,-0.6369
121,2:01 they are so cutee,1,0.0
126,2:06 Our Leader/Translator for BTS/BIg Bro for the members... ğŸ˜˜ğŸ˜˜#KingKimNamjoon,0,0.4215
122,"2:02 The way jimin say ""namjoon hyung"" to translate the card is so cuteeğŸ’œğŸ’œ and we know that namjoon is bangtan google translateğŸ˜„ğŸ˜„",345,0.9621
0,00:00 he looks like a prince!,0,0.4199
75,1:15 was iconic Jsjsjsjsjsjjd his little laugh at the â€œfake cakeâ€ WJSJJSJSJS PLEASE I LOVE SEOKJIN,0,0.9057
39,"0:39 i love jin sm ksksk he said ""because our jimin is now 1 year old..."" LMAO",0,0.87
98,1:38 See Jin staring at the cakeğŸ˜‚,0,0.4404
10,0:10 J-hope :),1,0.4588
87,1:27 RM playing with his phone,0,0.2023
102,1:42 please let's talk about Jk and Jin's reaction to the cake.,0,0.4939
97,1:37 Jungkook rubbed his tummy after seeing Jimin eat the cake why is he so adorable?,0,0.6269
44,0:44 umm..V a little attention please look at his full mouth omg cuteğŸ¤£ğŸ¤£,0,0.8865
76,1:16 Jin:  FAKE CAKE!ğŸ˜‚,0,-0.3016
97,1:37 Jungkook rubbing his stomach staring at that cake is a MOOOOOOOD,510,0.0
135,2:15 Jimin saying his father is  romantic ğŸ˜‚ğŸ˜‚ğŸ˜‚ğŸ˜‚ğŸ˜‚,0,0.9451
102,1:42 Jin swallowing his saliva lol everyone look at the cake ğŸ˜‚ğŸ˜‚,0,0.8225
11,"0:11

You're welcome",0,0.4588
23,0:23 Did Jungkook give the flower to Jimin ?? ğŸ˜ğŸ’•,0,0.8253
1,0:01 I thought: Who is a lucky girl? Because Jungkook will give his flowers for her. Lol ğŸ˜‚ğŸ˜‚ğŸ’œğŸ’œğŸ’œ,1,0.975
0,0:00 such a boyfriend typeğŸ˜ğŸ˜â¤ğŸ˜™â¤ğŸ˜ğŸ˜™â¤ğŸ’‹,247,0.9897
97,"1:37 JK tryna communicate with jimin like ""I'm hungry, gimme sum""",0,0.6289
9,0:09 wasn't tae eating a sandwich:O (what a cool transition),0,0.3182
10,0:10 is no one else talking about how good hoseok looks here,0,0.1779
2,0:02 here we have another cute lisp by bunny Kookie ğŸ°ğŸ˜ŠğŸ˜,0,0.9001
12,"0:12
They turned off the lights and tae was still chilling eating his bananağŸ˜‚ğŸ’œ",0,0.7906
30,0:30 this will never get oldğŸ’œğŸ’œ,0,0.8555
32,0:32 extra... as always ğŸ˜‚,1,0.4404
76,1:16 i almost choke on my cocacola ğŸ˜‚ğŸ˜‚ jin you savage,0,-0.1045
120,2:00 Nam Yoon traductor de ingles a coreano 2019,67,0.0
100,1:40 JHOPES SMILE. AAAA MY GOD! He so cute i can NOT!,0,0.8733
98,"1:38 Jungkook rubs tummy because he want nom nom cake 

1:46 Joon, its Jimins b day, stob texting and pay attention

Why is Tae eating a banana?

Jimin lookin noice in that merch.",0,-0.0258
125,2:05 Yoongi translated faster than Joon we been knew he secretly fluent in EnglishğŸ˜†,414,0.3612
76,"1:16 â€œFake cakeâ€
SEOKJIN LMAO WHY IS HE LIKE THIS",788,0.8345
74,1:14 Jin is so cute xD,0,0.8379
50,0:50 tae was flexing on us with his airpods,82,0.0
75,"1:15 I am so sorry but it's a fakeu cake, fakeu cake,",47,-0.0953
75,1:15 Please don't tell me I'm the only one that laughed ğŸ˜‚,0,0.802
37,0:37 did anyone else notice Jimin blowing the candle out with his nose? ğŸ¤£,99,0.4939
97,1:37 Jungkook rubbing his stomach looking at the cake is a MOOOOOD!,179,0.0
32,"0:32 Obviously, BTS does not have harmony",0,-0.3089
40,"0:40 Uhmmmmm! J-hope my boy....lets  have a talk! SH*T DOWN! So like....you have been bias wreaking me since the BTS movie....and i think that LOOK RIGHT THERE IS *FINE OH FINE*
i would like if you stop! But its ok if you dont want to i mean- ğŸ˜ğŸ™‚",1,0.8651
96,"1:36
Why did i hear something in Finnish",0,0.0
47,0:47 this boy over here with his airpods at his friends party lol ğŸ˜‚ğŸ˜‚,9,0.9246
77,"1:17 suddenly Iâ€™m a solo stan ğŸ¤¡
Ho dare they not laugh at my babyâ€™s joke 
(Issa joke donâ€™t kill me yâ€™all)",0,-0.6398
8,0:08 the way tae cut off his little crust ğŸ˜ğŸ˜somebody protect him ğŸ˜‡,30,0.849
71,"1:11 let's just take a moment and appreciate j Hope's sexy arms
1:15 let's also appreciate Jin singing ""fake cake"" ğŸ‚ğŸ‚",168,0.6908
114,1:54 namjoon busy over there I see ğŸ‘€,0,0.0
75,1:15 I'm waiting ARMY'S for making a song with this,0,0.0
99,1:39 i see u jin checking out that cake,0,0.0
15,0:15 lol Jimin didnâ€™t finish coming in ant they already started singing uwuğŸ’œ,0,0.7906
121,"2:01 free replay button for Jimin's cute ""Namjoon Hyung""",0,0.743
58,"0:58 ""My lovely son"" noemu cutteee",0,0.5859
11,0:11 so no one is going to talk about how hot this look is on Hoseok??,0,-0.4316
41,"0:41 
*dont mind me screaming over hoseok*",0,0.2924
102,1:42 Kookie you must be hungryğŸ˜‚ğŸ˜‚ 2:02 lettuce in a bouquet!ğŸ˜‚ he is jinjja hungry!!ğŸ˜„,0,0.9334
74,"1:14
Fakeu cake!Fakeu cake!!
So adorableğŸ˜‚ğŸ˜‚â¤
And when Jimin said ""Namjoon Hyung""so cutee",0,0.9432
41,0:41 did he...did he blow out the candle with his nostril? ğŸ˜‚,0,0.4404
95,1:35 JK and food episode 125,0,0.3885
98,"1:38 Jungkook's like cut the crap, I want cake NOW!!!",0,-0.4168
40,"0:40 So ... No one is going to ask why Jimin turned off the little candle with his nose?

That was the weirdest and most beautiful thing I've seen today, haha.ğŸ’–",0,0.8811
75,"1:15 JAJSJSJA FAKE CAKE? ğŸ˜‚
Happy Birthday JEMENCHEEEEEE MAI BEBÃ‰ :V  ğŸ’–ğŸ˜»
Hora SE VIENE EL DE JHOPE :^^^ ğŸ˜‡ğŸ’—",4,0.9641
120,"2:00 this ""Namjoon hyung"" pronounced with this sweet voice melts my heart. Their brotherhood is so beautiful",0,0.9286
75,"1:15 Iâ€™m no sick of this 

FAKE CAKE

FAKE CAKE 

FAKE CAKE

ğŸ˜†ğŸ˜†ğŸ˜†ğŸ˜†ğŸ˜†ğŸ’œğŸ’œğŸ¥³ğŸ¥³ğŸ¥³",362,0.9509
20,0:20 JUNGKOOK DECLARING TO JIMIN,15,0.0
74,"1:14
Jin:fake cake!fake cake!
me:can i wait the full of song ğŸ˜‚ğŸ˜‚ğŸ˜‚ğŸ˜‚",0,0.9039
74,1:14 *Jin's fake cake is adorable~Uwu i love this dork!*,470,-0.2363
97,1:37 Jungkook rubbing his stomach while watching jimin eating his cake... Why is he so cute ğŸ˜‚ğŸ¤£ğŸ¤­ğŸ¤­ğŸ¤—ğŸ¤—ğŸ˜ğŸ˜ğŸ˜ğŸ˜˜ğŸ˜˜ğŸ˜˜ğŸ˜˜,0,0.9907
67,1:07 what ya doing back there Joonie?? ğŸ˜‚ğŸ˜‚ğŸ˜‚,0,0.8426
134,"2:14 look at namjoon's phonecase :,)ğŸ’˜",0,0.6369
74,"1:14

Jin: Fake cake!
.
.
.
Me: I can't wait for the songâ™ª

Also Jiminie happy birthday may all your wishes come true and have a great 2019â™¥ Saranghee!",312,0.9311
74,1:14 FAKE CAKE! Jin being a mood forever,1,-0.628
74,1:14 FAKE CAKE ğŸ˜‚ğŸ˜‚ğŸ˜‚ğŸ˜‚ğŸ’“,0,0.8507
74,1:14 â€œ FAKEU CAKE FAKEU CAKEâ€ ğŸ˜‚ğŸ’œ,127,0.7964
125,2:05 JIMIN LE PIDIÃ“ A NAM SI PODÃA TRADUCIRLE LO QUE DECÃA EN LA TARJETA AAAAAAHHHHH ME DERRITO DE AMOR ğŸ˜ğŸ˜ğŸ˜ğŸ’œğŸ’œğŸ’œğŸ’œğŸ’œğŸ’œğŸ’œğŸ’œğŸ’œğŸ’œğŸ’œğŸ’œğŸ’œğŸ’œğŸ’œğŸ’œğŸ’œğŸ’œğŸ’œğŸ’œğŸ’œğŸ’œğŸ’œğŸ’œğŸ’œğŸ’œğŸ’œ,0,0.9992
24,0:24 the KOOKMIN is real !!!sorryğŸ˜Š,40,0.7633
98,1:38 jungkook wants the cake but he knows he has to be patient,1,0.0
8,0:08 Anyone notice Tae picking the crusts off his sandwich? A true baby at heartğŸ˜‚ ğŸ’œ,0,0.9337
11,0:11 oh fuck look at hoseok,0,-0.5423
57,"0:57 de: Yoongi 
Para : My love, Park Jimin. 
*Yoonmin forever*",2,0.6369
75,"1:15 Jin's ""FaAkE cAkE"" IM WHEEZING SKKDJFSJ I LOVE HIM",0,0.7125
66,1:06 is namjoon twirling his arms in the background lol he's so cute,0,0.7264
41,0:41 HAHAHAHAHA hoseok is discusted hahahahaha yall remembered when RM had the same reaction,0,0.0
98,1:38 poor JK rubbing his belly in the cutest way ever ğŸ˜­ğŸ˜­ğŸ˜­ğŸ˜­ğŸ˜ğŸ˜ JUST GIVE HIM SOME OF THE CAKE  ğŸ¤¬ğŸ¤¬ğŸ¤¬,0,-0.4708
33,0:33 hahahahah high note competition,0,0.0
121,2:01 maybe the letter from his parents is english so he ask some help to our leader who is good at englishâ¤,0,0.8689
98,1:38 the way jungkook touched his tummy. It looks like he's already starving HAHAHAAğŸ˜‚â¤â¤,0,0.9001
75,1:15 Jin's fake cake is so cute HAHAHAAğŸ˜‚â¤,5,0.8345
58,"0:58 ""My lovely son"" ğŸ˜â¤",0,0.9001
54,0:54 â€œMy lovely son. I hope you take care of yourself and I hope you will achieve everything you want. I love you.â€ ğŸ¥ºğŸ¥ºâ¤ï¸â¤ï¸,615,0.9538
58,"0:58 ""my lovely son"" BISH THAT'S SO CUTE I'M CRYING MY EYES OUT BSBSKANJDNSJAJ",0,0.6949
135,"2:15 Joon's soft smile I-


he really loves the members with all his heart",0,0.8932
114,1:54 They blurred Hoseoks screen lol,0,0.4215
96,1:36 I can't our Kookie is hungry and saying it to himself haha ğŸ˜‚ I loveee him soooo much ğŸ°ğŸ˜ğŸ’•ğŸ‘‘ğŸ’œ,0,0.9545
74,1:14  Jin: FAKE CAKE ğŸ˜‚ğŸ˜‚ğŸ˜‚,13,0.595
58,0:58 I love when he say lovely awwww so cute my lovely jimin...,0,0.9465
76,"1:16  everyone.... Lets laugh for him, leave your laughs in the comments ğŸ˜‚ğŸ˜‚",0,0.9081
89,"1:29 - 1:36 Suga doubting himself, after he told Jimin that itâ€™s actually chocolate ğŸ˜†",0,0.0258
76,1:16 ğŸ¶ğŸ¶ğŸ¶ğŸ˜‚ğŸ˜‚FAKE CAKE.......ğŸ¶ğŸ¶ğŸ¶ğŸ¶,1,0.25
121,2:01 unexpected the handsome translator with little cutie jiminn,0,0.6605
93,1:33 JK is SOO whipped for the cake ğŸ˜ I ship it #jake #cakook,0,0.6841
4,"0:04 Oww Jungkookie was so nervous because of Jiminie â™¥
And then he gave the flowers to himâ™¡â™¡
My Jikook heart was touched ;u;",1,0.769
105,"1:45 namjoon in the bg.. i thought he was part of the painting lol


just proves how â€˜perfectâ€™ he is ğŸ‘€",0,0.4215
122,"2:02 it's me when i am in a store and then, distrack the shopkeeper. 
2:03 and then the shoopkeeper is already helping ğŸ˜‚ğŸ˜‚ğŸ˜‚
#JUSTFORFUN
#DON'TTAKEITSERIOUSLYğŸ˜‚ğŸ˜‚ğŸ¤—ğŸ¤—ğŸ‘ŒğŸ˜†ğŸ˜†",0,0.9861
76,"1:16 Nobody said anything, little baby :(((ğŸ’–ğŸ’–ğŸ’–ğŸ’–ğŸ’–",0,0.9845
75,1:15 I need a full song of Jinâ€™s FAKEU CAKE now!,0,0.0
122,2:02 I was so happy when I saw the febreeze spray...finally something we have in commonğŸ˜…,0,0.8042
16,0:16 wrongly happy birthday ğŸ˜‚,0,0.765
76,"1:16 Jin's song... I love it!!
Suga.. Why you're soo handsome!!???",0,0.8781
125,2:05 I can only see namjoon and his babyğŸ˜­ğŸ˜­ğŸ˜­ğŸ˜­ğŸ˜­â™¥ï¸,0,-0.8834
40,0:40 the way he blow the candle ğŸ˜‚ğŸ˜‚ğŸ˜‚,0,0.8271
58,"00:58 ğŸ˜‚ğŸ˜‚ğŸ˜‚
Jimin:*my lovely son*
Jin:*my lovely SONASO*

1:15 ğŸ˜‚ğŸ˜‚ğŸ˜‚FAKE CAKE FAKE CAKE ğŸ˜‚ğŸ˜‚ğŸ˜‚",1,0.9752
97,1:37 eat JinğŸ˜‚,0,0.4404
75,"1:15 Jin will never run out of the funnies.  I will now and forevermore hear him singing ""Fake Cake"" (I thought he said ""bake a cake"" at first) during his parts in FAKE LOVE.",0,0.0772
121,2:01 #RM you the best,0,0.6369
97,"1:37 ""I know it's your birthday. Happy birthday hyung but please hurry up I'm so freaking hungryyyyyy""",0,-0.1592
66,1:06 NAM GIRANDO ATRÃS JAJAJJA,0,0.0
59,0:59 'I can only read up to my lovely son' ğŸ˜‚ Jimin I feel you me being an international fanğŸ˜…,27,0.8885
67,"1:07 ""(the cake) looks good looking. Looks like you."" SJDJFKKF what a way to compliment",0,0.8176
100,1:40 Hobi and Jin teasing Jimin I just can'tğŸ˜‚ğŸ˜‚,24,0.7944
76,"1:16 can we have a cover?
#fakeucake",1,0.0
75,1:15 i just need somebody to put this fake cake part as a bts crack of fake love and i'll rest in peace,0,0.2441
9,0:09 OH MY GOD OH MY GOD OH MY GOD HOLY MOLY not even 9 seconds into the video and u shoe me THIS HOSEOK WITH THAT OUTFIT help u can't he is stunning he is more shining than the sun HONESTLY AESTHETICS GOALS,0,0.9144
135,2:15 did he say his dad is romantic?...lmfao,0,0.0
84,1:24 Find someone who looks at you the way Jungkook looks at that cake,697,0.0
121,2:01 UwU when he walks to Namjoon so he can translate what his dad write to him that so sweetğŸ˜ğŸ˜ğŸ˜,1,0.9208
16,"0:16 aww so cute reactionğŸ˜ happy birthday Jimin (again) 
Hope you had a awesome dayâ˜ºï¸",2,0.9675
74,"1:14 ""Fake Cake"" ğŸ˜‚

Happy Birthday Park Jimin!!! â¤â¤",0,0.9297
58,0:58 My heartuu ğŸ˜­ğŸ˜­ğŸ’–ğŸ’–,0,0.765
22,"0:22 
Los shippeo â¤ğŸ˜",0,0.802
97,1:37 Jungkook:I want to eat all this cakeğŸ¤«,0,0.0772
75,"1:15 Lol I just imagined ARMY chanting _Fakeu cake, Fakeu cake_ instead of Fakeu love ğŸ˜‚",76,0.872
75,"1:15 Lol I just imagined ARMY chanting _Fakeu cake, Fakeu cake_ instead of Fakeu love ğŸ˜‚",185,0.872
11,"0:11 GOD...
SAVE ME ME MEEE
WHAT!ARE!YOU DOIN' J-HOOOPEEE!
Omg my hearteu is my hearteu isâ¤ï¸â¤ï¸â¤ï¸ğŸ˜ğŸ˜ğŸ˜ğŸ˜",0,0.962
58,"0:58
""My lovely son"" KANSJSBDUSJSHSIIS <3 cUTEE",0,0.7717
75,"1:15 FAKE CAKE! 
#Fakecake",0,-0.628
48,0:48 Tae has airpod he cant hear haters,0,0.3875
1,0:01 the man that every girl wants is holding a bouquet ğŸ’œ,0,0.6369
143,"2:23
 la caraa de JiminğŸ˜, parece un bebe
Jimin's faceeğŸ˜, he looks like a baby",0,0.8176
75,1:15 is my favorite part ğŸ˜‚ğŸ˜‚,0,0.8316
11,0:11 why isnâ€™t anyone talking about J-hopeâ€™s ....,0,0.0
77,"1:17 Iâ€™m so sick of this fake cake, fake cake, fake cake. Iâ€™m so sorry but itâ€™s fake cake, fake cake, fake cake",0,-0.9665
39,"0:39
nosepower, thank you ğŸ‚",0,0.3612
78,"1:18 Me Encanto OÃ­r A Omma Cantar ""Fake The Cake"" JAJAJAJAJA",0,-0.4767
75,"1:15
F A K E U  C A K E
F A K E U  C A K E
( i die help xd )",0,0.3818
75,1:15 when are we getting full track bighit?,0,0.0
76,1:16 when no one laugh at Jin's jokeğŸ˜‚,0,-0.0062
22,0:22 Jk is giving the flowers to JiminğŸ˜‚,0,0.7351
133,2:13 namjoonâ€™s phone case is Van!ğŸ¥º,69,0.0
75,"1:15 ""Fake Cake Fake Cake""ğŸ˜‚ğŸ˜‚ Our Mochi is sweater then Honey..ğŸ’ğŸ˜†",0,0.743
74,1:14 FAKE CAKE HAHAHAHAHAHAHAH I CANNOT,0,-0.5904
13,0:13 Silent for Awhile ğŸ¤,0,0.0
75,1:15 FAKE CAKE FAKE CAKE ğŸ˜‚ğŸ˜‚,0,-0.434
90,"1:30
i bet yoongi wanted to feed his baby jimjim that chocolate
ğŸ’œğŸ’œğŸ’œğŸ’œğŸ’œ",0,0.9719
75,"1:15
My god...This boiii!!ğŸ˜…ğŸ˜‚ğŸ¤£",0,0.8475
144,2:24 the way RM says â€œhyungieâ€ ğŸ˜­ğŸ˜­,0,-0.7351
59,0:59 â€œmy lovely sonâ€,0,0.5859
39,0:39 Is it me or did Jimin really blow the candle with his nose ? ğŸ˜‚ğŸ’œ,0,0.7964
30,0:30 *the best vocals i've never heard such angelic voices*,0,0.6369
97,1:37. Like Jungkook is waiting to eat the cake. *XD*,211,0.3612
121,"2:01 The way Jimin said ""RM hyung"" when he asked him translate the note from his parents is absolutely ADORABLE!! And RM you're truly a genius! What a quick translation!",0,0.8517
97,1:37 please give to my jungkook too look he's rubbing his tummy lol,0,0.6249
41,0:41 this thing is started by jungkook lol I wanna see namjoon's reaction I bet he must have cringed lol,0,0.6808
1,"0:01 The man of your dreams holding a bouquet ğŸ˜­
What a view ğŸ˜",91,0.3818
8,0:08 The way Suga stares at V sandwhich,0,0.0
48,"0:48  V is so cute when he's eating ğŸ˜­ğŸ˜­ğŸ˜­ V I love you so muchğŸ˜¢
And  jimin you're nice keep goingğŸ’—ğŸ’—ğŸ’—happy  birthdayğŸ’—ğŸ’—",0,0.9701
125,2:05 imma cry ocean now,0,-0.4767
88,1:28: LOL RM  be on bts_twt like: hI sHistErs also I thought Jimin's B-day was in October...?  Sry i was confuuuused,1,0.7213
92,"1:32
Suga, whom you wished to eat, the cake 
or Jimin? 7v7 I think is the second option.",0,0.0
75,1:15 FAKEU CAKE!!,0,0.0
75,1:15 why is he so annoying xaghsxags I love this idiot ğŸ–¤ğŸ¤¦ğŸ»â€â™€ï¸,1,0.2579
130,"2:10, to triste e soft",0,0.0
91,1:31 Is that camera for Burn The Stage 2?,0,0.0
75,1:15 FAKE CAKE FAKE CAKE ğŸ˜‚ğŸ˜‚ğŸ˜‚,0,0.0088
75,1:15 Ryu's new video is about to come ğŸ˜‚ğŸ˜‚,0,0.7003
75,1:15 I'M SO SICK OF THIS FAKE CAKE FAKE CAKE,0,-0.9407
34,0:34 oh wow hobi's hidden talent his highnote ğŸ˜‚,0,0.8591
131,2:11 Thats so Cute ğŸ’,0,0.8566
75,1:15 FAKE CAKE FAKE CAKE ))),84,-0.8256
74,1:14 Jin is so cute while singing FAKE CAKE FAKE CAKE,13,-0.5858
121,2:01 MORI DE TERNURAAAA. JIMIN LLEVANDOLE LA CARTITA QUE LE MANDO EL PADRE A NAM PARA QUE LO TRADUZCA FKSNFKDNFIFJ,0,0.0
97,"1:37 ""I want eat.""",186,0.0772
75,1:15 fake cake makes me rolling on the floorğŸ˜‚,0,-0.0516
75,1:15 *FAKE CAKE* ğŸ˜‚ğŸ˜‚ğŸ˜‚ğŸ˜‚,657,0.7761
22,"0:22 
*Jungkook handed Jimin the bouquet of flowers*
Jiminâ€™s mind: â€œAm i getting married to Jungkook now?ğŸ˜­ğŸ˜­ğŸ˜‚ğŸ˜‚â€",6,-0.6369
131,2:11 Namjoon and his baby boy Jimin,0,0.0
72,1:12 Jin trying to stop himself from grabbing the cake and stuffing his face.,0,-0.296
76,1:16 @RYUSERALOVER is you Time to shine lol,0,0.4215
34,0:34 jin's high note never disappointed lmao ğŸ˜‚ğŸ’œ,15,0.7585
97,1:37 He just want to eat :(((,323,0.0772
131,2:11 *father and his baby son* im soft ğŸ˜ŒğŸ˜ŒğŸ˜ŒğŸ˜ŒğŸ˜ŒğŸ˜ŒğŸ˜ŒğŸ˜ŒğŸ˜Œ,643,0.9657
74,1:14 oh no JinğŸ˜‚ğŸ˜‚ğŸ˜‚ğŸ˜‚ğŸ˜‚the silenceğŸ˜‚ğŸ˜‚ğŸ˜‚ğŸ˜‚ğŸ˜‚lmfaooooooo,10,0.9531
77,1:17 cool song jin ğŸ˜‚ğŸ˜‚ğŸ˜‚ğŸ˜‚ğŸ˜‚i love your BTS ARMY FOREVER ğŸ’œ ğŸ’œ ğŸ’œ ğŸ’œ ğŸ’œ ğŸ’œ,2,0.992
75,1:15 FAKE CAKE ğŸ˜‚ğŸ˜‚ğŸ˜‚ğŸ˜‚ğŸ˜† Jin my bias ğŸ¤£ğŸ¥°ğŸ˜,0,0.9697
95,1:35 *suga sniffing his fingers after the cake akjshagausjsj*,0,0.0
74,1:14 idk what happened or what they're saying but im cackling,0,-0.0516
34,"0:34
Perfect vocal skills there",0,0.5719
24,0:24 JIKOOK SKWKEJEKD,0,0.0
41,0:41 why does or chim chim have to be so extra LOL only this fool would blow out a candle with one nostril,0,0.2291
97,1:37 jungkook really want to eat that cake..he touch his tummy so cuteğŸ˜‚ğŸ˜Šâ¤,0,0.9556
25,0:25 Ahh my heart.JIKOOK ğŸ˜ğŸ˜ğŸ˜ğŸ˜ğŸ˜ğŸ˜ğŸ’œğŸ’œ JIMINğŸ’– JUNGKOOK,0,0.9859
75,1:15 FAKEU CAKE JAJJAJAJA LMAO,0,0.6841
75,1:15-1:17 worldwide comedian,0,0.3818
74,1:14--1:17 Jin is so funny! He sang fake love  into fake cakeğŸ˜†,59,0.674
106,"1:46 look at RM.ğŸ˜‚ There is Jimin's birthday, but he is just playing with phone. ğŸ˜‚ğŸ˜‚ğŸ˜‚
I will never underatand himğŸ‘",1,0.9403
121,2:01 Jimin walking to big bro Namjoon to read it clearly..... Preciosos los amo ğŸ¥ºğŸ’•ğŸ’,0,0.7906
122,"2:02 when Jimin said ""Namjoon hyung"" Namjoon took a quick look and without a literal second to spare Namjoon already knew why Jimin called him ğŸ˜‚ so that he could translate the letter to Jimin ğŸ˜ğŸ˜

Jimin: Namjoon hyung *hands out the letter*
Namjoon: *looks at Jimin* m? *sees the letter*
Namjoon (in his mind: oh! Right the letter, i forgot it was written in English, welp, better translate it, it's from his father anyways...",0,0.902
121,2:01 I had to repeat this. I love joonies reaction to when jimin called him.,0,0.6369
83,"1:23 Mr. Jin and Mr. Jungkook be like..""untill when are you guys going to see this cake and not eat it?? I wanna eat the cake"" ğŸ¤£ğŸ¤£ğŸ¤£ğŸ¤£ğŸ¤£ğŸ¤£ğŸ¤£",0,0.9711
41,0:41 It looks like he blew the candle out with his nose! ğŸ˜‚ I love him so much. ğŸ’•,143,0.9377
133,2:13 the smile joon had.......,0,0.3612
133,"2:13 unuseful detail, but I noticed RM has Van's sticker on his phone ğŸ˜‚ğŸ’œ",1,0.8922
86,"01:26 01:54 02:00 02:07
Rm Who are you talking to on the phone? you don't need to hide from us ğŸ˜ğŸ’•ğŸ’•",83,0.9204
135,"2:15 Jimin is like ""my father is quite romantic......"" I really like how RMis there for everyone and when Jimin could not read it he asked RM. Love you jimin and rm and bts..........",0,0.9097
77,"1:17 JAJSJSJSKSJ Jin makes me cry with ""FAKE CAKE, FAKE CAKE"" ğŸ˜‚ğŸ˜‚",0,-0.7154
40,00:40 how he blow the candle..ğŸ˜‚,0,0.4404
96,"1:36 someone feed dat lil bunny,, the way he touch his tummy is so cute",0,0.5949
40,0:40 The boy blew the candle with his nose IM DEAD ğŸ˜‚ğŸ˜‚ğŸ˜‚,0,0.3954
120,2:00 looks like his son is walking to dad and then show your grade. Lol,0,0.6486
97,1:37 Jungkook wanted to eat the cakeğŸ˜‚ğŸ˜‚ğŸ˜‚ğŸ˜‚,3,0.891
133,2:13 RM SO CUTE  ğŸ˜­ğŸ˜­ğŸ˜­ğŸ˜­ğŸ˜­ğŸ’˜ğŸ’˜ğŸ’˜ğŸ’œğŸ’œğŸ’œ,0,0.955
41,0:41 Who copies who?,1,0.0
76,"1:16 FAKE CAKE 
OMG  JINğŸ˜­ğŸ˜‚ğŸ˜‚ğŸ˜‚ğŸ˜‚ğŸ˜‚ğŸ˜‚ğŸ˜‚ğŸ˜‚ğŸ˜‚ğŸ˜‚ğŸ˜‚ğŸ˜‚ğŸ˜‚ğŸ˜‚ğŸ˜‚ğŸ˜‚ğŸ˜‚ğŸ˜‚",1,0.9914
43,0:43 Tae Tae's mouth is so cute ğŸ˜‚ğŸ˜‚â¤,0,0.9308
19,0:19  *tae just casually eating a banana as jimin walks in*,0,0.1779
120,"2:00
*stares at flowers in handsome*",0,0.4939
24,0:24 ooo boyfriend is giving baby boy bouquet,43,0.34
33,"0:33 the HIGH note though ğŸ˜‚ğŸ˜‚ğŸ˜‚
HAPPY BIRTHDAY OPPA JIMIN, WISH U ALL THE BEST ğŸ˜Š WE LOVE U GUYS SM 
BY THE WAY I TRANSLATED THAT ğŸ‘‡
ìƒì¼ ì¶• í•˜ ğŸ‚ ë‹¹ì‹ ì— ê²Œ ëª¨ë“  ìµœê³ ì˜ ì†Œì›

ì§€ ë¯¼.
I FEEL LIKE IT'S WRONG BUT YEAAAAH 
I'll write your name in Arabic 
Ø¬ÙŠÙ…ÙŠÙ† = Jimin. I'm Assyrian by the way Arabic is my second language but I'm pro at it. â¤â¤â¤â¤â¤ bye Ø¨Ø§ÙŠ",0,0.9941
14,"0:14


that one person off que",0,0.0
8,0:08 who else is sad Tae didn't put hagelslag on his sandwitch,1,-0.4767
11,0:11 TEN SECONDS IN AND IM ALREADY GETTING BIASED WRECKED FROM HOSEOK,0,-0.4278
120,2:00 same energy.. when army seek for translation of what bangtan was saying or tweeted ğŸ˜‚,0,0.6124
123,2:03 i love how jimin call namjoon for helpğŸ¤™ğŸ»,0,0.8779
40,0:40 whY HE ACT LIKE THIS JKJKKJKSKKD,0,0.4995
74,"1:14 The new title track of next album has been leaked; ""fake cake"".",1,-0.6597
75,1:15 faka cake faka cake I'm so sorry jimin but it's a faka cakeâœŒğŸ˜,82,0.8372
96,1:36 jungkook when will I get the cake ğŸ˜˜ğŸ˜˜ğŸ˜˜ğŸ˜˜,0,0.8807
48,0:48 peep Taehyung black earpods,0,0.0
74,1:14  oh jin i love those vocals is it your new song?,0,0.6369
95,1:35 find someone who looks at u the way jin looks at the cake,0,0.0
75,1:15 Iâ€˜m done with my bias,0,-0.1027
96,1:36 Jin's look Ã  foodğŸ˜‚ğŸ˜‚ğŸ˜‚,0,0.8271
74,"1:14 My heart didn't take it, I laughed so hard ğŸ˜‚ğŸ˜‚ğŸ˜‚

0:01 Imagine you're his girl ğŸ˜",0,0.9519
23,0:23 JUNGKOOK AS YOUR BOYFRIEND HAHAHAğŸ’œ,0,0.8602
40,0:40 oneshotğŸ‘respect,0,0.0
9,"0:09 eating king VğŸ˜‚ğŸ¤¤ğŸ¤¤ğŸ˜šğŸ
0:16-0:32 Happy b'day jimin!ğŸ‚ğŸ‚
1:15 fake cake fake cakeğŸ˜‚ğŸ¤£ğŸ¤¤
1:38 what's happen to kookie and his stomachğŸ˜‚ğŸ˜‚ğŸ’œ
Yup belated birthday to the king jimin!ğŸ¤—ğŸ’œstay healthy and happy!",61,0.9838
23,0:23 seeing Jungkook offering those flowers to Jimin makes my jikook heart flutter ğŸ˜Œ,181,0.7783
12,"0:12 tae with that banana ğŸŒ though ğŸ˜‚ 

ìƒì¼ ì¶•í•˜í•´ ì§€ë¯¼ì´ ì˜¤ë¹   ğŸ˜ğŸ’ğŸ˜…",10,0.9136
15,0:15 is that tae's voice?lol he supposed to sing in advance,0,0.0
75,1:15 IM CRYING FJEJJSK,0,-0.5904
116,1:56 J-hope thighs  ..... !!!!,0,0.0
41,0:41 THIS IS WHAT I CALL *EPIC* .,0,0.0
58,0:58 - my lovely son ğŸ˜ğŸ˜,0,0.8689
48,0:48 did anyone notice that fake air pod in V's ear. Sorry V I don't speak broke,0,-0.2658
95,1:35 wait for jk's precious reaction when he saw jimin had his first bite,0,0.5719
75,"1:15 Jin : Fake Cake 

Jimin inside : *I'm so sick of this fake cake*",0,-0.887
40,0:40 Jimin blow the cake using his Nose ğŸ˜‚ lmao ğŸ˜‚ğŸ˜‚ğŸ˜‚,0,0.9382
125,"2:05-2:15 is the best, i can see namjoon's genuine smile there. Bangtan really is a familyğŸ’œ borahaeğŸ’œ",0,0.9442
47,0:47 I guarantee you he'll lose these new style airpods in like 2seconds after the video ends,0,0.2023
33,"0:33 you saying this is the best boy group in the world???








Alskkska I love themğŸ’ğŸ’",0,0.9614
96,1:36 get you a man that stares at you like Jin stares at cake,0,0.3612
30,0:30 and they say BTS can't sing!!!??? XD,0,-0.721
123,2:03 Jimin can't understand the letter from his father so he went to ask Namjoonie to translate it to him. Gosh! My hearteuğŸ’œ,0,0.6696
74,1:14 Jin ğŸ˜‚ğŸ˜‚ğŸ˜‚ FAKEU CAKE~  SKSKSJSJSK,0,0.8271
30,0:30 their accapella on each memberâ€™s birthday just keeps getting better..,0,0.4404
119,1:59 LOOK AT NAMJOONIES BIG EYES I CAN'T--,0,0.0
74,1:14 FAKE CAKE ğŸ¤£ğŸ¤£ğŸ¤£,1,0.6972
29,0:29 omo the HARMONISATION hahaha I love them so muchi,0,0.8316
76,"1:16
Nobody laughed at Seokjin's joke ğŸ˜‚
Don't worry baby I did ğŸ‘€ğŸ’•",0,0.9301
74,1:14 it's not fake love anymore it's fake cakeâ­•â­•,0,-0.6012
117,1:57 *i thought there was lettuce in the bouquet kdsfjldk*,0,0.0
11,0:11 jhope-- i-im fine thank u,0,0.5106
76,1:16. Really Jin? HAHAHAHAHAH,0,0.0
40,0:40 did he just blow the candle with he's nose     ğŸ˜‚ğŸ˜‚,0,0.7003
97,"1:37 Kookieee xD
Jimin just eats the cake with his hands while everyone watches him ğŸ¤£",0,0.7906
75,1:15 Jin my lungs skskskskks ğŸ˜‚ anyone else find it so precious how Jimin always bakes and decorates the cakes for the othersâ€™ birthdays but now itâ€™s his turn to receive one?,0,0.5887
123,2:03 Jimin asking my daddy for a translation of his dad's message ğŸ™„ğŸ™„ğŸ™„,0,0.0
17,0:17 Tae taking the crust off his pb& j sandwich and then eating an apple after and I bet the jam is strawberry!,0,0.0
2,0:02 That flower bouquet is huge...,2,0.3182
75,"1:15 
ã…‹ã…‹ã…‹ã…‹ã…‹ 
FAKE CAKE 
FAKE CAKE~",0,-0.8256
41,0:41 jimin blowing the candle with his noseğŸ˜‚...ohh godd he's sooo extra...ğŸ˜‚ that's why i love him soo muchâ¤ï¸..lil mochiğŸ’«ğŸ¤™â¤ï¸,34,0.8176
8,0:08 taehyung peeling the crust off his sandwich EYE,0,0.0
75,1:15   FAKEEUU CAKEEE ğŸ˜‚,1,0.4404
97,1:37 Jungkook is me at every Birthday party when it's time to cut the cake.ğŸ˜‚ğŸ˜‚,5,0.7506
76,1:16 Why no one talking about Jin being extra with his â€œFakeu cakeâ€?ğŸ˜‚,0,0.1779
97,1:37 did you guys see jk rubbing his belly while Jimin ate the cake ğŸ˜‚,1,0.5859
2,0:02 these beautiful flowers combine with the beauty of Jimin!!ğŸ˜»ğŸ˜»ğŸ’–ğŸ’–,0,0.98
58,"0:58 the note though ""mY lOvElY sOn"" ğŸ¤£",0,0.7906
75,"1:15 ""FAKeUU CAAAAAAKE"" ğŸ˜‚ğŸ˜‚ğŸ˜‚",0,0.8271
39,0:39-0:40 WTH HOSEOK YOU'RE SO------ OMGğŸ”¥,0,-0.7603
121,"02:01
The way Jimin asking Namjoon is the cutest ever!",0,0.6239
75,1:15 *FAKEU CAKE FAKEU CAKE*,0,0.0
75,1:15 FAKE CAKE FAKE CAKE!!! ğŸ˜‚ğŸ’œğŸ’•,0,0.6818
40,0:40 did he just blow the candle by closing one nostril and exhaling through second one??? Jungkook taught him wellğŸ¤¦â€â™€ï¸ğŸ˜‚,1,0.6747
7,0:07 V doesn't like the crust of the bread? Haha I can relate,0,0.224
73,1:13 FAKE CAKE and BTS HIT OR MISS is they New songs xd,0,-0.3326
7,0:07 Tae removing the crusts of his toast. A whole baby ğŸ¤§,0,0.0
5,"00:05 a boyfriend comes to give the bucket for his lover
00:23 his lover receive it

ohh my hearteu ğŸ’œğŸ’œğŸ’œ",0,0.969
121,2:01  Jimin's dad be like 'now you know how your international army feels',0,0.3612
80,"1:20 kookie is waiting that ""when can i eat cake"" ğŸ˜‚ don't mind me, just joking ğŸ˜‚ğŸ¤£ğŸ˜‚ i love him so much ğŸ˜˜ğŸ˜˜ğŸ˜˜ğŸ˜˜ğŸ˜˜",0,0.9834
98,1:38 Kookie and Jin are salivating real bad. Share cake with them juceyo,0,-0.3182
98,1:38 Jungkook rubbing his tummy while watching Jiminie tasting cake is so cuteğŸ˜‚ğŸ˜‚,0,0.8647
40,0:40 jimin just blew out the candle with his nose what the-,0,0.0
47,0:47 TAE GOT BLACK AIRPODS???,20,0.0
135,2:15 the way namjoon looks at him.. like a proud older brother! ğŸ˜ğŸ˜­,0,0.6996
65,1:05 -1:07 what is rapmon doing in the back .guess he is in destruction mode,85,-0.5719
35,0:35 I love their extraness ğŸ˜‚ğŸ˜‚,85,0.875
57,0:57 the way he said â€˜my lovely son okâ€™ took all my uwus,3,0.5859
121,2:01 ah maybe RM chat with me haha,0,0.4588
121,"2:01 Jimin went to Joon to ask for translation = international army to Google Translate everytime BTS posted something on twitter or fancafe. *SAME, BOY, SAME.*",454,0.0
76,1:16 JIN IS SO EXTRA KSHSJSJ FAKE CAKEEE,0,-0.6962
89,1:29 RM what happen with you? Ah i know he is chat line with me. LOL,0,0.5473
74,"1:14 - Jin wtf XDDDDDDDDD
Fake cake :"") â™¡",0,-0.7845
33,0:33 jin and jhope make me laugh ğŸ˜‚ğŸ˜‚ğŸ˜‚ğŸ˜‚,4,0.9349
9,0:09 A Bangtan Bomb ain't a Bangtan Bomb without Joonie holding a phone in the background ğŸ˜‚,0,0.3244
74,1:14 FAKEU CAAAKEEEE,0,0.0
76,"1:16 -1:37 jin ,jhope, suga and jk's faceu be like ""you jamless jimin you better share the cake with us """,43,0.765
133,"2:13 
"" i love you ""
He's dad so sweet ğŸ˜­",0,0.691
96,"1:36 JK : ""ë°°ê³ í”„ë‹¤..."" (I'm hungry) lol
Me: wait, imma buy you all of the cake in the store and the factory as well",50,0.7603
75,1:15 The way Jin sang faking cakeğŸ˜‚ğŸ˜‚,0,0.4588
133,2:13 RMâ€™s phone case,0,0.0
41,0:41 Do y'all remember? ğŸ¤£ğŸ¤£ğŸ¤£,0,0.8625
123,2:03 *Such a heartwarming interaction*,0,0.4767
40,0:40 *[hoseok daddy activated]*,0,0.0
10,0:10 WE NEED SLEEVELESS J-HOPE MORE THANK YOU VERY MUCH,0,0.6439
75,1:15 Fake love what? I only know Fakeu cakeu ğŸ˜‚,11,0.6124
40,0:40 Hobi's arms thooo,0,0.0
75,1:15 â€œFake Cakeee fake cakeeeâ€. StOb It YoU aRe So CuTe. ğŸ’œğŸ’œ,0,0.8868
65,"1:05 is that JK who said ""Haha Lovelyz"" ???",0,0.733
62,1:02 CANâ€™T FOCUS from hoseok arms WTFFF,0,0.0
29,0:29 That harmonizing though,0,0.34
7,"0:07 tae casually peeling off the crust, same boi ... same",1,0.1779
10,0:10  J Hope ğŸ’œğŸ’œğŸ˜ğŸ˜ğŸ˜™ğŸ˜™,0,0.9844
75,"1:15
OMG he's sooo extrağŸ¤£ğŸ¤£",0,0.7506
125,"2:05 Suga voice
I know Suga can translate for Jimin ğŸ’™",1,0.6369
133,2:13 you can see van in RM's phone case OMG,0,0.0
75,1:15 Jin fake Cake ğŸ˜‚ğŸ˜‚l Looooooove yoou so mush.ğŸ˜,2,0.2911
133,"2:13 namminğŸ¨ğŸ’œğŸ¥
see how daddy namjoon see Jimin, I want to be looked at like that tooğŸ˜ğŸ˜£",0,0.875
67,1:07 what is rm doing ?? Hope he didn't broke the wall,23,0.68
41,"0:41
A new way to blow your cake...ğŸ˜‚",0,0.4404
122,2:02 Namjoon doing his job as the translater againğŸ˜†,10,0.3612
122,02:02 when you have your personal translator hyungğŸ˜‚ğŸ˜‚ğŸ’œğŸ’œğŸ’œâœŒ,1,0.9705
32,00:32 - 00:37 *Are they Suga and Hobi?*,2,0.0
114,1:54 what is Namjoo doing in the Background ? is he reading FanFiction ? looks like it lmao,0,0.7757
57,0:57 I can't stop repeating this ğŸ˜,1,0.5978
127,2:07 curly hair...jimin...im dyingğŸ˜­ğŸ˜­ğŸ˜­ğŸ˜­ğŸ˜­ğŸ˜­ğŸ˜­ğŸ˜­ğŸ˜­,5,-0.9796
76,1:16 ğŸ¶ğŸ¶ğŸ¶ğŸ˜‚ğŸ˜‚FAKE CAKE.......ğŸ¶ğŸ¶ğŸ¶ğŸ¶,0,0.25
76,1:16 ğŸ¶ğŸ¶ğŸ¶ğŸ˜‚ğŸ˜‚FAKE CAKE.......ğŸ¶ğŸ¶ğŸ¶ğŸ¶,0,0.25
122,"2:02 Jimin's so cute going to Namjoon ğŸ˜¢



Also Namjoon is *gorgeous* like wow, I'm dead",0,0.7761
119,1:59 jINNN? WHERE IS JIN?? I onLY FLOWERS WHERE IS MY JIIIIIIIIN??????,9,0.0
97,1:37 Awww...kookie is hungryğŸ˜™ğŸ˜™ğŸ˜™somebody please give this kid a piece of cake ğŸ˜ğŸ˜,27,0.9806
113,1:53 that adorable SMILE my day is already 1000 times better,0,0.8531
40,0:40 even the way he blows out candles is cute!! Lol! Love you bangtan!!,53,0.9036
1,"0:01 This is a secret, but JK bought that flower for me. Please don't tell anyone",21,0.7506
121,"2:01 Omggg!! see cute Jimin wanna know the letter from his fatherğŸ˜‚ he need translate, how cute is that... Awwwwww",0,0.8585
122,2:02 I'm in love with this part,0,0.6369
76,01:16 JAJAJAJAJAJAJAJA MI AMOR SEOKJIN FAKE CAKE ğŸ’—ğŸ’—ğŸ’—,0,0.9559
76,01:16 JAJAJAJAJAJAJAJA MI AMOR SEOKJIN FAKE CAKE ğŸ’—ğŸ’—ğŸ’—,0,0.9559
15,0:15 who sing??? ğŸ˜‚,0,0.533
40,"0:40 I SCREAM LSKSKWSKPQ
I LOVE YOU PARK JIMIN",0,0.3612
1,0:01 imagine jk bought this flower for me :)),0,0.2263
75,1:15 fake cake omg so cute Jin in my heart,104,0.7155
41,"0:41 Jimin blowing the candle with his nose, lmao i really stan crackheads",2,0.5994
97,1:37 poor baby jk is hungly,0,-0.296
67,1:07 Joonie spinning in the bg being his baby boy self can he stop being cute for one sec ğŸ˜¢,0,-0.3182
135,"2:15 Did jimin just say ""appa romantic"" after rm read the message on the card? AwwğŸ’œ",40,0.7845
58,0:58 my lovely son ğŸ˜‚ğŸ˜‚and then Jin 1:01 my lovely sonaso,0,0.8625
104,1:44 Namjoon is me in every family gathering lol,0,0.4215
49,"0:49 tae wearing them airpods
we stan rich legends",0,0.5574
75,1:15 bts comeback song 2019ğŸ˜‚,0,0.4404
126,2:06 Rm is like a father wishing his son a happy birthday ğŸ˜ğŸ˜­,5,0.7906
90,"1:30 I...I...noone is actually trying...i...whooaaat? Why do they all look like princes from idkwhere?! 







Why cant someone like you 7 men exist in my lifeğŸ˜µğŸ˜µ",2,-0.47
74,1:14   FAKE-AA  CAKEEE~~ ğŸ˜,0,0.4588
40,0:40 The fact that he blew the candle with his nose haha how cute,0,0.7184
75,1:15 HAHAHAHAHA I CAN'T,0,0.0
96,1:36 You literally see JK mouthing â€œim hungryâ€ while petting his stomach when jimin take the bit if cake XD,0,0.8001
34,0:34 And here's hobi being extra ğŸ˜‚â™¡,0,-0.2263
76,"1:16 his vocals 
Fake cake",1,-0.4767
11,0:11 okay Jhope ...u had to do that?!,0,0.2942
124,2:04 jimin came to Namjoon to translate him the letter awww that's the cutestğŸ˜«ğŸ’ğŸ’ğŸ’,0,0.9413
75,1:15 I'm so sick of this fakeu cakeeee,1,-0.6418
41,0:41 tutorial how to blow candle for your birthday cake...,0,0.0
75,"1:15 ""FAKEU CAKE, FAKEU CAKE"" ğŸ˜‚ğŸ˜‚",0,0.7003
127,2:07 he really gave it to joon to translateğŸ˜­ğŸ˜­ğŸ˜­ğŸ˜­ my heartğŸ˜­ğŸ˜­ğŸ˜­ğŸ˜­,24,-0.9618
76,1:16 omg jin stOP you're so embarrassing lol but this is why i love him with all of my functioning organs uwu,0,0.7425
33,0:33 Namjoon being extra af ğŸ˜‚,0,0.4404
33,0:33 WORLDWIDE SINGERS ARE SHOOK ğŸ¥´,1,-0.2808
136,2:16 did he just said romantic or what?,37,0.4019
75,1:15 thank me later lmao,0,0.7506
75,1:15 HAHAHA JIN,3,0.6523
74,1:14 Fake love who??? i only know fake cake ğŸ˜‚ğŸ˜Œ,60,0.6174
43,"0:43 please protec this baby eating
1:15 fakeu cake",38,0.3182
